date,division,Patients,max temp,min temp,rainfall,humidity
1/1/2022,Barishal,1,24.2,15.2,0,76
1/2/2022,Barishal,0,23.8,14.4,0,79
1/3/2022,Barishal,0,23.9,14.5,0,81
1/4/2022,Barishal,1,24.2,14.1,0,77
1/5/2022,Barishal,0,24.3,14.1,0,82
1/6/2022,Barishal,0,25,14.3,0,82
1/7/2022,Barishal,0,25.6,15.6,0,78
1/8/2022,Barishal,0,26.2,15.7,0,75
1/9/2022,Barishal,0,26.4,15.5,0,74
1/10/2022,Barishal,0,26.8,15.7,0,76
1/11/2022,Barishal,0,27.1,16.8,0,73
1/12/2022,Barishal,1,23.3,18.4,3.4,83
1/13/2022,Barishal,0,24.9,16.5,0,84
1/14/2022,Barishal,0,21.9,17.1,1.5,82
1/15/2022,Barishal,0,23.1,16.2,0,76
1/16/2022,Barishal,0,24.3,14.6,0,69
1/17/2022,Barishal,0,23.9,13,0,72
1/18/2022,Barishal,0,24.2,13.6,0,77
1/19/2022,Barishal,0,24.2,14.1,0,77
1/20/2022,Barishal,0,23.5,13.4,0,75
1/21/2022,Barishal,0,24.7,14,0.2,72
1/22/2022,Barishal,0,24.3,15.7,1.2,78
1/23/2022,Barishal,0,25.5,15.9,0.5,77
1/24/2022,Barishal,0,20.4,16.8,3.3,88
1/25/2022,Barishal,0,24.6,15.3,0.2,82
1/26/2022,Barishal,0,25.1,17.9,1,80
1/27/2022,Barishal,0,23.6,15.6,0.6,78
1/28/2022,Barishal,0,22.4,13.6,0,66
1/29/2022,Barishal,0,21.1,12,0,68
1/30/2022,Barishal,0,22.8,11.4,0,73
1/31/2022,Barishal,0,23.9,12.2,0,72
2/1/2022,Barishal,0,25.6,15.2,0.5,80
2/2/2022,Barishal,0,25.8,14.4,0.3,84
2/3/2022,Barishal,0,26.4,16.6,0,81
2/4/2022,Barishal,0,27.3,16.6,5.4,78
2/5/2022,Barishal,0,23.9,15.6,5.1,76
2/6/2022,Barishal,0,22.6,12.5,0,68
2/7/2022,Barishal,0,23.6,12.9,0,76
2/8/2022,Barishal,0,24.4,13.7,0,74
2/9/2022,Barishal,0,25.5,13.8,0,75
2/10/2022,Barishal,0,25.6,16.4,0,75
2/11/2022,Barishal,0,24.9,15.2,0.2,81
2/12/2022,Barishal,3,24.4,15.1,0,66
2/13/2022,Barishal,0,25.7,14.4,0,62
2/14/2022,Barishal,2,26.7,14.3,0,63
2/15/2022,Barishal,0,26.8,13.5,0,64
2/16/2022,Barishal,0,27.3,13.7,0,59
2/17/2022,Barishal,0,27.9,13.9,0,58
2/18/2022,Barishal,0,27.8,16.1,0,54
2/19/2022,Barishal,0,28.3,14.4,0,54
2/20/2022,Barishal,0,27.5,14.6,7.5,74
2/21/2022,Barishal,0,27.5,16.9,0,74
2/22/2022,Barishal,0,27.5,16.6,0,75
2/23/2022,Barishal,0,28.3,16.9,0.2,76
2/24/2022,Barishal,0,29,17.1,0,78
2/25/2022,Barishal,0,30.1,16.8,0,73
2/26/2022,Barishal,0,30.7,18.5,0,69
2/27/2022,Barishal,0,30.9,17.9,0.9,66
2/28/2022,Barishal,0,31,19.4,0,69
3/1/2022,Barishal,0,31.4,19,0,63
3/2/2022,Barishal,0,30.9,19.5,0,56
3/3/2022,Barishal,0,31.9,17.9,0,62
3/4/2022,Barishal,0,31.8,18.8,0,55
3/5/2022,Barishal,0,33.1,19.1,0,55
3/6/2022,Barishal,0,32.1,18.7,0,57
3/7/2022,Barishal,0,32.7,18.7,0,56
3/8/2022,Barishal,0,33.2,19.1,0,56
3/9/2022,Barishal,0,33.2,19.8,0,57
3/10/2022,Barishal,0,33.4,18.7,0,54
3/11/2022,Barishal,0,33.4,19,0,52
3/12/2022,Barishal,0,33.5,19.3,0,53
3/13/2022,Barishal,0,34.5,19.4,0,53
3/14/2022,Barishal,0,34.1,19.4,0,56
3/15/2022,Barishal,0,34.9,20.4,0,53
3/16/2022,Barishal,0,35.6,19.7,0,58
3/17/2022,Barishal,0,35.3,20.4,0,62
3/18/2022,Barishal,0,36.2,21.2,0,54
3/19/2022,Barishal,0,36.2,21.1,0,55
3/20/2022,Barishal,0,35.1,20.6,0,61
3/21/2022,Barishal,0,34.8,21.3,0,70
3/22/2022,Barishal,0,35.6,22.4,0,71
3/23/2022,Barishal,0,36.9,23.5,0,68
3/24/2022,Barishal,0,34.6,24.3,0.2,73
3/25/2022,Barishal,0,34,24.7,0.6,71
3/26/2022,Barishal,0,33.2,26.1,7.9,73
3/27/2022,Barishal,0,34.2,24.3,5,80
3/28/2022,Barishal,0,36,24,1,76
3/29/2022,Barishal,0,34.4,24.9,3.5,78
3/30/2022,Barishal,0,34.1,25.3,1.1,75
3/31/2022,Barishal,0,33.9,24.7,0.7,75
4/1/2022,Barishal,0,33.6,25.5,0.1,73
4/2/2022,Barishal,0,34.7,25.9,0.8,70
4/3/2022,Barishal,0,33.2,24.8,1.6,76
4/4/2022,Barishal,0,34,26,0.2,69
4/5/2022,Barishal,0,34.7,25.3,0,69
4/6/2022,Barishal,0,35.3,25.3,0.1,71
4/7/2022,Barishal,0,36.5,24.4,0,71
4/8/2022,Barishal,0,35.7,24.2,0,73
4/9/2022,Barishal,0,35,24.8,0.1,74
4/10/2022,Barishal,0,34.9,25,0.4,74
4/11/2022,Barishal,0,34.7,26.2,0.5,73
4/12/2022,Barishal,0,35.6,26.2,0.3,71
4/13/2022,Barishal,0,34.4,25.1,0.1,73
4/14/2022,Barishal,0,34.7,26.6,0,74
4/15/2022,Barishal,0,35.7,26.8,0,74
4/16/2022,Barishal,0,34.5,26.9,0.2,73
4/17/2022,Barishal,0,36,26.4,0,71
4/18/2022,Barishal,0,35.5,26.4,0,73
4/19/2022,Barishal,0,35.9,26.3,0.1,71
4/20/2022,Barishal,0,34.2,23.9,11.5,78
4/21/2022,Barishal,0,30.3,24.3,3.3,82
4/22/2022,Barishal,0,32.7,25.3,4.3,83
4/23/2022,Barishal,0,35.9,26.2,1,76
4/24/2022,Barishal,0,36.5,26.3,0,77
4/25/2022,Barishal,0,37,26.3,0,76
4/26/2022,Barishal,0,36.3,26.4,0,76
4/27/2022,Barishal,0,36.5,26,0.1,74
4/28/2022,Barishal,0,38.3,25.6,0,73
4/29/2022,Barishal,0,37.4,26.1,0,74
4/30/2022,Barishal,0,37.2,24.4,4.1,70
5/1/2022,Barishal,0,36.4,24.3,8.2,71
5/2/2022,Barishal,0,33.6,24.7,9.4,78
5/3/2022,Barishal,0,29.8,24.1,14.6,86
5/4/2022,Barishal,0,30.1,23.5,18.2,84
5/5/2022,Barishal,0,30.7,22.6,12.5,84
5/6/2022,Barishal,0,31.6,24.3,3.2,83
5/7/2022,Barishal,0,32.3,25.3,0.1,82
5/8/2022,Barishal,0,33.2,24.9,0,76
5/9/2022,Barishal,0,27.9,25.1,33.9,91
5/10/2022,Barishal,0,29.7,24.7,3.6,87
5/11/2022,Barishal,0,30.5,25.7,4.9,87
5/12/2022,Barishal,0,31.9,25.1,4.2,83
5/13/2022,Barishal,0,31.6,27.2,4.5,79
5/14/2022,Barishal,0,32.7,27.8,0.2,77
5/15/2022,Barishal,0,33.4,27.7,0,77
5/16/2022,Barishal,0,33.7,27.8,0.4,77
5/17/2022,Barishal,0,33.5,27.7,0.9,77
5/18/2022,Barishal,0,33.9,27.5,9.6,79
5/19/2022,Barishal,0,32.6,27.7,5.7,82
5/20/2022,Barishal,0,32.3,27.4,4.4,79
5/21/2022,Barishal,0,34.8,27.1,1.6,77
5/22/2022,Barishal,0,33.6,27.4,6.5,81
5/23/2022,Barishal,0,32.3,26.3,5.8,80
5/24/2022,Barishal,0,33.3,25.5,0,76
5/25/2022,Barishal,0,33.8,25.8,2,81
5/26/2022,Barishal,0,32.7,24.8,2.9,81
5/27/2022,Barishal,0,32.5,24.7,42.7,88
5/28/2022,Barishal,0,33,26.5,3,85
5/29/2022,Barishal,0,32.7,27.1,9.4,85
5/30/2022,Barishal,0,31.9,24.9,6.1,84
5/31/2022,Barishal,0,32.2,24.7,7.7,84
6/1/2022,Barishal,0,31.4,25.5,14.2,84
6/2/2022,Barishal,0,31.1,24.6,15.1,87
6/3/2022,Barishal,0,30.4,26.6,9,86
6/4/2022,Barishal,0,32,27.2,0.7,83
6/5/2022,Barishal,0,33.3,26.5,1.6,81
6/6/2022,Barishal,0,33.9,27.2,1.4,78
6/7/2022,Barishal,0,33.2,27.4,5.1,78
6/8/2022,Barishal,0,32.6,27.4,1.3,78
6/9/2022,Barishal,0,32.6,26.5,6.6,84
6/10/2022,Barishal,0,32.5,27.2,1.3,81
6/11/2022,Barishal,0,32.2,26.7,3.9,78
6/12/2022,Barishal,0,33.4,27.9,0.6,77
6/13/2022,Barishal,0,33.5,28.1,4.1,79
6/14/2022,Barishal,0,31.9,28.2,7.7,79
6/15/2022,Barishal,0,33,27.6,13.9,81
6/16/2022,Barishal,0,30.4,27.1,7.4,85
6/17/2022,Barishal,0,29.8,25.8,13.9,85
6/18/2022,Barishal,0,28.8,25.5,34.4,90
6/19/2022,Barishal,0,28.7,25.5,42.1,89
6/20/2022,Barishal,0,27.5,24.4,37.1,92
6/21/2022,Barishal,0,28.8,23.9,29.9,90
6/22/2022,Barishal,0,30.6,23.9,14.6,85
6/23/2022,Barishal,0,30.3,25.8,3.3,84
6/24/2022,Barishal,0,30.3,25.8,2,84
6/25/2022,Barishal,0,30.2,25.7,2.5,82
6/26/2022,Barishal,0,31.2,25.8,1.7,81
6/27/2022,Barishal,0,31.9,26.4,1.4,82
6/28/2022,Barishal,0,31.1,26.8,7.5,83
6/29/2022,Barishal,0,30.5,26.3,6.9,85
6/30/2022,Barishal,0,29.9,25.9,7.7,87
7/1/2022,Barishal,0,30.5,24.7,29.1,88
7/2/2022,Barishal,0,30.5,25.5,2.2,85
7/3/2022,Barishal,4,30.3,25.9,13.8,85
7/4/2022,Barishal,0,31.2,25.8,5.5,84
7/5/2022,Barishal,0,30.9,26.6,2.8,84
7/6/2022,Barishal,0,30.8,25.9,8.4,84
7/7/2022,Barishal,0,31.6,25.9,5.6,83
7/8/2022,Barishal,0,31.7,25.9,1.6,82
7/9/2022,Barishal,0,31.3,25,1.7,81
7/10/2022,Barishal,0,31.2,26.7,1,82
7/11/2022,Barishal,0,30.9,26.8,2.6,81
7/12/2022,Barishal,0,31.5,26.7,1.5,81
7/13/2022,Barishal,0,31.6,26.7,1.5,80
7/14/2022,Barishal,0,31.7,26.1,1.8,80
7/15/2022,Barishal,0,31.3,27.3,1.5,80
7/16/2022,Barishal,4,31.5,27.1,4.1,81
7/17/2022,Barishal,1,30.9,27.1,4.1,82
7/18/2022,Barishal,2,31.5,26.8,3.1,81
7/19/2022,Barishal,0,31.6,26.5,4.9,83
7/20/2022,Barishal,0,31,26.7,8.5,86
7/21/2022,Barishal,1,32,26,3.7,83
7/22/2022,Barishal,0,32.4,26.1,1.7,82
7/23/2022,Barishal,0,29.7,26.6,26.5,87
7/24/2022,Barishal,0,30,25.9,11.3,87
7/25/2022,Barishal,0,29.6,24.8,31.9,90
7/26/2022,Barishal,3,30.5,25.8,8.9,89
7/27/2022,Barishal,0,32.1,25.3,1.3,83
7/28/2022,Barishal,0,32.2,25.9,3.5,85
7/29/2022,Barishal,0,32.6,25.8,0.7,84
7/30/2022,Barishal,0,34,27,0.4,78
7/31/2022,Barishal,0,33.6,26.9,2.2,79
8/1/2022,Barishal,0,33.1,27,5.3,84
8/2/2022,Barishal,0,31.3,26.3,9.9,87
8/3/2022,Barishal,0,31.5,27.2,6.5,87
8/4/2022,Barishal,0,31.7,26.1,3.9,84
8/5/2022,Barishal,0,32.4,26.4,10.2,82
8/6/2022,Barishal,0,31.3,26.7,4.9,83
8/7/2022,Barishal,0,32.3,26.3,2.8,82
8/8/2022,Barishal,0,31.1,26.1,7.6,84
8/9/2022,Barishal,0,29.5,25.7,8.1,85
8/10/2022,Barishal,0,27.9,25.5,15.4,90
8/11/2022,Barishal,0,26.8,24.6,39,94
8/12/2022,Barishal,0,31,24.8,1.7,85
8/13/2022,Barishal,1,30.7,26.1,3.3,85
8/14/2022,Barishal,1,28,25.5,16.8,89
8/15/2022,Barishal,1,30.1,26.2,1,84
8/16/2022,Barishal,1,32.3,25.6,1.2,85
8/17/2022,Barishal,1,32.4,26.4,2.4,86
8/18/2022,Barishal,0,35.2,26.9,17.2,83
8/19/2022,Barishal,0,28.1,25.7,14.8,87
8/20/2022,Barishal,6,31.2,25.2,10.9,83
8/21/2022,Barishal,0,31.6,25.9,5.6,83
8/22/2022,Barishal,2,32.3,26,6.2,87
8/23/2022,Barishal,0,29.6,25.5,28.2,88
8/24/2022,Barishal,0,29.9,25.8,5,83
8/25/2022,Barishal,4,32.2,25,0.5,81
8/26/2022,Barishal,0,33.1,25.2,0,81
8/27/2022,Barishal,3,31.6,26.7,1.6,85
8/28/2022,Barishal,4,31.7,26.6,3.2,83
8/29/2022,Barishal,2,32.5,25.8,1.5,84
8/30/2022,Barishal,4,33.3,25.7,0.4,80
8/31/2022,Barishal,5,32.8,26.5,1.1,82
9/1/2022,Barishal,4,32.5,26.8,6.1,84
9/2/2022,Barishal,0,32.3,26.7,4.5,83
9/3/2022,Barishal,2,33.2,26.9,5.9,84
9/4/2022,Barishal,10,32.8,27.2,7.3,84
9/5/2022,Barishal,6,31,26.3,4.3,87
9/6/2022,Barishal,9,31.3,26.3,11.7,87
9/7/2022,Barishal,6,32.5,26.3,1.3,85
9/8/2022,Barishal,20,32.9,26.9,0.1,80
9/9/2022,Barishal,0,32.6,26.6,3.1,82
9/10/2022,Barishal,8,30.1,25.4,19.3,87
9/11/2022,Barishal,11,28.4,24.8,45.9,93
9/12/2022,Barishal,18,26.2,24.3,58.6,94
9/13/2022,Barishal,15,27.4,24,54.3,94
9/14/2022,Barishal,8,26.5,24.2,40.6,94
9/15/2022,Barishal,8,30.3,24,13.4,89
9/16/2022,Barishal,0,31.1,24.3,24.4,89
9/17/2022,Barishal,17,31.7,24.7,14.3,88
9/18/2022,Barishal,11,31.5,25.8,1.1,88
9/19/2022,Barishal,19,29,26.3,9.8,86
9/20/2022,Barishal,13,29.9,25.9,3.7,83
9/21/2022,Barishal,17,30.5,25.9,3.6,83
9/22/2022,Barishal,17,31,25.7,6,86
9/23/2022,Barishal,1,31.1,25.6,1.1,83
9/24/2022,Barishal,9,31.5,25.2,6,85
9/25/2022,Barishal,19,30.7,25.4,13.2,86
9/26/2022,Barishal,14,31.3,26,13.8,88
9/27/2022,Barishal,17,31.1,25.2,12.3,88
9/28/2022,Barishal,19,30.5,25.4,5.8,89
9/29/2022,Barishal,21,32.4,26.1,0.4,85
9/30/2022,Barishal,2,33.6,26.4,0,81
10/1/2022,Barishal,17,32.3,25.7,18.5,89
10/2/2022,Barishal,44,28,25.7,15.7,91
10/3/2022,Barishal,23,27.2,24.8,27.4,92
10/4/2022,Barishal,24,30.8,24.7,12.1,87
10/5/2022,Barishal,6,31.2,26,5.3,86
10/6/2022,Barishal,35,30.9,25.3,15.4,88
10/7/2022,Barishal,1,31.7,24.9,0,82
10/8/2022,Barishal,42,32,25.3,1.1,84
10/9/2022,Barishal,9,31.7,25.7,4.1,85
10/10/2022,Barishal,51,30.4,25.6,1.8,87
10/11/2022,Barishal,34,30.8,25.3,7.1,89
10/12/2022,Barishal,49,30.5,25,7.6,88
10/13/2022,Barishal,40,30.7,25.2,10.3,87
10/14/2022,Barishal,20,30.6,24.9,11.2,87
10/15/2022,Barishal,51,31.2,25.3,0,83
10/16/2022,Barishal,47,31.5,24.4,0,77
10/17/2022,Barishal,68,31.5,24.1,0,80
10/18/2022,Barishal,44,31.1,24.8,6.1,84
10/19/2022,Barishal,42,29.5,25.1,12.4,86
10/20/2022,Barishal,72,31.6,24.3,0,75
10/21/2022,Barishal,10,31.9,23.9,0,76
10/22/2022,Barishal,82,32.8,24.2,0,76
10/23/2022,Barishal,75,28.5,24.2,10.8,87
10/24/2022,Barishal,48,26.3,21.8,93.1,92
10/25/2022,Barishal,16,28.1,21.6,0.5,82
10/26/2022,Barishal,54,29.9,21.2,0,81
10/27/2022,Barishal,76,28.6,21.3,0.3,82
10/28/2022,Barishal,7,29.1,21.2,0,75
10/29/2022,Barishal,91,29.4,20,0,78
10/30/2022,Barishal,57,30.1,20.8,0,78
10/31/2022,Barishal,75,30.8,22.1,0,81
11/1/2022,Barishal,51,31.1,23.4,0,81
11/2/2022,Barishal,72,30.4,23.4,0,78
11/3/2022,Barishal,60,29.1,22,0,78
11/4/2022,Barishal,21,28.6,20.1,0,74
11/5/2022,Barishal,69,29,21.6,0,74
11/6/2022,Barishal,65,29.2,19.7,0,79
11/7/2022,Barishal,69,29,20.5,0,77
11/8/2022,Barishal,52,28.6,19.2,0,72
11/9/2022,Barishal,53,28.9,19,0,76
11/10/2022,Barishal,53,29,20.3,0,75
11/11/2022,Barishal,6,28.6,19.9,0,75
11/12/2022,Barishal,20,28.4,20.1,0,74
11/13/2022,Barishal,62,28.3,19.2,0,72
11/14/2022,Barishal,60,27.7,19.1,0,74
11/15/2022,Barishal,43,27.5,18,0,77
11/16/2022,Barishal,43,27.7,18.2,0,80
11/17/2022,Barishal,34,28.1,18.8,0,75
11/18/2022,Barishal,4,27.8,19.1,0,70
11/19/2022,Barishal,31,28.2,18.3,0,73
11/20/2022,Barishal,46,29.7,20.6,0,72
11/21/2022,Barishal,33,28.9,21.2,0,70
11/22/2022,Barishal,34,27.4,19,0,69
11/23/2022,Barishal,35,27.4,17.4,0,73
11/24/2022,Barishal,38,27.2,17.5,0,71
11/25/2022,Barishal,0,27.8,18,0,77
11/26/2022,Barishal,38,27.7,17.3,0,77
11/27/2022,Barishal,24,27.9,16.9,0,74
11/28/2022,Barishal,19,28.8,18.6,0,74
11/29/2022,Barishal,18,28.5,21.4,0,71
11/30/2022,Barishal,20,30,21.8,0,70
12/1/2022,Barishal,20,28.7,20.4,0,67
12/2/2022,Barishal,3,27.9,18.1,0,71
12/3/2022,Barishal,16,27.2,17.4,0,70
12/4/2022,Barishal,11,26.8,16.4,0,72
12/5/2022,Barishal,12,27.1,17.4,0,75
12/6/2022,Barishal,9,27.1,16.7,0,75
12/7/2022,Barishal,18,26.5,17.3,0,74
12/8/2022,Barishal,10,26.2,16.8,0,74
12/9/2022,Barishal,4,26.4,16,0,73
12/10/2022,Barishal,11,26.4,15.4,0,76
12/11/2022,Barishal,15,26.7,16.3,0,74
12/12/2022,Barishal,19,27.1,16.1,0,75
12/13/2022,Barishal,10,27,16.6,0,75
12/14/2022,Barishal,9,27.5,17.2,0,77
12/15/2022,Barishal,6,25.8,16.6,0,77
12/16/2022,Barishal,0,25.1,14.7,0,75
12/17/2022,Barishal,11,25.5,14.6,0,77
12/18/2022,Barishal,7,25.9,15.6,0,76
12/19/2022,Barishal,10,25.2,14.3,0,79
12/20/2022,Barishal,3,25.9,14.5,0,77
12/21/2022,Barishal,3,25.6,15.5,0,78
12/22/2022,Barishal,3,25.7,15.8,0,79
12/23/2022,Barishal,0,25.8,16.2,0,75
12/24/2022,Barishal,5,25.2,13.8,0,72
12/25/2022,Barishal,0,27,14.2,0,72
12/26/2022,Barishal,10,27.9,15.7,0,79
12/27/2022,Barishal,3,26.4,16.9,3.6,89
12/28/2022,Barishal,4,26.1,18.5,0.7,86
12/29/2022,Barishal,7,24.7,15.5,0,75
12/30/2022,Barishal,0,23.9,13.8,0,75
12/31/2022,Barishal,2,24.4,15.2,0,77
1/1/2023,Barishal,6,24.8,14.5,0,77
1/2/2023,Barishal,3,25.1,15.2,0,77
1/3/2023,Barishal,5,24.3,14.8,0,74
1/4/2023,Barishal,4,23.7,14.4,0,78
1/5/2023,Barishal,1,23.3,14,0,82
1/6/2023,Barishal,1,23,12.7,0,82
1/7/2023,Barishal,0,22.4,12.3,0,84
1/8/2023,Barishal,10,24.2,13.2,0,87
1/9/2023,Barishal,2,25.7,15.1,0,82
1/10/2023,Barishal,0,25.8,15.4,0,79
1/11/2023,Barishal,0,24.5,13.8,0,76
1/12/2023,Barishal,1,23.8,11.8,0,72
1/13/2023,Barishal,0,26.3,13.1,0,76
1/14/2023,Barishal,1,26.6,15.7,1.1,85
1/15/2023,Barishal,1,25.7,17.6,1.9,79
1/16/2023,Barishal,0,24.7,15.6,0,73
1/17/2023,Barishal,0,24.2,15.6,0,77
1/18/2023,Barishal,0,24,15.3,0,76
1/19/2023,Barishal,0,23.6,14.7,0,70
1/20/2023,Barishal,0,24.1,12.2,0,69
1/21/2023,Barishal,0,25.2,12.2,0,69
1/22/2023,Barishal,3,26.9,14.8,0,69
1/23/2023,Barishal,2,27.6,15.9,0,72
1/24/2023,Barishal,2,28.2,16.1,0,71
1/25/2023,Barishal,2,28.2,16.2,0,73
1/26/2023,Barishal,0,29,17.3,0,75
1/27/2023,Barishal,0,28.4,18.1,0,73
1/28/2023,Barishal,2,28.1,18.4,0,73
1/29/2023,Barishal,0,27.1,16.9,0,72
1/30/2023,Barishal,1,27.7,15.8,0,75
1/31/2023,Barishal,3,28.8,16,0,71
2/1/2023,Barishal,0,28.1,17.9,0,70
2/2/2023,Barishal,0,27,16.8,0,61
2/3/2023,Barishal,0,26.5,14.9,0,71
2/4/2023,Barishal,0,26.9,14.9,0,71
2/5/2023,Barishal,0,27.1,15.1,0,68
2/6/2023,Barishal,0,28.1,17.4,0,64
2/7/2023,Barishal,1,29.3,16.8,0,75
2/8/2023,Barishal,0,29.8,19.1,0,75
2/9/2023,Barishal,3,29,18.8,0.5,81
2/10/2023,Barishal,0,29.5,19.4,0,71
2/11/2023,Barishal,0,30.5,16.6,0,69
2/12/2023,Barishal,8,30.5,20.2,0,77
2/13/2023,Barishal,0,27.8,18.4,0,49
2/14/2023,Barishal,0,27.4,15.7,0,52
2/15/2023,Barishal,0,27.5,17.5,0,53
2/16/2023,Barishal,0,28.4,16.5,0,64
2/17/2023,Barishal,0,29.7,16.1,0,69
2/18/2023,Barishal,0,29.9,18.9,1.4,75
2/19/2023,Barishal,1,28.5,19.1,0.7,79
2/20/2023,Barishal,0,30.2,18.7,0,75
2/21/2023,Barishal,0,31.3,21.2,0,76
2/22/2023,Barishal,1,32.2,22.1,0.1,77
2/23/2023,Barishal,1,31.9,22.1,0.5,77
2/24/2023,Barishal,2,32.3,21,0,75
2/25/2023,Barishal,0,32.1,22.2,0,71
2/26/2023,Barishal,0,32.7,19.9,0,49
2/27/2023,Barishal,0,33.1,19.2,0,56
2/28/2023,Barishal,1,33.3,19.9,0,65
3/1/2023,Barishal,0,32.7,19.1,0,53
3/2/2023,Barishal,6,32.8,20.2,0,53
3/3/2023,Barishal,0,33.7,20.3,0,50
3/4/2023,Barishal,0,33.9,19.8,0,53
3/5/2023,Barishal,0,33.8,20,0,55
3/6/2023,Barishal,1,33.6,20.1,0,58
3/7/2023,Barishal,0,33.7,20.3,0,60
3/8/2023,Barishal,0,32.6,20.9,0,54
3/9/2023,Barishal,0,33.9,21.7,0,47
3/10/2023,Barishal,1,32.6,23,0,54
3/11/2023,Barishal,0,33.8,22.6,0,52
3/12/2023,Barishal,0,34.6,21.9,0,48
3/13/2023,Barishal,0,34.9,21,0,52
3/14/2023,Barishal,0,33.6,21.1,0.7,59
3/15/2023,Barishal,2,31.1,21.7,0.6,73
3/16/2023,Barishal,0,32,21.6,2.8,78
3/17/2023,Barishal,0,30,20.8,4.1,77
3/18/2023,Barishal,0,30.6,21.9,0,72
3/19/2023,Barishal,0,26.9,20.9,5.6,87
3/20/2023,Barishal,0,26.9,20,2.9,83
3/21/2023,Barishal,2,29,19.6,3.4,84
3/22/2023,Barishal,1,28.9,20.5,2.1,85
3/23/2023,Barishal,0,30.1,20,0.8,84
3/24/2023,Barishal,0,31.5,19.5,0,77
3/25/2023,Barishal,0,32.1,22.5,0.1,78
3/26/2023,Barishal,0,33.3,23.1,3.4,83
3/27/2023,Barishal,0,30.3,22.5,4.8,86
3/28/2023,Barishal,0,31.3,21.4,9.6,84
3/29/2023,Barishal,0,29.6,21.7,6.1,88
3/30/2023,Barishal,0,31.3,23.7,4,85
3/31/2023,Barishal,0,28.5,23.3,1.3,87
4/1/2023,Barishal,0,27.5,20.9,2.3,88
4/2/2023,Barishal,1,29.8,20.4,0.2,82
4/3/2023,Barishal,2,30.4,21.9,4.3,84
4/4/2023,Barishal,0,32.6,22.8,17.4,82
4/5/2023,Barishal,0,32.1,24,12.1,86
4/6/2023,Barishal,1,33.3,23.2,0,76
4/7/2023,Barishal,0,34,22.3,0,73
4/8/2023,Barishal,0,35,23,0,65
4/9/2023,Barishal,0,35.2,23.9,0,67
4/10/2023,Barishal,0,35.6,23.3,0,68
4/11/2023,Barishal,0,35.6,24.1,0,75
4/12/2023,Barishal,0,36.7,25,0,69
4/13/2023,Barishal,0,38.2,22.5,0,66
4/14/2023,Barishal,0,39,24.2,0,62
4/15/2023,Barishal,0,39.3,25,0,67
4/16/2023,Barishal,2,39.6,26.4,0,70
4/17/2023,Barishal,0,37.9,26.1,12.3,80
4/18/2023,Barishal,0,38.1,26.9,9.8,76
4/19/2023,Barishal,0,36.8,27.2,0,78
4/20/2023,Barishal,0,36.8,27.1,0,76
4/21/2023,Barishal,0,37.1,26,24.5,78
4/22/2023,Barishal,0,34.3,24.8,7.2,77
4/23/2023,Barishal,0,33,24.5,3.2,69
4/24/2023,Barishal,0,32.2,23.1,0.5,69
4/25/2023,Barishal,3,34,23.9,0.1,66
4/26/2023,Barishal,2,34.8,24.2,0,64
4/27/2023,Barishal,0,35.7,25,0.6,65
4/28/2023,Barishal,0,33.5,24,0.4,73
4/29/2023,Barishal,0,36.5,25.3,3.3,77
4/30/2023,Barishal,2,34.9,25.3,0,68
5/1/2023,Barishal,0,33.3,25,1.6,75
5/2/2023,Barishal,2,34,24.1,0,67
5/3/2023,Barishal,2,32.8,24.9,1.4,74
5/4/2023,Barishal,0,29.6,25.2,2.8,81
5/5/2023,Barishal,0,33.8,24.4,1.7,78
5/6/2023,Barishal,0,32.6,24.7,11.2,80
5/7/2023,Barishal,0,36.5,25.9,0,67
5/8/2023,Barishal,2,38.7,25.8,0,60
5/9/2023,Barishal,3,39.6,25.8,0.2,63
5/10/2023,Barishal,2,38.6,26.7,4.7,69
5/11/2023,Barishal,2,38,26.7,0,69
5/12/2023,Barishal,0,38.3,26.6,0,67
5/13/2023,Barishal,0,32.1,25,0.2,75
5/14/2023,Barishal,0,29.7,23.9,6.4,73
5/15/2023,Barishal,0,34,22.1,6.1,70
5/16/2023,Barishal,3,34.3,26.2,0.6,80
5/17/2023,Barishal,0,34.3,26.6,0.7,78
5/18/2023,Barishal,1,31.2,25.1,2.1,84
5/19/2023,Barishal,0,33.1,25.8,1.4,81
5/20/2023,Barishal,0,33.3,26.4,5,80
5/21/2023,Barishal,2,34.4,25.9,9.8,77
5/22/2023,Barishal,1,35,26.9,0.8,76
5/23/2023,Barishal,1,32.5,26.4,26.1,85
5/24/2023,Barishal,2,29,24.3,5.2,89
5/25/2023,Barishal,0,32.4,24.3,8.6,85
5/26/2023,Barishal,0,32.2,24.6,8,85
5/27/2023,Barishal,1,32.7,24.5,2.2,84
5/28/2023,Barishal,1,32.9,24.6,0.5,79
5/29/2023,Barishal,0,33.6,25.5,0,75
5/30/2023,Barishal,6,34.9,25.4,0,74
5/31/2023,Barishal,3,35.4,26.9,0,75
6/1/2023,Barishal,2,36.1,28,1.4,79
6/2/2023,Barishal,1,36,27.4,13.2,81
6/3/2023,Barishal,5,35.5,27.9,0.8,77
6/4/2023,Barishal,3,34.1,27.7,5.2,78
6/5/2023,Barishal,2,36.8,27,0,72
6/6/2023,Barishal,4,35.9,27.8,2.3,76
6/7/2023,Barishal,5,34.7,27.4,8.6,84
6/8/2023,Barishal,4,31.1,25.7,18.4,89
6/9/2023,Barishal,0,29.5,26.4,16.5,89
6/10/2023,Barishal,1,31.7,26.1,0.9,84
6/11/2023,Barishal,12,32.8,25.8,2.2,83
6/12/2023,Barishal,4,33.9,27.6,1.8,82
6/13/2023,Barishal,13,34.6,27.1,1.4,82
6/14/2023,Barishal,8,35.6,28.7,0.1,78
6/15/2023,Barishal,14,33.4,28.1,3.8,83
6/16/2023,Barishal,0,35,29.4,0.2,79
6/17/2023,Barishal,24,34.5,29.1,0.2,78
6/18/2023,Barishal,14,32.2,28.6,11.9,81
6/19/2023,Barishal,11,32.1,27.9,6.9,81
6/20/2023,Barishal,21,33.1,27.5,1.7,81
6/21/2023,Barishal,20,33,27.5,12.9,83
6/22/2023,Barishal,13,31.9,26.6,4.8,84
6/23/2023,Barishal,0,31.4,26.1,13.9,86
6/24/2023,Barishal,26,30.9,26.3,13.5,85
6/25/2023,Barishal,18,30.1,26.1,8.3,84
6/26/2023,Barishal,28,28.1,25.1,36.5,91
6/27/2023,Barishal,2,27.6,24.9,57.7,94
6/28/2023,Barishal,12,29.9,25,12.9,88
6/29/2023,Barishal,2,29.9,25.9,24.7,90
6/30/2023,Barishal,3,31.9,26.9,14.1,87
7/1/2023,Barishal,42,31.2,27.3,16.4,89
7/2/2023,Barishal,89,32.5,27.2,9.8,86
7/3/2023,Barishal,50,33.1,27.6,8.3,85
7/4/2023,Barishal,62,32.8,27.1,9.5,84
7/5/2023,Barishal,46,31,27,7.9,84
7/6/2023,Barishal,70,30.1,26.4,6.2,86
7/7/2023,Barishal,6,30.8,25.4,9.3,87
7/8/2023,Barishal,110,30.8,26.3,5,86
7/9/2023,Barishal,98,31.5,26,6.7,85
7/10/2023,Barishal,56,30.9,27.3,9.4,87
7/11/2023,Barishal,93,31.3,26.2,2.3,84
7/12/2023,Barishal,172,30.9,26.4,1.3,83
7/13/2023,Barishal,111,30.4,26.2,8.9,86
7/14/2023,Barishal,43,31.1,25.5,35,89
7/15/2023,Barishal,123,30.3,24.4,18.4,86
7/16/2023,Barishal,153,30.9,25.6,3.6,85
7/17/2023,Barishal,165,30.8,26.3,9.5,85
7/18/2023,Barishal,170,31.3,27,2.6,84
7/19/2023,Barishal,185,31.7,26.9,1.4,82
7/20/2023,Barishal,240,31.9,27,1.1,82
7/21/2023,Barishal,87,30.7,27.3,6.5,83
7/22/2023,Barishal,278,31.1,27.1,3.4,83
7/23/2023,Barishal,285,32.5,27.1,5.1,81
7/24/2023,Barishal,273,32.9,26.8,0.1,82
7/25/2023,Barishal,293,31.4,27.3,1.9,82
7/26/2023,Barishal,284,30.7,26.9,10.3,84
7/27/2023,Barishal,289,31.7,26.7,2.7,82
7/28/2023,Barishal,180,32,26.5,3.3,82
7/29/2023,Barishal,191,31.5,26,10.6,84
7/30/2023,Barishal,339,32.6,27,1.1,82
7/31/2023,Barishal,294,33.9,26.8,26,87
8/1/2023,Barishal,256,31.6,26.4,43.1,89
8/2/2023,Barishal,314,31.3,26.6,33.2,86
8/3/2023,Barishal,296,31.6,26.1,5.6,85
8/4/2023,Barishal,221,31.4,26.3,5.8,85
8/5/2023,Barishal,273,31,26.5,8.1,84
8/6/2023,Barishal,348,28.9,26.1,44.5,92
8/7/2023,Barishal,275,29.7,26,55,93
8/8/2023,Barishal,316,31.4,26,14.8,91
8/9/2023,Barishal,256,32.1,25.8,4,86
8/10/2023,Barishal,405,32.2,26.3,11.9,87
8/11/2023,Barishal,268,32.8,26.3,12.8,88
8/12/2023,Barishal,386,32.5,25.4,22.3,86
8/13/2023,Barishal,350,30.8,25.4,28.6,90
8/14/2023,Barishal,301,32.2,25.8,5.4,87
8/15/2023,Barishal,273,31.8,26.9,7.3,88
8/16/2023,Barishal,238,32.5,27.2,17.9,88
8/17/2023,Barishal,260,32.1,26.7,2.4,85
8/18/2023,Barishal,182,31.4,26.8,1.9,81
8/19/2023,Barishal,265,31.2,26.7,1.6,82
8/20/2023,Barishal,266,31.9,26.5,2.9,83
8/21/2023,Barishal,228,32.2,26.5,2.9,83
8/22/2023,Barishal,259,30.8,27,4,88
8/23/2023,Barishal,192,29.7,25.8,9.6,89
8/24/2023,Barishal,238,29,25.8,13.4,90
8/25/2023,Barishal,166,28.8,25.4,36.1,92
8/26/2023,Barishal,237,30.9,25.9,27.1,90
8/27/2023,Barishal,259,32.2,25.7,4.6,90
8/28/2023,Barishal,239,32.4,26.3,9.1,89
8/29/2023,Barishal,247,32.7,25.9,0.6,85
8/30/2023,Barishal,286,34.3,26.8,0.3,83
8/31/2023,Barishal,256,32.7,27.1,5.4,86
9/1/2023,Barishal,185,32.7,26.7,2,88
9/2/2023,Barishal,305,31.6,26.9,9.9,89
9/3/2023,Barishal,346,31.4,26.3,10.2,88
9/4/2023,Barishal,357,31.9,26.4,5.5,87
9/5/2023,Barishal,374,31.8,26.1,3.2,87
9/6/2023,Barishal,273,31.5,27.3,6.3,84
9/7/2023,Barishal,404,29.2,25.4,12.3,89
9/8/2023,Barishal,197,28.4,25.4,29.9,92
9/9/2023,Barishal,391,32,26.6,0.8,86
9/10/2023,Barishal,374,33.5,26.3,0.5,83
9/11/2023,Barishal,327,30.8,27,12.9,90
9/12/2023,Barishal,468,31.6,26.3,2.7,85
9/13/2023,Barishal,419,31.2,26.6,5,84
9/14/2023,Barishal,354,29.1,26,11,89
9/15/2023,Barishal,254,31.4,25.9,6.1,86
9/16/2023,Barishal,383,32.3,25.7,4.9,87
9/17/2023,Barishal,458,33,25.8,1.2,87
9/18/2023,Barishal,381,28.3,25.7,25.6,91
9/19/2023,Barishal,341,28.3,25.2,17.2,89
9/20/2023,Barishal,440,29.2,25.4,20.1,89
9/21/2023,Barishal,324,29.8,25.6,14.8,88
9/22/2023,Barishal,277,30.2,25.6,6.6,87
9/23/2023,Barishal,469,30.5,25.9,14.3,88
9/24/2023,Barishal,477,31.3,26.1,7.6,87
9/25/2023,Barishal,423,31.9,24.1,12.7,87
9/26/2023,Barishal,409,32.9,25.6,0.2,84
9/27/2023,Barishal,402,31.4,26.3,0.1,86
9/28/2023,Barishal,299,33.3,27,2.5,85
9/29/2023,Barishal,264,30.5,26.6,18.2,89
9/30/2023,Barishal,337,29.3,26,5.5,86
10/1/2023,Barishal,343,30.3,25.4,9.8,88
10/2/2023,Barishal,376,30.5,25.6,13.1,89
10/3/2023,Barishal,361,29.3,25.3,12.1,90
10/4/2023,Barishal,294,28.7,25,23.7,90
10/5/2023,Barishal,273,30.1,24.8,16.6,90
10/6/2023,Barishal,237,30.9,27,8.2,88
10/7/2023,Barishal,290,31.2,25.3,4.3,89
10/8/2023,Barishal,365,31.2,25.3,1.3,89
10/9/2023,Barishal,331,31.5,25.7,1.7,88
10/10/2023,Barishal,319,32.2,25.3,0.5,84
10/11/2023,Barishal,298,32.2,25.6,2.3,87
10/12/2023,Barishal,317,31.2,25.1,1.7,88
10/13/2023,Barishal,171,31.4,24.5,0.5,79
10/14/2023,Barishal,349,32.1,23.5,0,77
10/15/2023,Barishal,359,31.4,23.4,0.4,79
10/16/2023,Barishal,281,31.1,23.5,0.1,84
10/17/2023,Barishal,341,31.7,23.9,0,74
10/18/2023,Barishal,283,31.1,23.2,0,77
10/19/2023,Barishal,259,30.9,23.6,0,77
10/20/2023,Barishal,165,30.8,23.3,0,75
10/21/2023,Barishal,220,31.1,22.5,0,75
10/22/2023,Barishal,218,31.9,23.5,0,77
10/23/2023,Barishal,235,29.8,24.5,1.4,87
10/24/2023,Barishal,150,25.9,23.9,11.9,88
10/25/2023,Barishal,236,30.3,23.5,1.3,84
10/26/2023,Barishal,193,30.4,23.3,0.3,81
10/27/2023,Barishal,157,30.3,23.4,0,79
10/28/2023,Barishal,231,30.5,22.3,0,72
10/29/2023,Barishal,215,30.2,21.4,0,70
10/30/2023,Barishal,201,30,20.5,0,73
10/31/2023,Barishal,186,31.1,21.3,0,76
11/1/2023,Barishal,242,32.2,23.3,0,76
11/2/2023,Barishal,211,31.5,22.9,0,77
11/3/2023,Barishal,134,30.9,22.7,0.1,76
11/4/2023,Barishal,214,30.7,22.6,1.8,81
11/5/2023,Barishal,236,31,22.7,0,76
11/6/2023,Barishal,201,30.3,22.2,0,69
11/7/2023,Barishal,226,29.2,19.1,0,72
11/8/2023,Barishal,189,28.9,19.6,0,74
11/9/2023,Barishal,188,29.3,19,0,75
11/10/2023,Barishal,135,29.3,19.3,0,73
11/11/2023,Barishal,163,29.4,19.6,0,73
11/12/2023,Barishal,229,29.4,19.5,0,73
11/13/2023,Barishal,208,29.5,19.5,0,74
11/14/2023,Barishal,166,30.2,20.2,0,75
11/15/2023,Barishal,166,30.4,22.1,0,71
11/16/2023,Barishal,172,26.2,22.7,16.5,85
11/17/2023,Barishal,71,24.7,20.4,132.6,91
11/18/2023,Barishal,84,26.4,18.7,0,88
11/19/2023,Barishal,163,27.7,20,0,82
11/20/2023,Barishal,83,28.6,19.3,0,85
11/21/2023,Barishal,120,26,19.8,0.6,80
11/22/2023,Barishal,103,27.3,19,0,79
11/23/2023,Barishal,126,26.3,17.1,0,77
11/24/2023,Barishal,73,26.7,16.5,0,77
11/25/2023,Barishal,72,26.8,17.4,0,81
11/26/2023,Barishal,92,27.3,17.5,0,77
11/27/2023,Barishal,103,28.9,17.5,0,83
11/28/2023,Barishal,95,28.5,20.4,0,79
11/29/2023,Barishal,103,27.7,18.6,0,81
11/30/2023,Barishal,89,27.9,19.8,0,81
12/1/2023,Barishal,44,28.1,18.5,0,79
12/2/2023,Barishal,76,27.9,19.1,0,79
12/3/2023,Barishal,70,27.9,19.4,0,80
12/4/2023,Barishal,72,25.7,20.2,0,81
12/5/2023,Barishal,60,25.2,21.5,0,76
12/6/2023,Barishal,45,26.9,21.2,0,78
12/7/2023,Barishal,66,24.8,20.3,9.9,86
12/8/2023,Barishal,19,25.6,19.3,0.3,87
12/9/2023,Barishal,38,25.7,17.7,0,84
12/10/2023,Barishal,42,24.9,15.6,0,81
12/11/2023,Barishal,31,24.3,14.7,0,79
12/12/2023,Barishal,16,24.4,14.7,0,79
12/13/2023,Barishal,37,24.4,14.9,0,82
12/14/2023,Barishal,28,24,14.5,0,76
12/15/2023,Barishal,13,23.7,14.2,0,77
12/16/2023,Barishal,8,24.1,14.3,0,81
12/17/2023,Barishal,26,24.3,14.2,0,80
12/18/2023,Barishal,21,24.3,13.8,0,80
12/19/2023,Barishal,20,24.2,15.1,0,80
12/20/2023,Barishal,13,24.3,14.4,0,77
12/21/2023,Barishal,9,24.6,13.7,0,77
12/22/2023,Barishal,2,25,15.2,0,79
12/23/2023,Barishal,16,24.8,14.2,0,83
12/24/2023,Barishal,24,25.2,14.7,0,86
12/25/2023,Barishal,3,25.4,16.5,0,84
12/26/2023,Barishal,29,25.5,17.9,0,82
12/27/2023,Barishal,17,25.8,15.4,0,81
12/28/2023,Barishal,10,25.7,16.3,0,79
12/29/2023,Barishal,6,26.2,15.7,0,76
12/30/2023,Barishal,10,26.2,15.5,0,77
12/31/2023,Barishal,5,25.7,16.6,0,79
1/1/2024,Barishal,10,24.8,16.5,0,82
1/2/2024,Barishal,5,23.7,15.7,0,83
1/3/2024,Barishal,5,23.9,14.5,0,83
1/4/2024,Barishal,7,23.9,13.7,0,81
1/5/2024,Barishal,3,24.5,14.9,0,82
1/6/2024,Barishal,4,24.9,14.4,0,80
1/7/2024,Barishal,0,24.9,15.5,0,77
1/8/2024,Barishal,3,24.9,15.4,0,81
1/9/2024,Barishal,1,23.8,15.1,0,82
1/10/2024,Barishal,5,23.7,13.4,0,82
1/11/2024,Barishal,1,23.9,14.9,0,82
1/12/2024,Barishal,0,21.5,13.1,0,80
1/13/2024,Barishal,0,22.2,12.9,0,84
1/14/2024,Barishal,6,21.5,12.5,0,86
1/15/2024,Barishal,2,21,10.8,0,84
1/16/2024,Barishal,5,20.9,11.4,0,84
1/17/2024,Barishal,5,21.2,12.4,0,84
1/18/2024,Barishal,6,19.3,14.1,3.2,87
1/19/2024,Barishal,9,23.5,15.6,0.3,83
1/20/2024,Barishal,0,23.1,14.1,0,83
1/21/2024,Barishal,5,22.5,12.9,0,83
1/22/2024,Barishal,10,21.5,13,0,81
1/23/2024,Barishal,10,21,11,0,82
1/24/2024,Barishal,4,21.7,13.4,5.6,85
1/25/2024,Barishal,1,22.6,14.9,1.2,83
1/26/2024,Barishal,4,23.2,14.3,0,77
1/27/2024,Barishal,0,22.1,11.6,0,73
1/28/2024,Barishal,8,23.1,11.5,0,73
1/29/2024,Barishal,1,23.4,12,0,65
1/30/2024,Barishal,3,24.5,14.2,0,71
1/31/2024,Barishal,2,25.5,15,0,77
2/1/2024,Barishal,3,26.2,16.1,14,87
2/2/2024,Barishal,0,25.2,16.4,25.3,87
2/3/2024,Barishal,1,25.8,16.5,0,79
2/4/2024,Barishal,5,26.2,14.5,0,79
2/5/2024,Barishal,2,26.9,15.3,0,78
2/6/2024,Barishal,2,26.8,16.5,0.4,87
2/7/2024,Barishal,2,25.7,17.3,0,81
2/8/2024,Barishal,2,24.1,14.9,0,71
2/9/2024,Barishal,0,23.5,14.1,0,68
2/10/2024,Barishal,0,25.2,13.7,0,71
2/11/2024,Barishal,3,26.4,14,0,73
2/12/2024,Barishal,1,27.2,14.8,0,71
2/13/2024,Barishal,2,28.3,16.1,0,64
2/14/2024,Barishal,4,28.1,16.8,0,69
2/15/2024,Barishal,0,28.7,17.9,0.3,73
2/16/2024,Barishal,0,28.8,18.2,0,75
2/17/2024,Barishal,3,27.5,14.8,0,69
2/18/2024,Barishal,0,27.9,16,0,70
2/19/2024,Barishal,1,28.6,15.6,0,72
2/20/2024,Barishal,2,29.5,17.9,0.4,84
2/21/2024,Barishal,0,31.5,20.9,0.6,83
2/22/2024,Barishal,0,31,20.6,6,86
2/23/2024,Barishal,2,26.4,19.8,0.5,81
2/24/2024,Barishal,0,28.7,19.5,0,76
2/25/2024,Barishal,6,25.2,19.9,0,67
2/26/2024,Barishal,2,28.3,17.2,0,63
2/27/2024,Barishal,0,28.2,17.4,0,57
2/28/2024,Barishal,3,28.4,18,0,62
2/29/2024,Barishal,2,30.4,18.1,0,69
3/1/2024,Barishal,2,30,17.5,0,62
3/2/2024,Barishal,2,29.8,17.2,0,61
3/3/2024,Barishal,2,30.6,19.2,0,64
3/4/2024,Barishal,1,30.7,19.9,0,66
3/5/2024,Barishal,0,31.3,20.4,0,68
3/6/2024,Barishal,2,29.4,19.2,0,62
3/7/2024,Barishal,0,29.7,17.3,0,63
3/8/2024,Barishal,0,30.5,18.7,0,55
3/9/2024,Barishal,1,29.9,17.7,0,56
3/10/2024,Barishal,0,29.6,18.1,0,58
3/11/2024,Barishal,2,30.4,16,0,59
3/12/2024,Barishal,0,32.5,16.8,0,68
3/13/2024,Barishal,0,32.7,21.6,0.2,74
3/14/2024,Barishal,1,31.2,23.1,3.9,84
3/15/2024,Barishal,0,32.9,21.6,6.2,80
3/16/2024,Barishal,2,32.7,22.4,0.9,79
3/17/2024,Barishal,1,32.5,21.3,0,69
3/18/2024,Barishal,1,33,21.4,0,69
3/19/2024,Barishal,1,30.9,22.2,14.3,81
3/20/2024,Barishal,2,29.1,21,2.3,80
3/21/2024,Barishal,2,27.2,18.5,4.1,83
3/22/2024,Barishal,0,26.9,18.4,0.7,83
3/23/2024,Barishal,0,30.2,19.5,0.1,82
3/24/2024,Barishal,3,31.1,23,13.2,85
3/25/2024,Barishal,0,32.1,23.4,0.3,82
3/26/2024,Barishal,0,31.6,22.6,0,79
3/27/2024,Barishal,3,33.4,22.5,0,79
3/28/2024,Barishal,0,32.2,23.9,18,86
3/29/2024,Barishal,0,31.9,23.9,2.1,85
3/30/2024,Barishal,0,35.3,25.7,0.1,80
3/31/2024,Barishal,0,33.4,25.4,18.9,87
4/1/2024,Barishal,5,36.2,25.1,0,77
4/2/2024,Barishal,0,35.5,25.3,0.2,81
4/3/2024,Barishal,0,35.4,26.4,0,78
4/4/2024,Barishal,2,35.9,25.8,0,78
4/5/2024,Barishal,0,36.5,25.8,0,78
4/6/2024,Barishal,3,36.7,26.8,0,77
4/7/2024,Barishal,1,35.5,26.3,14.6,79
4/8/2024,Barishal,0,35.1,25.2,0.9,66
4/9/2024,Barishal,1,35.3,22.9,0,64
4/10/2024,Barishal,0,36.2,24.3,0,60
4/11/2024,Barishal,3,34.9,23.6,0,67
4/12/2024,Barishal,0,36.2,25.2,0,60
4/13/2024,Barishal,1,35.6,25.3,0,60
4/14/2024,Barishal,0,36,24.1,0,62
4/15/2024,Barishal,0,36.8,24.8,0,62
4/16/2024,Barishal,10,35.9,25.4,4.2,71
4/17/2024,Barishal,0,37.4,26.9,4.1,80
4/18/2024,Barishal,1,36.3,27.3,3.1,83
4/19/2024,Barishal,0,38.1,27,0,73
4/20/2024,Barishal,0,38.7,27.1,0,73
4/21/2024,Barishal,5,37,27.5,11,78
4/22/2024,Barishal,2,37.2,28.1,0.2,74
4/23/2024,Barishal,1,37.5,27,0.1,70
4/24/2024,Barishal,0,37.9,26.8,0.2,67
4/25/2024,Barishal,3,37.8,27.4,13.3,74
4/26/2024,Barishal,0,38.1,26.9,0.3,78
4/27/2024,Barishal,2,36.5,27.4,0.1,80
4/28/2024,Barishal,2,36.5,27.5,2.7,83
4/29/2024,Barishal,9,37.3,28.4,0,77
4/30/2024,Barishal,11,37.8,27.6,3.9,79
5/1/2024,Barishal,0,37.7,28.4,0,72
5/2/2024,Barishal,1,36.7,24.6,15.7,81
5/3/2024,Barishal,2,35.9,26.5,5.4,83
5/4/2024,Barishal,2,35.5,27.1,0.1,77
5/5/2024,Barishal,2,34,27.9,0.8,76
5/6/2024,Barishal,10,33.5,22.6,41.5,84
5/7/2024,Barishal,6,31,24.5,1.7,83
5/8/2024,Barishal,7,29.6,24.2,5.7,85
5/9/2024,Barishal,13,31.7,25.3,3.7,80
5/10/2024,Barishal,2,31.2,24.6,0.7,81
5/11/2024,Barishal,6,31.1,24.9,1.8,84
5/12/2024,Barishal,4,31.7,24.4,0.5,84
5/13/2024,Barishal,10,32.4,24.7,0.9,84
5/14/2024,Barishal,5,33.8,25.9,0,77
5/15/2024,Barishal,5,34.8,26,0,74
5/16/2024,Barishal,3,35.3,26.1,0,75
5/17/2024,Barishal,0,36.3,26.6,0,75
5/18/2024,Barishal,6,36,28,0,77
5/19/2024,Barishal,8,32.8,27.7,0.8,85
5/20/2024,Barishal,5,32.1,25.7,19.4,89
5/21/2024,Barishal,9,33.1,25.8,2.3,85
5/22/2024,Barishal,0,33.7,26.6,0,82
5/23/2024,Barishal,11,34.7,26.4,0,77
5/24/2024,Barishal,3,35.6,27.6,0.1,75
5/25/2024,Barishal,0,35.2,28.5,0.6,75
5/26/2024,Barishal,5,30.4,26.9,28.2,85
5/27/2024,Barishal,0,27.8,27,215.8,90
5/28/2024,Barishal,0,32.7,25,15.1,86
5/29/2024,Barishal,4,33.9,29.1,0.3,82
5/30/2024,Barishal,4,34.3,29.1,0.6,81
5/31/2024,Barishal,2,33.9,28.4,0,80
6/1/2024,Barishal,2,34,27.6,1.4,82
6/2/2024,Barishal,4,32.8,28.2,7.9,85
6/3/2024,Barishal,1,32.8,27.9,6.4,85
6/4/2024,Barishal,2,33.4,27.2,5.3,83
6/5/2024,Barishal,5,33.9,27.4,0.2,83
6/6/2024,Barishal,2,34.3,28.2,1.2,83
6/7/2024,Barishal,2,34.9,26.4,4.4,81
6/8/2024,Barishal,1,35,27.8,0.2,80
6/9/2024,Barishal,6,34.8,28.1,0.1,79
6/10/2024,Barishal,11,35.1,28.6,0,80
6/11/2024,Barishal,4,35.2,28.2,0,78
6/12/2024,Barishal,2,34.2,27.7,0.6,82
6/13/2024,Barishal,6,33.2,27.5,2.1,81
6/14/2024,Barishal,1,33.3,27.8,0.5,81
6/15/2024,Barishal,1,34.3,28.7,0.2,78
6/16/2024,Barishal,0,33.8,28.8,1.7,80
6/17/2024,Barishal,0,34.2,28.7,14.1,82
6/18/2024,Barishal,0,32.3,27.8,44.1,86
6/19/2024,Barishal,6,32.1,26.5,12,89
6/20/2024,Barishal,5,31.4,26.1,18,89
6/21/2024,Barishal,0,32,26.9,1.6,84
6/22/2024,Barishal,8,31.4,27,3.1,84
6/23/2024,Barishal,8,31.8,27,3.7,85
6/24/2024,Barishal,2,32.2,26.8,1.1,84
6/25/2024,Barishal,9,31.8,27.2,11.6,85
6/26/2024,Barishal,3,30.5,27,5.8,86
6/27/2024,Barishal,1,31.4,27.4,14.5,84
6/28/2024,Barishal,0,30.9,26.4,4.4,84
6/29/2024,Barishal,1,31.1,26.2,13.4,86
6/30/2024,Barishal,3,30.2,25.9,35,90
7/1/2024,Barishal,3,30,26.1,16.4,90
7/2/2024,Barishal,7,30.4,26.1,35.1,90
7/3/2024,Barishal,7,28.8,25.8,23.6,91
7/4/2024,Barishal,4,31.8,25.8,4.8,86
7/5/2024,Barishal,0,29.6,25.4,18,90
7/6/2024,Barishal,4,31.3,26.4,6.3,86
7/7/2024,Barishal,12,31.2,26.3,8.4,85
7/8/2024,Barishal,6,30.2,26.4,0.6,84
7/9/2024,Barishal,8,31.4,26.1,4.4,85
7/10/2024,Barishal,2,31.1,27.1,3.1,83
7/11/2024,Barishal,10,31.1,26.1,5.6,86
7/12/2024,Barishal,0,31.2,25.5,23.4,88
7/13/2024,Barishal,7,31.7,25.9,1.5,85
7/14/2024,Barishal,11,31.8,26.8,0.8,83
7/15/2024,Barishal,6,31.4,27.3,1.4,82
7/16/2024,Barishal,11,31.3,27.2,4.4,84
7/17/2024,Barishal,3,32.5,27.1,1.1,83
7/18/2024,Barishal,12,33.2,27.5,0.4,81
7/19/2024,Barishal,12,31,27.7,3.6,82
7/20/2024,Barishal,12,31.2,27.1,3.7,82
7/21/2024,Barishal,12,31.2,26.7,3.4,84
7/22/2024,Barishal,12,27.9,26.4,24.7,91
7/23/2024,Barishal,12,30.7,25.9,10.6,86
7/24/2024,Barishal,34,31.1,26.2,12.6,87
7/25/2024,Barishal,23,31.2,26.6,15.2,86
7/26/2024,Barishal,0,31.2,26.7,4.1,85
7/27/2024,Barishal,18,31.4,27.1,2.9,85
7/28/2024,Barishal,28,31.2,26.7,16.5,86
7/29/2024,Barishal,34,31.8,26.8,8.2,84
7/30/2024,Barishal,29,31.5,26.3,4.5,85
7/31/2024,Barishal,19,28.7,26,20.8,91
8/1/2024,Barishal,27,26.9,25.4,136.8,95
8/2/2024,Barishal,27,29,25.2,33.7,92
8/3/2024,Barishal,13,30.8,24.8,12.6,89
8/4/2024,Barishal,0,29.5,25.2,20.7,90
8/5/2024,Barishal,0,30.7,25.6,7.7,87
8/6/2024,Barishal,18,30,25.7,6.3,87
8/7/2024,Barishal,27,30.3,25.9,13.6,87
8/8/2024,Barishal,14,28.3,25.5,16.6,91
8/9/2024,Barishal,0,29.8,24.9,24.3,90
8/10/2024,Barishal,0,29.4,24.6,32.1,90
8/11/2024,Barishal,0,31.8,25.3,17,86
8/12/2024,Barishal,71,30.5,26.3,2.8,87
8/13/2024,Barishal,22,31.1,26.1,10.2,87
8/14/2024,Barishal,31,31.8,26.2,2.1,86
8/15/2024,Barishal,42,31.3,26.2,8.4,86
8/16/2024,Barishal,0,28.4,25.4,27.7,93
8/17/2024,Barishal,0,30.6,25.2,21.1,88
8/18/2024,Barishal,68,31.1,25.3,6.3,86
8/19/2024,Barishal,35,27.9,25.6,96.7,93
8/20/2024,Barishal,19,29.7,25.3,39.1,92
8/21/2024,Barishal,28,29,25.3,41.1,91
8/22/2024,Barishal,24,29.6,25,30.3,91
8/23/2024,Barishal,0,27.6,25.2,35.2,93
8/24/2024,Barishal,30,28.7,25.4,20.8,90
8/25/2024,Barishal,37,26.7,24.7,87.3,94
8/26/2024,Barishal,2,27.9,25,47.7,93
8/27/2024,Barishal,32,29.8,25,16.2,89
8/28/2024,Barishal,17,30,25,8.9,89
8/29/2024,Barishal,25,31.9,25.9,6.3,84
8/30/2024,Barishal,0,32.3,25.8,0.7,82
8/31/2024,Barishal,0,31.2,26.6,2.2,83
9/1/2024,Barishal,94,31.3,26.5,10.3,86
9/2/2024,Barishal,14,31.6,26,9.1,88
9/3/2024,Barishal,39,31.2,26,5.6,87
9/4/2024,Barishal,44,31.5,25.8,3.5,85
9/5/2024,Barishal,36,31.7,25.7,10.5,87
9/6/2024,Barishal,0,31.4,26.6,7.1,88
9/7/2024,Barishal,0,32.4,27.1,1.9,84
9/8/2024,Barishal,54,32,27,5.1,82
9/9/2024,Barishal,24,31.5,26.8,2.7,82
9/10/2024,Barishal,37,31.6,27.1,2.2,82
9/11/2024,Barishal,45,31.5,25.9,20.3,88
9/12/2024,Barishal,36,31.8,26.1,26.3,90
9/13/2024,Barishal,0,31.3,25.4,48.6,88
9/14/2024,Barishal,55,26.9,25.1,61.9,93
9/15/2024,Barishal,46,27.3,25.3,48.5,92
9/16/2024,Barishal,0,31.2,24.7,8.7,86
9/17/2024,Barishal,80,32.3,26.1,0,83
9/18/2024,Barishal,46,33.1,25.2,0.2,84
9/19/2024,Barishal,49,32,27,10.3,90
9/20/2024,Barishal,5,34.4,27,0.6,83
9/21/2024,Barishal,71,33.8,26.1,6.6,85
9/22/2024,Barishal,65,33.6,27,0,82
9/23/2024,Barishal,55,29.7,26.8,10.3,91
9/24/2024,Barishal,55,30.3,26.5,10.7,86
9/25/2024,Barishal,55,26.9,25.1,47.7,93
9/26/2024,Barishal,71,29.6,25.1,11.8,89
9/27/2024,Barishal,6,30.9,25.5,8.4,87
9/28/2024,Barishal,101,31,25.7,0.7,86
9/29/2024,Barishal,74,31.8,25.9,6,88
9/30/2024,Barishal,70,31.9,26.5,2.3,88
10/1/2024,Barishal,99,32.4,26,21.2,88
10/2/2024,Barishal,76,31.1,25.4,34.4,90
10/3/2024,Barishal,93,29,24.7,34.2,93
10/4/2024,Barishal,5,29.1,25.3,29.7,91
10/5/2024,Barishal,102,30.4,24.2,35.8,91
10/6/2024,Barishal,87,30.4,25.4,12.2,90
10/7/2024,Barishal,102,30.2,24.7,15.9,90
10/8/2024,Barishal,93,30.6,25.2,12.3,91
10/9/2024,Barishal,86,30.5,25.2,5.4,90
10/10/2024,Barishal,62,30.1,25.6,7.3,90
10/11/2024,Barishal,27,32,25.2,0.1,83
10/12/2024,Barishal,108,31.5,25.3,0.4,85
10/13/2024,Barishal,32,31.9,25.2,0,81
10/14/2024,Barishal,96,31.5,25,0,79
10/15/2024,Barishal,101,31.8,24.6,0,78
10/16/2024,Barishal,95,31.3,25.3,4.5,84
10/17/2024,Barishal,121,31.3,25.3,7.5,87
10/18/2024,Barishal,18,30.7,24.8,5.9,89
10/19/2024,Barishal,146,30,24.4,6.1,90
10/20/2024,Barishal,83,30.2,24.1,0,84
10/21/2024,Barishal,77,30.4,23.2,0,81
10/22/2024,Barishal,88,32,23.7,0,80
10/23/2024,Barishal,104,28.9,25.2,7.1,87
10/24/2024,Barishal,88,28.7,24.4,5.9,88
10/25/2024,Barishal,25,30.2,24.4,2.6,83
10/26/2024,Barishal,94,30.8,24.9,0.5,83
10/27/2024,Barishal,111,31.1,23.6,0,84
10/28/2024,Barishal,82,31.4,24,0,84
10/29/2024,Barishal,118,31.1,23.8,0,83
10/30/2024,Barishal,94,31,24,0.2,86
10/31/2024,Barishal,105,30.6,24.9,0.3,87
11/1/2024,Barishal,12,30.8,24.2,0.4,87
11/2/2024,Barishal,125,31.1,22.8,0,79
11/3/2024,Barishal,118,30.9,22,0,78
11/4/2024,Barishal,89,30.8,22.7,0,78
11/5/2024,Barishal,122,30.1,23.7,1.6,81
11/6/2024,Barishal,107,29.2,23.7,1.1,80
11/7/2024,Barishal,138,29.9,21.4,0,80
11/8/2024,Barishal,6,30.6,22.3,0,75
11/9/2024,Barishal,131,30,20.9,0,73
11/10/2024,Barishal,101,30.3,21,0,74
11/11/2024,Barishal,88,30.7,22.5,0,74
11/12/2024,Barishal,108,31,22.4,0,75
11/13/2024,Barishal,95,29.5,22.8,0,73
11/14/2024,Barishal,81,29.5,20.9,0,73
11/15/2024,Barishal,2,28.7,19.4,0,74
11/16/2024,Barishal,119,28.3,19.3,0,75
11/17/2024,Barishal,123,27.5,17.8,0,74
11/18/2024,Barishal,84,27.2,17.8,0,74
11/19/2024,Barishal,85,27.5,17.7,0,76
11/20/2024,Barishal,111,27.2,17.1,0,79
11/21/2024,Barishal,82,27.7,17.3,0,79
11/22/2024,Barishal,20,27.2,17.7,0,77
11/23/2024,Barishal,144,27.1,18.7,0,78
11/24/2024,Barishal,97,27,17.9,0,74
11/25/2024,Barishal,61,26.4,17.9,0,74
11/26/2024,Barishal,81,26.2,17.1,0,75
11/27/2024,Barishal,50,26.2,16.9,0,77
11/28/2024,Barishal,72,27.4,18.4,0,77
11/29/2024,Barishal,4,27.8,20.5,0.5,79
11/30/2024,Barishal,98,27.5,20.7,1.8,83
12/1/2024,Barishal,63,27.2,19.1,0,79
12/2/2024,Barishal,60,26.8,20.9,0.2,72
12/3/2024,Barishal,55,27.2,19.9,0,75
12/4/2024,Barishal,55,26.6,17.5,0,78
12/5/2024,Barishal,54,27,17.2,0,75
12/6/2024,Barishal,4,25.9,15.9,0,73
12/7/2024,Barishal,53,25.3,16.1,0,73
12/8/2024,Barishal,31,24.9,15.2,0,73
12/9/2024,Barishal,35,25.4,15.7,0,73
12/10/2024,Barishal,29,25.4,17.1,0,80
12/11/2024,Barishal,23,23.9,16.5,0,76
12/12/2024,Barishal,41,23.6,14.2,0,76
12/13/2024,Barishal,9,23.6,14.4,0,81
12/14/2024,Barishal,40,23.8,14.7,0,81
12/15/2024,Barishal,36,23.9,14.4,0,80
12/16/2024,Barishal,2,24.2,12.8,0,81
12/17/2024,Barishal,51,26,15.9,0,74
12/18/2024,Barishal,33,26.1,17.7,0,75
12/19/2024,Barishal,28,25.1,15.9,0,78
12/20/2024,Barishal,1,25,15.4,0.1,78
12/21/2024,Barishal,13,20.2,17.2,5.9,85
12/22/2024,Barishal,35,24.8,16.3,0,82
12/23/2024,Barishal,17,25.1,16,0,75
12/24/2024,Barishal,14,25,15.4,0,75
12/25/2024,Barishal,2,22.3,17.5,0.1,79
12/26/2024,Barishal,30,25.9,16.7,0,74
12/27/2024,Barishal,0,25.3,16.1,0,75
12/28/2024,Barishal,13,24.9,14.7,0,78
12/29/2024,Barishal,14,25.8,15.1,0,77
12/30/2024,Barishal,15,25.6,16,0,78
12/31/2024,Barishal,13,24.5,16.3,0,80
1/1/2025,Barishal,15,23.5,14.6,0,82
1/2/2025,Barishal,3,23.3,14.4,0,84
1/3/2025,Barishal,0,22.9,14,0,84
1/4/2025,Barishal,9,24.1,13.9,0,82
1/5/2025,Barishal,10,25.2,14.6,0,87
1/6/2025,Barishal,8,25.9,14.7,0,81
1/7/2025,Barishal,10,25.1,15.5,0,78
1/8/2025,Barishal,14,23.6,15.6,0,82
1/9/2025,Barishal,8,22.2,14,0,81
1/10/2025,Barishal,0,22.9,13.2,0,77
1/11/2025,Barishal,1,24.4,12.8,0,77
1/12/2025,Barishal,5,25.5,13.9,0,77
1/13/2025,Barishal,7,25.8,13.7,0,76
1/14/2025,Barishal,7,25.4,15.4,0,75
1/15/2025,Barishal,6,24.7,15.4,0,74
1/16/2025,Barishal,9,25.7,15,0,80
1/17/2025,Barishal,1,25.8,15.5,0,76
1/18/2025,Barishal,7,25.2,15.4,0,77
1/19/2025,Barishal,11,24.5,15.4,0,75
1/20/2025,Barishal,12,24.4,13.7,0,78
1/21/2025,Barishal,1,24.7,14.4,0,79
1/22/2025,Barishal,5,25.6,14.9,0,85
1/23/2025,Barishal,5,25.9,15.2,0,82
1/24/2025,Barishal,0,26,15.8,0,81
1/25/2025,Barishal,3,25.6,16.7,0,79
1/26/2025,Barishal,4,24.4,15.2,0,73
1/27/2025,Barishal,3,24.4,14,0,74
1/28/2025,Barishal,7,24.6,14.3,0,75
1/29/2025,Barishal,5,25.7,14.2,0,77
1/30/2025,Barishal,9,25.6,16.3,0.1,84
1/31/2025,Barishal,0,26.2,19.4,1.2,89
2/1/2025,Barishal,3,26.5,19.2,1.4,91
2/2/2025,Barishal,2,28,20.5,0.5,87
2/3/2025,Barishal,1,27.7,19,0,81
2/4/2025,Barishal,10,26.7,16.6,0,70
2/5/2025,Barishal,0,27.6,16.6,0,75
2/6/2025,Barishal,3,28.7,18.3,0,83
2/7/2025,Barishal,0,25.7,16.8,0,71
2/8/2025,Barishal,0,25.6,15,0,66
2/9/2025,Barishal,10,25.6,13.7,0,69
2/10/2025,Barishal,10,27.4,14.3,0,74
2/11/2025,Barishal,2,28.9,17.9,0,84
2/12/2025,Barishal,6,28.8,20.6,1,86
2/13/2025,Barishal,6,29.3,21.5,1.7,87
2/14/2025,Barishal,0,27.2,18.4,0,69
2/15/2025,Barishal,0,27.5,16.1,0,69
2/16/2025,Barishal,8,29,17.7,0,75
2/17/2025,Barishal,5,29.7,18.4,0,81
2/18/2025,Barishal,4,29.1,19.1,0,84
2/19/2025,Barishal,5,28.5,19.1,0.2,83
2/20/2025,Barishal,3,29.1,20.3,0.1,81
2/21/2025,Barishal,4,29.3,19,0.1,78
2/22/2025,Barishal,2,30.1,18.8,0.5,80
2/23/2025,Barishal,0,28.2,20,0.2,77
2/24/2025,Barishal,2,29.2,19.3,0,72
2/25/2025,Barishal,3,29.4,20,0,65
2/26/2025,Barishal,2,29,19.2,0,63
2/27/2025,Barishal,3,29,19,0,67
2/28/2025,Barishal,1,29.6,18.7,0,75
3/1/2025,Barishal,6,31.3,19.8,0,78
3/2/2025,Barishal,0,32.9,22.2,0,76
3/3/2025,Barishal,1,31.2,22.1,0,80
3/4/2025,Barishal,4,31.3,20.8,0,72
3/5/2025,Barishal,3,30.9,20.3,0,69
3/6/2025,Barishal,1,29.3,20.1,0,65
3/7/2025,Barishal,1,29.7,17,0,59
3/8/2025,Barishal,5,30.3,17.4,0,66
3/9/2025,Barishal,10,30.4,19.1,0,76
3/10/2025,Barishal,2,32,20,0,67
3/11/2025,Barishal,1,32.8,20.4,0,61
3/12/2025,Barishal,7,32.9,19.8,0,66
3/13/2025,Barishal,5,34.8,22.7,0,77
3/14/2025,Barishal,0,33.8,24,0.2,82
3/15/2025,Barishal,3,33.5,24.3,0.1,82
3/16/2025,Barishal,9,34.8,25,0,78
3/17/2025,Barishal,6,32.1,24.2,16.6,84
3/18/2025,Barishal,0,32.4,23.8,0.8,82
3/19/2025,Barishal,0,32.3,23.5,0.2,81
3/20/2025,Barishal,7,31.4,24.2,0.5,85
3/21/2025,Barishal,0,30.6,23.5,0.1,78
3/22/2025,Barishal,2,27.9,22.3,0.4,79
3/23/2025,Barishal,4,28.3,20.8,0,77
3/24/2025,Barishal,5,30.3,19.4,0,67
3/25/2025,Barishal,1,31,19.3,0,66
3/26/2025,Barishal,0,32.2,20.6,0,69
3/27/2025,Barishal,2,34,23,0,75
3/28/2025,Barishal,0,35.6,23.2,0,77
3/29/2025,Barishal,0,34.5,24.2,0,81
3/30/2025,Barishal,0,33.2,25,0,81
3/31/2025,Barishal,0,33.4,24.9,0,79
4/1/2025,Barishal,0,33.1,24,0.1,79
4/2/2025,Barishal,0,32.5,23.1,0,79
4/3/2025,Barishal,11,33.5,22.8,0,77
4/4/2025,Barishal,1,33.6,24.4,0.2,76
4/5/2025,Barishal,5,33.6,24.4,0,75
4/6/2025,Barishal,28,33.4,24.9,0,78
4/7/2025,Barishal,12,32.5,25,0,79
4/8/2025,Barishal,10,32.1,24.3,0.4,78
4/9/2025,Barishal,11,32.2,23.6,0,74
4/10/2025,Barishal,11,32.1,23.5,0.1,72
4/11/2025,Barishal,3,30.7,23.1,0.1,78
4/12/2025,Barishal,10,33.2,23.9,0,78
4/13/2025,Barishal,15,33.3,23.6,0,75
4/14/2025,Barishal,0,33.2,24.4,0.1,75
4/15/2025,Barishal,15,32.3,24.7,0,77
4/16/2025,Barishal,8,32.8,23.6,4.3,79
4/17/2025,Barishal,15,31.9,21.5,10.8,79
4/18/2025,Barishal,0,30.1,23.4,4.6,86
4/19/2025,Barishal,16,29.1,22.7,11.5,86
4/20/2025,Barishal,30,31.3,23.7,3.2,87
4/21/2025,Barishal,22,32.9,26,2.1,85
4/22/2025,Barishal,11,32.9,26.3,0,83
4/23/2025,Barishal,12,33.3,26.8,0.1,83
4/24/2025,Barishal,18,33.2,26.9,0,82
4/25/2025,Barishal,0,33.4,27.1,0.2,82
4/26/2025,Barishal,22,33.3,26.5,0.2,80
4/27/2025,Barishal,16,32.5,27.1,0.7,79
4/28/2025,Barishal,8,31,23.5,13.2,89
4/29/2025,Barishal,11,30.2,24.3,4.5,87
4/30/2025,Barishal,22,30.3,23.9,0.8,86
5/1/2025,Barishal,0,30.7,22.5,7.4,84
5/2/2025,Barishal,20,31,22.2,8.8,85
5/3/2025,Barishal,31,31,24.1,1.8,83
5/4/2025,Barishal,33,31.7,24.7,1.8,82
5/5/2025,Barishal,17,31.8,24.6,0.7,80
5/6/2025,Barishal,23,33.1,24.7,11.7,82
5/7/2025,Barishal,25,33.2,24.7,0,78
5/8/2025,Barishal,29,35,26.3,0.7,78
5/9/2025,Barishal,0,35.9,26.1,0,78
5/10/2025,Barishal,29,36.8,26.4,0,74
5/11/2025,Barishal,3,37,26.7,0,71
5/12/2025,Barishal,40,34.5,27.3,0.4,77
5/13/2025,Barishal,23,33,27.4,1.5,80
5/14/2025,Barishal,50,34.5,27.5,0,75
5/15/2025,Barishal,34,34.1,27.1,0.6,76
5/16/2025,Barishal,0,33.4,27.9,1.6,77
5/17/2025,Barishal,40,33.7,26.4,2.2,78
5/18/2025,Barishal,43,30,25.1,10.2,88
5/19/2025,Barishal,45,32.9,26.4,1.9,81
5/20/2025,Barishal,42,32.3,26.1,16.9,86
5/21/2025,Barishal,41,32.5,26.2,5.3,84
5/22/2025,Barishal,39,32.2,26.5,2.8,83
5/23/2025,Barishal,10,31.2,26.1,3.5,86
5/24/2025,Barishal,64,30,25.2,12.5,88
5/25/2025,Barishal,68,30.6,25.4,13.9,89
5/26/2025,Barishal,41,31.3,26.3,15.4,88
5/27/2025,Barishal,36,32.6,25.8,5,81
5/28/2025,Barishal,69,29.3,26.2,25.3,88
5/29/2025,Barishal,36,27.5,25.9,100.4,94
5/30/2025,Barishal,10,31.1,25.6,48.6,89
5/31/2025,Barishal,1,31,25.4,34.4,90
6/1/2025,Barishal,89,29.8,26.1,21.7,92
6/2/2025,Barishal,58,31.6,25.7,16.8,90
6/3/2025,Barishal,73,32.3,27.1,0.7,87
6/4/2025,Barishal,62,31.8,25.1,19.1,88
6/5/2025,Barishal,50,30.9,26.1,5.3,87
6/6/2025,Barishal,12,31.7,25.7,2.2,87
6/7/2025,Barishal,0,33.1,26.5,1,86
6/8/2025,Barishal,0,33.2,26.4,1.1,84
6/9/2025,Barishal,0,33.1,26.6,0.4,82
6/10/2025,Barishal,20,32.5,27.1,5.9,83
6/11/2025,Barishal,26,32.3,27.2,2.1,83
6/12/2025,Barishal,89,31.7,26.8,8.4,86
6/13/2025,Barishal,124,32.1,26.3,1.1,84
6/14/2025,Barishal,101,32.3,26.9,4,85
6/15/2025,Barishal,134,30.7,25.8,13.9,89
6/16/2025,Barishal,119,30.9,26,13.1,88
6/17/2025,Barishal,138,30.4,25.5,12.7,90
6/18/2025,Barishal,110,28,25.4,38.9,94
6/19/2025,Barishal,105,31.9,26.5,3.1,82
6/20/2025,Barishal,86,29.4,25.8,58.3,91
6/21/2025,Barishal,167,30.8,26.2,4.2,89
6/22/2025,Barishal,136,31.6,26.6,4.3,86
6/23/2025,Barishal,126,30.9,26.4,16.5,85
6/24/2025,Barishal,157,30.8,26.9,3.6,84
6/25/2025,Barishal,118,30.6,26.6,6.2,86
6/26/2025,Barishal,74,30.7,26,4.7,85
6/27/2025,Barishal,107,30,25,29.2,90
6/28/2025,Barishal,141,30.6,24.9,9.4,89
6/29/2025,Barishal,136,31.4,25.5,3,86
6/30/2025,Barishal,149,31.4,26.4,3.2,84
7/1/2025,Barishal,163,30.4,25.8,10.3,87
7/2/2025,Barishal,165,30.8,26,3.1,86
7/3/2025,Barishal,150,30.4,25.8,15.5,88
7/4/2025,Barishal,101,28.8,25.2,31,93
7/5/2025,Barishal,126,29.7,25.5,11.3,91
7/6/2025,Barishal,127,29,25.3,8.2,92
7/7/2025,Barishal,154,28.1,25.4,16.8,93
7/8/2025,Barishal,120,28.8,24.7,44.8,94
7/9/2025,Barishal,98,29.5,25.4,37.7,92
7/10/2025,Barishal,101,29.6,25.4,14.3,88
7/11/2025,Barishal,60,30.9,25.6,8.6,87
7/12/2025,Barishal,128,32.6,25.7,10.3,89
7/13/2025,Barishal,116,31,26.4,16.9,90
7/14/2025,Barishal,86,28,25.8,22.1,93
7/15/2025,Barishal,121,31,25.2,5.2,87
7/16/2025,Barishal,110,31.9,25.8,4.1,87
7/17/2025,Barishal,116,31.3,26.5,2.5,89
7/18/2025,Barishal,10,32.1,26.2,9.6,89
7/19/2025,Barishal,161,31.9,26.3,3,87
7/20/2025,Barishal,132,31.8,26.6,13.2,87
7/21/2025,Barishal,70,32.5,26.4,11.5,87
7/22/2025,Barishal,127,32.8,27.1,1.7,87
7/23/2025,Barishal,89,33.6,26.9,5.7,83
7/24/2025,Barishal,66,32.1,26.6,24.9,85
7/25/2025,Barishal,60,30.2,26.6,9.2,89
7/26/2025,Barishal,132,30.7,25,5.1,89
7/27/2025,Barishal,74,31.6,25.8,17.1,88
7/28/2025,Barishal,108,30.6,25.5,23.7,92
7/29/2025,Barishal,101,28.7,25.4,28.8,94
7/30/2025,Barishal,106,30,25.7,14.5,91
7/31/2025,Barishal,72,28.8,25,27.6,93
8/1/2025,Barishal,49,30.9,25.4,13.2,90
8/2/2025,Barishal,83,31.4,26.3,3.8,88
8/3/2025,Barishal,111,32,26.1,9.5,85
8/4/2025,Barishal,58,31.7,27.2,11.6,86
8/5/2025,Barishal,72,31.9,26.3,6.6,88
8/6/2025,Barishal,104,31.5,26.5,2,86
8/7/2025,Barishal,73,30.2,25.4,2.2,87
8/8/2025,Barishal,40,29.8,25.7,27.4,88
8/9/2025,Barishal,66,31,25.6,0.9,85
8/10/2025,Barishal,95,32.2,26.3,2,83
8/11/2025,Barishal,62,32.3,26.2,1.6,82
8/12/2025,Barishal,75,32.6,26.4,0.4,81
8/13/2025,Barishal,70,30.3,26.4,12.6,88
8/14/2025,Barishal,65,29.5,25.9,10.6,89
8/15/2025,Barishal,32,31,26,6.2,87
8/16/2025,Barishal,35,31.8,25.8,6.9,88
8/17/2025,Barishal,83,31.3,26.7,1.9,84
8/18/2025,Barishal,67,30.9,26.7,1.9,82
8/19/2025,Barishal,46,29.9,25.4,5.2,85
8/20/2025,Barishal,60,28.5,25.1,24.1,91
8/21/2025,Barishal,82,27.6,24.7,52.5,95
8/22/2025,Barishal,29,29.1,24.1,5.5,91
8/23/2025,Barishal,56,29.4,25.2,6.3,90
8/24/2025,Barishal,72,31,24.7,2.2,86
8/25/2025,Barishal,102,31.4,25.6,1.4,86
8/26/2025,Barishal,94,32,26.1,0.3,83
8/27/2025,Barishal,120,30.8,26.1,2.6,84
8/28/2025,Barishal,86,30.1,25.9,6.1,87
8/29/2025,Barishal,39,29.8,26,12,88
8/30/2025,Barishal,54,30.3,25.7,22.6,91
8/31/2025,Barishal,110,30.7,25.8,18.6,90
9/1/2025,Barishal,114,33.2,26.4,14.5,86
9/2/2025,Barishal,113,30.3,26.2,10.5,86
9/3/2025,Barishal,78,29.6,25.5,20.7,87
9/4/2025,Barishal,88,30.5,25.1,10.5,87
9/5/2025,Barishal,48,32,26.1,0.6,85
9/6/2025,Barishal,49,32.3,25.5,8.8,86
9/7/2025,Barishal,129,31.3,26.3,5.5,88
9/8/2025,Barishal,104,32.6,26.6,1.3,85
9/9/2025,Barishal,101,32,26.4,6.4,87
9/10/2025,Barishal,96,32.1,26.3,7.8,89
9/11/2025,Barishal,109,31.3,26.6,15.9,89
9/12/2025,Barishal,49,30,26,12.6,90
9/13/2025,Barishal,45,30.3,26,13.3,90
9/14/2025,Barishal,123,28.8,26.4,11.4,91
9/15/2025,Barishal,131,28.4,24.6,7.3,91
9/16/2025,Barishal,135,29.2,25,5.3,90
9/17/2025,Barishal,131,31.4,25,8.9,88
9/18/2025,Barishal,127,32.2,25.8,3.6,86
9/19/2025,Barishal,92,31.9,26.4,10.3,88
9/20/2025,Barishal,78,31.7,26,15.6,89
9/21/2025,Barishal,166,32.5,26.4,14.8,89
9/22/2025,Barishal,149,28.9,25.4,31.8,92
9/23/2025,Barishal,136,30.3,25.3,11.8,90
9/24/2025,Barishal,158,31,25.9,6.9,90
9/25/2025,Barishal,157,32.1,25.7,0.7,87
9/26/2025,Barishal,39,31.3,26.8,0.8,85
9/27/2025,Barishal,115,30,25.9,13.6,89
9/28/2025,Barishal,166,31.2,26,5.5,89
9/29/2025,Barishal,116,32,26,0,85
9/30/2025,Barishal,137,33.2,26.7,4.7,87
10/1/2025,Barishal,138,29.2,25.3,14.9,90
10/2/2025,Barishal,87,27,24.8,27.8,93
10/3/2025,Barishal,56,30.2,25.6,5.8,87
10/4/2025,Barishal,63,31,25.7,5.9,87
10/5/2025,Barishal,195,30.9,25.1,22.2,89
10/6/2025,Barishal,174,30,25.1,5.7,89
10/7/2025,Barishal,131,28.8,24.1,9.1,93
10/8/2025,Barishal,105,30.4,25,7.6,89
10/9/2025,Barishal,130,30,24.9,7.6,91
10/10/2025,Barishal,115,30.2,25,26.2,89
10/11/2025,Barishal,132,29.1,24.5,13,92
10/12/2025,Barishal,141,30.8,24.6,0.9,84
10/13/2025,Barishal,163,30.7,24.2,0,82
10/14/2025,Barishal,125,31,24.1,0,81
10/15/2025,Barishal,133,31.4,24.1,0,82
10/16/2025,Barishal,134,31.1,24.7,0.4,84
10/17/2025,Barishal,65,31.4,25.2,1.5,87
10/18/2025,Barishal,126,31.8,25.6,1,83
10/19/2025,Barishal,190,31.6,24.1,4.4,88
10/20/2025,Barishal,139,32.1,26.1,0.1,81
10/21/2025,Barishal,126,32.7,25.4,0,78
10/22/2025,Barishal,129,32.4,25,0,80
10/23/2025,Barishal,112,32.2,25.6,0.3,83
10/24/2025,Barishal,73,30.8,24.9,0.8,89
10/25/2025,Barishal,126,32,24.2,0,82
10/26/2025,Barishal,186,31.9,24.6,0,82
10/27/2025,Barishal,141,32.3,25.1,0,79
10/28/2025,Barishal,174,31.8,25,1.3,87
10/29/2025,Barishal,114,30.8,25.3,3.6,89
10/30/2025,Barishal,120,30,25,2.2,90
10/31/2025,Barishal,53,31.1,25.3,0.6,87
1/1/2022,Chattogram,1,25,15.7,0,70
1/2/2022,Chattogram,0,23.8,14.7,0,77
1/3/2022,Chattogram,25,23.8,14.8,0,81
1/4/2022,Chattogram,0,24.8,14.7,0,77
1/5/2022,Chattogram,2,24.1,14.2,0,81
1/6/2022,Chattogram,6,23.9,14.4,0,82
1/7/2022,Chattogram,0,25.2,14.8,0,78
1/8/2022,Chattogram,0,25.7,14.8,0,75
1/9/2022,Chattogram,3,25.8,15.3,0,78
1/10/2022,Chattogram,1,26.6,15.5,0,73
1/11/2022,Chattogram,0,26.6,16.6,0,72
1/12/2022,Chattogram,12,25.1,17.6,0,75
1/13/2022,Chattogram,0,25.2,17.6,0.2,76
1/14/2022,Chattogram,0,23.4,17.9,0.2,74
1/15/2022,Chattogram,1,25.2,16.7,0,74
1/16/2022,Chattogram,0,24.3,16,0,71
1/17/2022,Chattogram,0,23.8,14.5,0,76
1/18/2022,Chattogram,1,23.2,14.9,0,84
1/19/2022,Chattogram,2,22.7,16.1,0,86
1/20/2022,Chattogram,0,22.4,15,0,86
1/21/2022,Chattogram,0,23,14.4,0,80
1/22/2022,Chattogram,0,25.4,13.2,0,73
1/23/2022,Chattogram,0,25.3,14.7,0,74
1/24/2022,Chattogram,1,24.4,17.6,20.3,79
1/25/2022,Chattogram,0,23.7,17.6,2.5,89
1/26/2022,Chattogram,0,21.6,17.8,3.7,85
1/27/2022,Chattogram,0,22.6,16,0.2,85
1/28/2022,Chattogram,0,21.7,14.7,0,67
1/29/2022,Chattogram,0,20.2,13.1,0,61
1/30/2022,Chattogram,0,20.6,11.6,0,73
1/31/2022,Chattogram,0,21.5,11.9,0,79
2/1/2022,Chattogram,0,23.8,12.7,0.4,75
2/2/2022,Chattogram,0,24.4,15.7,0.7,88
2/3/2022,Chattogram,0,24.4,15.8,0,82
2/4/2022,Chattogram,0,25.3,14.5,0,78
2/5/2022,Chattogram,0,22.3,16.1,12.7,87
2/6/2022,Chattogram,0,22.1,13,0,70
2/7/2022,Chattogram,0,21.9,12.2,0,75
2/8/2022,Chattogram,0,24,12.5,0,71
2/9/2022,Chattogram,0,25.1,13.4,0,68
2/10/2022,Chattogram,0,26.1,13.7,0,69
2/11/2022,Chattogram,0,24.5,15.2,0,72
2/12/2022,Chattogram,1,24,15.7,0,64
2/13/2022,Chattogram,0,25,14.2,0,62
2/14/2022,Chattogram,0,24.8,14.1,0,67
2/15/2022,Chattogram,0,24.7,13.6,0,67
2/16/2022,Chattogram,0,24.3,13.3,0,67
2/17/2022,Chattogram,0,26,14.1,0,57
2/18/2022,Chattogram,0,27.2,14.9,0,54
2/19/2022,Chattogram,0,26.4,14.1,0,51
2/20/2022,Chattogram,0,25.9,13.5,1.7,65
2/21/2022,Chattogram,1,23.8,15.9,1.6,83
2/22/2022,Chattogram,1,25.9,14.9,0,80
2/23/2022,Chattogram,0,26.1,14.8,0,78
2/24/2022,Chattogram,0,27.8,16.3,0,81
2/25/2022,Chattogram,0,30,16.1,0,76
2/26/2022,Chattogram,0,29.6,17.2,0,68
2/27/2022,Chattogram,0,30.1,17.2,0,62
2/28/2022,Chattogram,0,30.1,16.9,0,65
3/1/2022,Chattogram,0,30.3,18.4,0,56
3/2/2022,Chattogram,0,30.1,17.7,0,50
3/3/2022,Chattogram,0,30.6,17.9,0,53
3/4/2022,Chattogram,0,30.4,17.4,0,52
3/5/2022,Chattogram,0,31.2,17.9,0,51
3/6/2022,Chattogram,2,32.1,18,0,44
3/7/2022,Chattogram,0,29.6,17.7,0,62
3/8/2022,Chattogram,0,28.9,17.1,0,80
3/9/2022,Chattogram,0,30.2,17.7,0,75
3/10/2022,Chattogram,0,30.9,19.5,0,64
3/11/2022,Chattogram,0,31,19.4,0,58
3/12/2022,Chattogram,0,32,19,0,52
3/13/2022,Chattogram,0,33.4,20,0,49
3/14/2022,Chattogram,0,31.6,19.4,0,61
3/15/2022,Chattogram,0,31.6,19.5,0,71
3/16/2022,Chattogram,0,31.2,19.4,0,75
3/17/2022,Chattogram,0,31.9,19.9,0,74
3/18/2022,Chattogram,0,32.5,20.1,0,67
3/19/2022,Chattogram,0,33.1,20.5,0,73
3/20/2022,Chattogram,0,30.4,21.2,0,78
3/21/2022,Chattogram,0,29.8,21,0,82
3/22/2022,Chattogram,0,30.3,21.1,0,84
3/23/2022,Chattogram,0,32.5,23.5,0,82
3/24/2022,Chattogram,0,30.4,24.4,0.9,79
3/25/2022,Chattogram,1,30.2,25,0.3,75
3/26/2022,Chattogram,0,29.8,25.7,4.2,82
3/27/2022,Chattogram,0,29.5,24.9,3.8,84
3/28/2022,Chattogram,0,30.5,23.7,1.4,83
3/29/2022,Chattogram,1,30.4,24.7,1.4,82
3/30/2022,Chattogram,0,30.7,24.7,0.4,81
3/31/2022,Chattogram,0,30.6,24.6,1.6,81
4/1/2022,Chattogram,0,30.5,25,1.2,80
4/2/2022,Chattogram,0,30.9,25.1,0.4,80
4/3/2022,Chattogram,0,30.8,25.1,0.8,80
4/4/2022,Chattogram,0,30.8,24.8,3.6,79
4/5/2022,Chattogram,0,30.9,24.7,0.3,79
4/6/2022,Chattogram,0,31.1,25.1,0.2,79
4/7/2022,Chattogram,0,31.2,23.1,0,81
4/8/2022,Chattogram,0,30.9,24.4,0,83
4/9/2022,Chattogram,0,31.4,25,0.9,78
4/10/2022,Chattogram,0,31.8,25.4,0.9,75
4/11/2022,Chattogram,0,30.7,23.9,4.8,78
4/12/2022,Chattogram,0,31.3,23.6,1.4,77
4/13/2022,Chattogram,1,31.2,24.9,1.9,75
4/14/2022,Chattogram,0,31.3,27.3,0.1,73
4/15/2022,Chattogram,0,31.4,26.7,2.1,79
4/16/2022,Chattogram,1,31.9,27.1,1.5,76
4/17/2022,Chattogram,0,32.2,26.7,0,72
4/18/2022,Chattogram,0,31.8,26.8,0.6,77
4/19/2022,Chattogram,0,32.2,26.4,1.9,79
4/20/2022,Chattogram,0,31,22.3,19.8,84
4/21/2022,Chattogram,1,28.8,22.7,1,84
4/22/2022,Chattogram,0,29.7,24.3,2.5,84
4/23/2022,Chattogram,0,31.2,24.9,9.2,84
4/24/2022,Chattogram,0,31.7,26.8,0.1,83
4/25/2022,Chattogram,0,32,26.4,0.1,83
4/26/2022,Chattogram,0,31.8,26.5,0.2,81
4/27/2022,Chattogram,0,32.1,26.3,0.7,81
4/28/2022,Chattogram,0,31.8,25.2,0,84
4/29/2022,Chattogram,0,31.8,26.5,0,82
4/30/2022,Chattogram,0,32.2,25.5,0,78
5/1/2022,Chattogram,0,32.2,24.3,0,75
5/2/2022,Chattogram,0,31.8,23.9,5.8,77
5/3/2022,Chattogram,0,31.6,25.4,4.6,84
5/4/2022,Chattogram,0,28.8,22.3,31,86
5/5/2022,Chattogram,0,29.3,22,11.7,84
5/6/2022,Chattogram,0,30.6,23.9,1.5,82
5/7/2022,Chattogram,0,31.8,24.5,0,78
5/8/2022,Chattogram,0,32.4,25.1,0,77
5/9/2022,Chattogram,0,28.3,25.4,13.6,85
5/10/2022,Chattogram,0,27.8,25,12.6,89
5/11/2022,Chattogram,0,29.8,25,19.1,87
5/12/2022,Chattogram,0,29.5,24.1,13.1,85
5/13/2022,Chattogram,0,29.7,24.8,9.6,84
5/14/2022,Chattogram,0,30.7,26.3,6.6,81
5/15/2022,Chattogram,0,30,26.4,2.1,86
5/16/2022,Chattogram,0,30.7,26,1.4,85
5/17/2022,Chattogram,0,30.4,26.5,2.2,85
5/18/2022,Chattogram,0,31.5,26.6,5.3,84
5/19/2022,Chattogram,0,30.7,26.9,3.9,85
5/20/2022,Chattogram,0,29.8,26.2,2.6,87
5/21/2022,Chattogram,0,31,25.9,3.2,82
5/22/2022,Chattogram,0,31.1,27.1,3.4,82
5/23/2022,Chattogram,1,30.6,23.8,26.7,85
5/24/2022,Chattogram,0,31.2,26,0,81
5/25/2022,Chattogram,0,30.2,24.8,1.7,84
5/26/2022,Chattogram,0,29.6,23.8,2.6,85
5/27/2022,Chattogram,0,29.5,24.4,2.9,86
5/28/2022,Chattogram,0,29.9,23.3,5.3,87
5/29/2022,Chattogram,0,29.9,25.3,12,87
5/30/2022,Chattogram,0,28.9,23.7,32.4,88
5/31/2022,Chattogram,0,29.8,24,18.5,87
6/1/2022,Chattogram,0,29.9,24.5,7.8,85
6/2/2022,Chattogram,0,29.1,24.1,30.2,89
6/3/2022,Chattogram,0,28.6,25.3,9.9,88
6/4/2022,Chattogram,0,29.1,24.8,9.4,89
6/5/2022,Chattogram,1,30.3,25,2.8,85
6/6/2022,Chattogram,0,30.1,24.5,2.5,86
6/7/2022,Chattogram,0,30.3,25.6,0.6,85
6/8/2022,Chattogram,0,29.9,26.3,1.7,86
6/9/2022,Chattogram,2,29.3,25.6,4.1,88
6/10/2022,Chattogram,0,28.8,25.4,2.4,87
6/11/2022,Chattogram,0,30.1,25.6,1.1,83
6/12/2022,Chattogram,1,30.5,26,0.6,83
6/13/2022,Chattogram,5,30.2,26.4,1.9,84
6/14/2022,Chattogram,0,30.2,26.6,4.8,84
6/15/2022,Chattogram,0,28.3,25.3,15.6,88
6/16/2022,Chattogram,0,27.8,24.8,26.9,92
6/17/2022,Chattogram,0,27.4,24.3,49.3,92
6/18/2022,Chattogram,1,26.9,24.2,38.5,92
6/19/2022,Chattogram,0,27.3,24.2,37.8,92
6/20/2022,Chattogram,0,26.1,24.5,76.1,94
6/21/2022,Chattogram,0,27.5,23.9,12.8,90
6/22/2022,Chattogram,0,29.2,24.1,1.6,86
6/23/2022,Chattogram,0,29.2,24.6,2.1,87
6/24/2022,Chattogram,3,29.2,25,3.8,86
6/25/2022,Chattogram,0,29.4,25,0.2,84
6/26/2022,Chattogram,1,30.2,25.7,0.7,85
6/27/2022,Chattogram,0,29.9,26,2.9,86
6/28/2022,Chattogram,0,29.8,25.8,5.9,87
6/29/2022,Chattogram,1,28.9,25.4,11.7,88
6/30/2022,Chattogram,0,28.6,25.4,11,90
7/1/2022,Chattogram,3,27.6,25.3,14.2,91
7/2/2022,Chattogram,1,29.4,25.1,4.9,88
7/3/2022,Chattogram,5,29.7,25.6,6.1,86
7/4/2022,Chattogram,3,30.2,25.9,1.7,85
7/5/2022,Chattogram,0,30.8,26.2,6.9,87
7/6/2022,Chattogram,0,30.6,26.2,4.9,85
7/7/2022,Chattogram,0,30.4,26.1,3.8,86
7/8/2022,Chattogram,0,30.4,25.9,4,85
7/9/2022,Chattogram,0,30.5,24.5,4.5,87
7/10/2022,Chattogram,0,31,25.8,2.4,85
7/11/2022,Chattogram,0,30.6,25.5,4.9,83
7/12/2022,Chattogram,29,31.7,25.8,3.2,82
7/13/2022,Chattogram,11,33,25.6,2.7,80
7/14/2022,Chattogram,8,32.1,26,3.9,82
7/15/2022,Chattogram,0,31.5,26.3,8.8,84
7/16/2022,Chattogram,0,31.9,26.1,3.2,82
7/17/2022,Chattogram,16,31.4,26.1,2,82
7/18/2022,Chattogram,14,30.5,26.1,6.9,85
7/19/2022,Chattogram,10,30.1,25.8,10,87
7/20/2022,Chattogram,12,29.6,25.3,15.6,88
7/21/2022,Chattogram,14,30.1,26,2.1,86
7/22/2022,Chattogram,0,30.7,26.1,2.2,86
7/23/2022,Chattogram,2,29.3,25.5,33,90
7/24/2022,Chattogram,3,29.2,25.1,18.2,88
7/25/2022,Chattogram,19,28.1,25.1,6.2,87
7/26/2022,Chattogram,22,31.3,24.7,0.3,81
7/27/2022,Chattogram,3,31,25.5,0,81
7/28/2022,Chattogram,3,31.1,26.6,0.4,85
7/29/2022,Chattogram,14,31,26.5,0.3,86
7/30/2022,Chattogram,11,31.3,27.9,0.7,82
7/31/2022,Chattogram,20,30.6,26.8,2.8,84
8/1/2022,Chattogram,17,30.9,26.5,1.4,86
8/2/2022,Chattogram,14,30.6,26.9,2.4,86
8/3/2022,Chattogram,17,29.7,25.4,21.4,90
8/4/2022,Chattogram,19,31.5,26.4,5.1,85
8/5/2022,Chattogram,0,31.5,25.8,4.7,85
8/6/2022,Chattogram,0,30.9,25.8,8.1,88
8/7/2022,Chattogram,14,31.5,25.8,1.3,86
8/8/2022,Chattogram,18,31.5,26,6.6,85
8/9/2022,Chattogram,0,31,25.6,7.3,83
8/10/2022,Chattogram,18,29.8,25.5,6.6,84
8/11/2022,Chattogram,13,29.5,25.4,6.4,84
8/12/2022,Chattogram,0,29.7,25,3.4,86
8/13/2022,Chattogram,0,29.8,25.4,4.9,84
8/14/2022,Chattogram,39,28.7,25.7,13.7,84
8/15/2022,Chattogram,24,30.5,25.3,0.8,85
8/16/2022,Chattogram,16,29.8,26,3.7,87
8/17/2022,Chattogram,14,31,26.4,5.3,86
8/18/2022,Chattogram,8,35,27.9,2,81
8/19/2022,Chattogram,5,31,26.8,2.2,77
8/20/2022,Chattogram,13,30.4,26.3,5.3,82
8/21/2022,Chattogram,17,30.3,25.7,0.5,85
8/22/2022,Chattogram,11,30.8,25.2,9.5,88
8/23/2022,Chattogram,43,30,24.7,23.4,86
8/24/2022,Chattogram,29,29.6,25.2,8.5,85
8/25/2022,Chattogram,31,30.5,25,0.9,85
8/26/2022,Chattogram,0,30.8,26.6,1.8,83
8/27/2022,Chattogram,12,28.9,26.1,8.5,87
8/28/2022,Chattogram,26,30.2,25.3,1.5,86
8/29/2022,Chattogram,47,31.2,25.3,0,86
8/30/2022,Chattogram,32,31.6,26.7,0,82
8/31/2022,Chattogram,33,31.1,26.1,0.4,86
9/1/2022,Chattogram,17,30.6,26.8,1.3,86
9/2/2022,Chattogram,11,29.7,25.8,7,88
9/3/2022,Chattogram,25,30.4,26.3,3.1,84
9/4/2022,Chattogram,28,30,25,10.6,86
9/5/2022,Chattogram,32,29.2,25,14.9,88
9/6/2022,Chattogram,33,30.2,25.4,7.6,87
9/7/2022,Chattogram,47,31.7,26.1,1.7,88
9/8/2022,Chattogram,40,32.8,26.6,4.5,87
9/9/2022,Chattogram,0,31,25.3,7.9,88
9/10/2022,Chattogram,33,30.2,25.5,20,89
9/11/2022,Chattogram,88,27.7,24.6,38.2,91
9/12/2022,Chattogram,52,26.9,24.2,46.8,93
9/13/2022,Chattogram,53,28,23.7,43,92
9/14/2022,Chattogram,57,26.9,24.5,45.6,93
9/15/2022,Chattogram,49,28.1,24.7,10,88
9/16/2022,Chattogram,7,29.3,23.4,12,89
9/17/2022,Chattogram,14,29.3,25.1,3.9,89
9/18/2022,Chattogram,49,30.1,24.2,9.1,89
9/19/2022,Chattogram,57,31,25.4,12.6,86
9/20/2022,Chattogram,50,29.5,25.4,2.6,83
9/21/2022,Chattogram,34,29.8,25.5,3,85
9/22/2022,Chattogram,55,30.1,25.3,3.1,87
9/23/2022,Chattogram,16,29.2,25.5,1,90
9/24/2022,Chattogram,67,29.2,25.5,3.2,88
9/25/2022,Chattogram,42,29.1,25.5,6.2,90
9/26/2022,Chattogram,44,29.1,25.4,5.7,90
9/27/2022,Chattogram,42,29.5,24.5,9.8,89
9/28/2022,Chattogram,58,29.6,24.6,14.5,90
9/29/2022,Chattogram,45,31.2,25.1,2,87
9/30/2022,Chattogram,36,31.4,24.6,5.3,89
10/1/2022,Chattogram,42,29.6,25.4,27,90
10/2/2022,Chattogram,69,28.8,24.4,22.4,90
10/3/2022,Chattogram,60,28.8,24.8,9,89
10/4/2022,Chattogram,33,31,24.2,1.6,88
10/5/2022,Chattogram,21,32.2,25.3,0.5,83
10/6/2022,Chattogram,90,31.2,24.6,0,80
10/7/2022,Chattogram,0,31.9,24.8,0,80
10/8/2022,Chattogram,102,31.7,25,0.5,84
10/9/2022,Chattogram,18,30.6,25.6,1.1,87
10/10/2022,Chattogram,90,29.9,25.6,2.2,88
10/11/2022,Chattogram,83,29.3,25.5,5.4,87
10/12/2022,Chattogram,75,30.1,24.7,4.3,87
10/13/2022,Chattogram,87,29.9,24.8,7.5,87
10/14/2022,Chattogram,26,30.5,25.1,0.2,83
10/15/2022,Chattogram,96,32.2,25.6,0,78
10/16/2022,Chattogram,115,32,25.4,0,78
10/17/2022,Chattogram,88,29.4,25.2,5.7,89
10/18/2022,Chattogram,123,30.5,24.8,5.8,85
10/19/2022,Chattogram,96,30.5,24.6,4.2,88
10/20/2022,Chattogram,97,31.4,24.6,0.1,82
10/21/2022,Chattogram,20,31.4,24.3,0,83
10/22/2022,Chattogram,120,32.3,24.5,0.1,83
10/23/2022,Chattogram,145,29.2,26,2.9,87
10/24/2022,Chattogram,110,26.6,24.3,60.5,91
10/25/2022,Chattogram,96,27.3,21.9,8.3,84
10/26/2022,Chattogram,127,29.4,21,0,81
10/27/2022,Chattogram,153,29.8,21.2,0,76
10/28/2022,Chattogram,48,29,20.1,0,75
10/29/2022,Chattogram,158,29.6,21.5,0,83
10/30/2022,Chattogram,143,29.9,23.2,0,87
10/31/2022,Chattogram,148,30.8,24,0,84
11/1/2022,Chattogram,102,31.7,24.1,0,83
11/2/2022,Chattogram,140,30.6,23.4,0,80
11/3/2022,Chattogram,127,29.6,23.7,0,77
11/4/2022,Chattogram,44,28.6,22.1,0,77
11/5/2022,Chattogram,153,29.1,21.2,0.4,84
11/6/2022,Chattogram,102,29.3,22.4,0,82
11/7/2022,Chattogram,92,29.3,22.5,0,81
11/8/2022,Chattogram,111,28.3,21.1,0,81
11/9/2022,Chattogram,129,28.3,19.8,0,80
11/10/2022,Chattogram,169,29.1,19.1,0,81
11/11/2022,Chattogram,38,28.4,19,0,76
11/12/2022,Chattogram,149,28.6,19.4,0,72
11/13/2022,Chattogram,200,28.9,20.2,0,68
11/14/2022,Chattogram,123,28.3,19.8,0,73
11/15/2022,Chattogram,112,28.4,19,0,75
11/16/2022,Chattogram,95,28.3,18.5,0,74
11/17/2022,Chattogram,139,28.6,18.7,0,71
11/18/2022,Chattogram,21,28.9,19.5,0,66
11/19/2022,Chattogram,114,28.9,18.8,0,68
11/20/2022,Chattogram,130,30.1,21,0,73
11/21/2022,Chattogram,172,29.2,21.9,0,69
11/22/2022,Chattogram,90,27.6,21.1,0,64
11/23/2022,Chattogram,100,27,18.2,0,69
11/24/2022,Chattogram,124,27.5,18,0,71
11/25/2022,Chattogram,30,27.8,17.4,0,77
11/26/2022,Chattogram,96,28.1,17.8,0,81
11/27/2022,Chattogram,95,27.8,18,0,76
11/28/2022,Chattogram,86,28.7,20.4,0,75
11/29/2022,Chattogram,74,29,21.7,0.4,85
11/30/2022,Chattogram,96,29,22.1,0,86
12/1/2022,Chattogram,59,29,22.3,0,75
12/2/2022,Chattogram,29,27.9,20.6,0,68
12/3/2022,Chattogram,68,28,19.4,0,72
12/4/2022,Chattogram,108,27.4,19.1,0,69
12/5/2022,Chattogram,84,27.3,18.7,0,75
12/6/2022,Chattogram,73,26.9,18.4,0,72
12/7/2022,Chattogram,54,26.5,17.1,0,73
12/8/2022,Chattogram,47,27.1,17,0,74
12/9/2022,Chattogram,12,27.4,17.1,0,74
12/10/2022,Chattogram,79,27.3,17.8,0,70
12/11/2022,Chattogram,45,27.3,16.9,0,71
12/12/2022,Chattogram,45,27.1,17.2,0,72
12/13/2022,Chattogram,68,26.5,16.6,0,75
12/14/2022,Chattogram,51,27.2,17,0,76
12/15/2022,Chattogram,37,25.8,16.9,0,72
12/16/2022,Chattogram,10,25.4,16.3,0,73
12/17/2022,Chattogram,28,26.2,15.6,0,75
12/18/2022,Chattogram,40,26.6,17.1,0,78
12/19/2022,Chattogram,19,25.9,18.2,0,76
12/20/2022,Chattogram,17,25.6,15,0,76
12/21/2022,Chattogram,27,25.6,15.4,0,73
12/22/2022,Chattogram,20,25.5,15.2,0,73
12/23/2022,Chattogram,3,25.8,16.4,0,75
12/24/2022,Chattogram,19,24.7,15.6,0,73
12/25/2022,Chattogram,10,26.5,14.8,0,74
12/26/2022,Chattogram,36,27.6,15.2,0,77
12/27/2022,Chattogram,18,25.5,16,0.9,83
12/28/2022,Chattogram,18,24.2,18.1,5.3,87
12/29/2022,Chattogram,19,24.5,16.4,0.4,77
12/30/2022,Chattogram,5,22.7,13.6,0,72
12/31/2022,Chattogram,11,23.2,13.9,0,77
1/1/2023,Chattogram,4,24.5,13.9,0,75
1/2/2023,Chattogram,8,25.4,13.4,0,72
1/3/2023,Chattogram,16,24.6,13.8,0,68
1/4/2023,Chattogram,15,24.4,14,0,72
1/5/2023,Chattogram,4,24.3,14.1,0,78
1/6/2023,Chattogram,2,22.2,14.4,0,85
1/7/2023,Chattogram,12,22.7,14.4,0,87
1/8/2023,Chattogram,8,23.4,15.4,0,91
1/9/2023,Chattogram,4,25.3,16,0,87
1/10/2023,Chattogram,13,25,15.7,0,82
1/11/2023,Chattogram,14,24.6,15.3,0,77
1/12/2023,Chattogram,0,22.7,13.7,0,75
1/13/2023,Chattogram,5,24.3,12.9,0,75
1/14/2023,Chattogram,0,24.9,13.1,0,80
1/15/2023,Chattogram,10,25.2,16.8,0.2,79
1/16/2023,Chattogram,3,25.9,15.6,0,61
1/17/2023,Chattogram,5,24.5,16.1,0,65
1/18/2023,Chattogram,2,24.7,14.2,0,65
1/19/2023,Chattogram,3,24,14.2,0,64
1/20/2023,Chattogram,0,24.4,12.2,0,64
1/21/2023,Chattogram,2,24.9,12.7,0,66
1/22/2023,Chattogram,1,27.7,13.8,0,64
1/23/2023,Chattogram,3,27.5,14.8,0,65
1/24/2023,Chattogram,3,28.2,15.9,0,63
1/25/2023,Chattogram,2,28.3,15.5,0,66
1/26/2023,Chattogram,2,28,16.2,0,70
1/27/2023,Chattogram,0,28,16.7,0,72
1/28/2023,Chattogram,1,28.1,17.6,0,69
1/29/2023,Chattogram,4,26.8,17.2,0,72
1/30/2023,Chattogram,0,26.8,14.9,0,75
1/31/2023,Chattogram,2,26.3,14.2,0,77
2/1/2023,Chattogram,0,27.5,15.5,0,71
2/2/2023,Chattogram,2,27.4,18.4,0,61
2/3/2023,Chattogram,0,25.1,15.5,0,68
2/4/2023,Chattogram,3,25.1,15.3,0,71
2/5/2023,Chattogram,2,24.9,15,0,72
2/6/2023,Chattogram,4,25.2,14.4,0,73
2/7/2023,Chattogram,2,25.5,14.9,0,77
2/8/2023,Chattogram,3,25.2,16.2,0,86
2/9/2023,Chattogram,0,25.5,17.3,0,87
2/10/2023,Chattogram,0,26.1,17.4,0,84
2/11/2023,Chattogram,2,26.9,16,0,78
2/12/2023,Chattogram,0,26.5,17.2,0,81
2/13/2023,Chattogram,2,27.5,18.6,1.3,63
2/14/2023,Chattogram,4,25.5,15.1,0,49
2/15/2023,Chattogram,2,25.8,13.1,0,60
2/16/2023,Chattogram,0,26.6,14.6,0,69
2/17/2023,Chattogram,0,27.8,15.5,0,66
2/18/2023,Chattogram,2,27.8,16.3,0,67
2/19/2023,Chattogram,0,28.1,17.1,0,75
2/20/2023,Chattogram,2,26.5,18.1,0,83
2/21/2023,Chattogram,0,26.7,18.9,0,88
2/22/2023,Chattogram,3,27.1,20.4,0,86
2/23/2023,Chattogram,0,27.2,21.3,0,85
2/24/2023,Chattogram,2,28.3,20,0,85
2/25/2023,Chattogram,0,30.7,19.9,0,74
2/26/2023,Chattogram,2,31.9,19.3,0,44
2/27/2023,Chattogram,1,31.1,19.5,0,55
2/28/2023,Chattogram,1,30.6,18.5,0,71
3/1/2023,Chattogram,1,32.1,19,0,51
3/2/2023,Chattogram,4,32.5,19.6,0,46
3/3/2023,Chattogram,0,32.5,20.1,0,47
3/4/2023,Chattogram,0,31.6,18.5,0,60
3/5/2023,Chattogram,0,31.3,18.8,0,66
3/6/2023,Chattogram,2,30.3,19.7,0,69
3/7/2023,Chattogram,0,33,19.8,0,59
3/8/2023,Chattogram,0,32.2,20.4,0,43
3/9/2023,Chattogram,0,33.1,22.4,0,42
3/10/2023,Chattogram,0,33.5,22.3,0,45
3/11/2023,Chattogram,0,34.1,21.7,0,44
3/12/2023,Chattogram,1,35,22.2,0,42
3/13/2023,Chattogram,0,33.9,22,0,43
3/14/2023,Chattogram,0,30.9,20.9,0,70
3/15/2023,Chattogram,1,29.6,21.6,1.1,80
3/16/2023,Chattogram,0,30.2,22.2,0,81
3/17/2023,Chattogram,0,31.8,21.8,0.5,67
3/18/2023,Chattogram,0,31.6,21.6,0,60
3/19/2023,Chattogram,1,27.4,21.8,7.2,79
3/20/2023,Chattogram,1,26,21.3,1,81
3/21/2023,Chattogram,1,27.2,20.2,13,85
3/22/2023,Chattogram,0,25.2,20.4,13.3,89
3/23/2023,Chattogram,0,28.3,19.4,0.3,83
3/24/2023,Chattogram,0,29.1,20.2,0,81
3/25/2023,Chattogram,1,30.3,20,0,72
3/26/2023,Chattogram,0,30,20.9,0.3,81
3/27/2023,Chattogram,0,29.9,22.1,0.9,85
3/28/2023,Chattogram,1,29.6,21.8,1,84
3/29/2023,Chattogram,0,29.7,22.4,5.2,88
3/30/2023,Chattogram,3,29.5,21.2,0.5,86
3/31/2023,Chattogram,0,28.3,21.8,4,86
4/1/2023,Chattogram,0,28.6,22.2,12.8,87
4/2/2023,Chattogram,1,28.4,21.3,1.1,82
4/3/2023,Chattogram,0,27.7,21.2,4.6,86
4/4/2023,Chattogram,0,30.1,22.6,0.1,84
4/5/2023,Chattogram,0,30.1,24.7,8.1,83
4/6/2023,Chattogram,1,30.9,23.2,0,83
4/7/2023,Chattogram,0,34,21.4,0,65
4/8/2023,Chattogram,0,34.7,20.9,0,62
4/9/2023,Chattogram,0,34,21.3,0,63
4/10/2023,Chattogram,1,34.4,22.4,0,66
4/11/2023,Chattogram,1,33.8,22.9,0,71
4/12/2023,Chattogram,2,33.7,23.5,0,73
4/13/2023,Chattogram,0,33.7,23.8,0,78
4/14/2023,Chattogram,0,34.1,23.4,0,79
4/15/2023,Chattogram,0,34.8,23.9,0,77
4/16/2023,Chattogram,1,34.6,24.7,0,80
4/17/2023,Chattogram,2,33.2,26.4,0,83
4/18/2023,Chattogram,6,33.3,26.8,0.1,81
4/19/2023,Chattogram,0,33.3,26.9,0,81
4/20/2023,Chattogram,0,33.5,24.6,8.8,80
4/21/2023,Chattogram,0,32.7,24.7,26.9,83
4/22/2023,Chattogram,0,31.8,23.5,2.1,79
4/23/2023,Chattogram,0,32,23.3,0.8,74
4/24/2023,Chattogram,3,33.9,21.8,0,66
4/25/2023,Chattogram,2,33.3,24.2,0,61
4/26/2023,Chattogram,1,33.9,23.7,0,65
4/27/2023,Chattogram,2,34.5,23.5,0,68
4/28/2023,Chattogram,0,32.6,25.1,0,67
4/29/2023,Chattogram,5,33.5,24.9,0,72
4/30/2023,Chattogram,5,33.8,24.9,0,68
5/1/2023,Chattogram,0,34,26.4,0,61
5/2/2023,Chattogram,3,34.3,25.8,0.6,61
5/3/2023,Chattogram,3,32,25.4,0.1,70
5/4/2023,Chattogram,0,30.1,25.6,2.1,78
5/5/2023,Chattogram,0,32,24.7,0,75
5/6/2023,Chattogram,1,31.7,24.9,5.7,79
5/7/2023,Chattogram,1,33.2,26.2,0.4,78
5/8/2023,Chattogram,2,35.4,25,0,70
5/9/2023,Chattogram,2,35.6,24.9,0,69
5/10/2023,Chattogram,0,33.5,27.3,0,79
5/11/2023,Chattogram,2,33.9,26.1,0,78
5/12/2023,Chattogram,0,33.8,26.5,0,78
5/13/2023,Chattogram,6,30,25.1,14.1,81
5/14/2023,Chattogram,3,25.7,23.1,65.1,87
5/15/2023,Chattogram,2,29.8,21.4,3.1,81
5/16/2023,Chattogram,1,30.2,23.4,18,83
5/17/2023,Chattogram,2,30.6,25,1.4,82
5/18/2023,Chattogram,1,28.5,25,20.4,86
5/19/2023,Chattogram,0,30.9,24.5,0,84
5/20/2023,Chattogram,0,31,25.9,1.4,84
5/21/2023,Chattogram,1,30.9,25.1,0,83
5/22/2023,Chattogram,2,30.9,25.3,0.3,84
5/23/2023,Chattogram,3,31.2,25.9,5.8,87
5/24/2023,Chattogram,2,29.5,25.3,9.2,88
5/25/2023,Chattogram,8,29.2,23.2,2.9,88
5/26/2023,Chattogram,0,30.8,25.8,2.2,86
5/27/2023,Chattogram,6,30.7,25.1,0.9,85
5/28/2023,Chattogram,4,31.3,24.5,0,85
5/29/2023,Chattogram,7,33,25.3,0,76
5/30/2023,Chattogram,10,33.2,24.7,0,78
5/31/2023,Chattogram,9,32.3,27.6,0.9,85
6/1/2023,Chattogram,8,31.4,27.2,1.7,84
6/2/2023,Chattogram,0,32.2,27.4,0,81
6/3/2023,Chattogram,8,31.9,27.1,0.4,80
6/4/2023,Chattogram,3,32,26.6,0.1,81
6/5/2023,Chattogram,7,32.7,27.3,0.1,81
6/6/2023,Chattogram,3,32.3,27.5,0.9,85
6/7/2023,Chattogram,12,31,26.8,6.6,89
6/8/2023,Chattogram,6,29.8,24.9,54.4,90
6/9/2023,Chattogram,0,29.5,26,43,89
6/10/2023,Chattogram,2,29,25.5,17.6,90
6/11/2023,Chattogram,19,29.1,25.6,9.9,87
6/12/2023,Chattogram,20,30.7,26.2,0.8,85
6/13/2023,Chattogram,14,31.2,26.2,0.5,84
6/14/2023,Chattogram,7,30.8,26,1.4,85
6/15/2023,Chattogram,25,31,25.5,1.7,84
6/16/2023,Chattogram,2,31.7,27.2,1.4,83
6/17/2023,Chattogram,31,30.2,27.3,12.3,85
6/18/2023,Chattogram,20,30.7,26.8,7.5,85
6/19/2023,Chattogram,19,29.9,26.8,2.3,84
6/20/2023,Chattogram,28,30.8,26.2,1,84
6/21/2023,Chattogram,21,30.6,26.1,3.5,85
6/22/2023,Chattogram,56,29.3,25.4,9.1,86
6/23/2023,Chattogram,0,30.1,25.6,8.7,86
6/24/2023,Chattogram,19,29.5,25.5,6.7,86
6/25/2023,Chattogram,46,30.3,25.7,1.1,83
6/26/2023,Chattogram,50,29.8,25.6,10.5,86
6/27/2023,Chattogram,15,28,25,22,91
6/28/2023,Chattogram,16,29.8,25,11.5,89
6/29/2023,Chattogram,9,31.1,26.2,4.7,85
6/30/2023,Chattogram,16,30.6,25.6,5.8,87
7/1/2023,Chattogram,20,30.7,26.6,2.1,87
7/2/2023,Chattogram,127,31.2,26.9,1.2,85
7/3/2023,Chattogram,101,31.1,27.1,4,85
7/4/2023,Chattogram,91,30.8,26.3,9.7,86
7/5/2023,Chattogram,84,31.9,26.2,3,82
7/6/2023,Chattogram,92,30.3,26,9.1,86
7/7/2023,Chattogram,35,28.9,25.7,10.3,86
7/8/2023,Chattogram,41,30.3,25.7,1.7,85
7/9/2023,Chattogram,117,29.5,26.1,2.5,86
7/10/2023,Chattogram,147,29,25.6,14.2,89
7/11/2023,Chattogram,123,29.5,26,5.9,86
7/12/2023,Chattogram,185,29.8,25.8,10.1,84
7/13/2023,Chattogram,148,30,25.5,7.3,86
7/14/2023,Chattogram,65,28.6,24.9,15.8,89
7/15/2023,Chattogram,144,29.4,24.8,6.3,86
7/16/2023,Chattogram,187,30.3,25.7,2.6,84
7/17/2023,Chattogram,260,30.3,25.3,3.2,85
7/18/2023,Chattogram,229,31.2,26.2,4.7,83
7/19/2023,Chattogram,266,31.7,26.2,1.8,81
7/20/2023,Chattogram,230,31.6,26.1,1.8,83
7/21/2023,Chattogram,269,31.9,26.1,3,83
7/22/2023,Chattogram,331,32.1,26.1,2.1,82
7/23/2023,Chattogram,298,31.7,26.4,0,82
7/24/2023,Chattogram,335,32.3,25.9,0.3,84
7/25/2023,Chattogram,336,31.8,25.8,11.5,85
7/26/2023,Chattogram,280,31.3,25.9,7.9,83
7/27/2023,Chattogram,61,30.4,26.2,3.5,83
7/28/2023,Chattogram,390,30,25.6,8.1,84
7/29/2023,Chattogram,415,31.1,26.1,4,83
7/30/2023,Chattogram,362,32.1,26.4,9.3,84
7/31/2023,Chattogram,331,31.9,26.2,16.8,88
8/1/2023,Chattogram,375,31.1,26.6,22.4,86
8/2/2023,Chattogram,420,28.7,25.6,25.4,90
8/3/2023,Chattogram,338,28.7,25.1,16.9,90
8/4/2023,Chattogram,227,28.4,24.9,37.2,92
8/5/2023,Chattogram,472,29.1,25.4,24.7,90
8/6/2023,Chattogram,378,27.6,25.2,71.8,92
8/7/2023,Chattogram,346,27.3,25.5,96,93
8/8/2023,Chattogram,364,27.5,24.8,47.9,93
8/9/2023,Chattogram,413,29.4,24.6,7.3,90
8/10/2023,Chattogram,397,29.5,25.2,5.5,89
8/11/2023,Chattogram,350,29.8,25.1,9.9,87
8/12/2023,Chattogram,391,29.3,25,23.4,89
8/13/2023,Chattogram,400,29.6,25,34.2,90
8/14/2023,Chattogram,376,29.9,25.3,6.3,88
8/15/2023,Chattogram,325,30.3,25.4,5.7,88
8/16/2023,Chattogram,352,30.1,25.2,2.7,88
8/17/2023,Chattogram,334,30.8,25.3,3.7,89
8/18/2023,Chattogram,212,31.6,25.9,3.5,82
8/19/2023,Chattogram,291,30.6,25.8,0.7,84
8/20/2023,Chattogram,341,30.5,26,0.2,86
8/21/2023,Chattogram,322,30.3,26.4,2,86
8/22/2023,Chattogram,394,28.8,26.2,8.2,89
8/23/2023,Chattogram,336,28.4,25.1,35.8,92
8/24/2023,Chattogram,262,28.6,24.8,17.6,90
8/25/2023,Chattogram,232,28.7,24.9,18.9,90
8/26/2023,Chattogram,341,28.2,25.5,50.8,90
8/27/2023,Chattogram,394,27.5,24,67.7,94
8/28/2023,Chattogram,316,30.2,24.9,0.5,90
8/29/2023,Chattogram,367,31,25.3,1.7,87
8/30/2023,Chattogram,364,30.3,25.9,7,90
8/31/2023,Chattogram,354,30.1,24.8,35.1,89
9/1/2023,Chattogram,281,30.1,25.6,6.9,90
9/2/2023,Chattogram,364,30,25.6,16.6,90
9/3/2023,Chattogram,375,30.2,24.8,17.8,89
9/4/2023,Chattogram,404,31.5,25.9,4.5,86
9/5/2023,Chattogram,352,30,25.8,5.4,90
9/6/2023,Chattogram,305,31.2,26.6,7.3,86
9/7/2023,Chattogram,423,30.6,25.6,15.9,87
9/8/2023,Chattogram,256,28.9,24.8,18.1,91
9/9/2023,Chattogram,380,30.4,25.3,0.2,88
9/10/2023,Chattogram,477,30.7,25.8,2.7,88
9/11/2023,Chattogram,403,30.1,25.1,10.2,90
9/12/2023,Chattogram,462,30.7,25.2,13.9,89
9/13/2023,Chattogram,468,31.7,25.4,6.4,85
9/14/2023,Chattogram,380,29.6,26.1,7.8,85
9/15/2023,Chattogram,350,30.5,25.4,1.4,86
9/16/2023,Chattogram,374,30.7,25,0.9,88
9/17/2023,Chattogram,416,31.6,25.9,12,89
9/18/2023,Chattogram,470,29.1,24.8,59.9,90
9/19/2023,Chattogram,450,30.5,25.1,15.7,86
9/20/2023,Chattogram,454,29.7,26.1,7.2,85
9/21/2023,Chattogram,547,29.8,25.5,9.7,87
9/22/2023,Chattogram,299,29.8,25.5,7.6,88
9/23/2023,Chattogram,465,29.9,25.5,5.2,89
9/24/2023,Chattogram,455,30.6,24.6,0.2,87
9/25/2023,Chattogram,508,31,25.1,0.7,88
9/26/2023,Chattogram,432,32.6,25.5,0,84
9/27/2023,Chattogram,441,31.6,24.4,19.6,87
9/28/2023,Chattogram,366,33,26.8,25.9,86
9/29/2023,Chattogram,314,28.9,25.8,13.8,91
9/30/2023,Chattogram,372,30.4,25.8,8.9,86
10/1/2023,Chattogram,372,30.6,25.2,12.7,88
10/2/2023,Chattogram,397,29.6,24.9,6.1,89
10/3/2023,Chattogram,418,28.6,25.1,10.6,89
10/4/2023,Chattogram,420,28.9,25.1,15.6,88
10/5/2023,Chattogram,337,29.2,25.5,8,87
10/6/2023,Chattogram,287,30.1,24.7,15.3,87
10/7/2023,Chattogram,401,30.2,25.6,0.3,87
10/8/2023,Chattogram,385,30.3,24.8,4,88
10/9/2023,Chattogram,382,30.2,24.4,5.6,88
10/10/2023,Chattogram,309,30.7,24.6,0.4,87
10/11/2023,Chattogram,358,30.5,25.2,0.5,89
10/12/2023,Chattogram,316,29.5,24.7,13,89
10/13/2023,Chattogram,186,29.8,23.7,0.4,88
10/14/2023,Chattogram,276,30,23.3,0.7,85
10/15/2023,Chattogram,313,30.7,22.5,0,80
10/16/2023,Chattogram,300,31.1,22.5,0,82
10/17/2023,Chattogram,321,31.6,22.6,0,76
10/18/2023,Chattogram,340,31.2,22.2,0,77
10/19/2023,Chattogram,294,31.1,22,0,75
10/20/2023,Chattogram,198,31.2,22.8,0,74
10/21/2023,Chattogram,265,31.4,22.5,0,75
10/22/2023,Chattogram,260,32,23.6,0,81
10/23/2023,Chattogram,242,28.2,24.2,9.8,88
10/24/2023,Chattogram,213,26.7,23.5,19.9,91
10/25/2023,Chattogram,199,28.1,24,2.4,86
10/26/2023,Chattogram,229,29.5,22.3,0.1,85
10/27/2023,Chattogram,144,30.1,23,0,81
10/28/2023,Chattogram,180,30.3,22.4,0,76
10/29/2023,Chattogram,217,30.3,21,0,71
10/30/2023,Chattogram,191,29.9,19.9,0,73
10/31/2023,Chattogram,209,30.7,21.6,0,76
11/1/2023,Chattogram,189,31.2,23.4,0,80
11/2/2023,Chattogram,197,31.4,23.1,0,77
11/3/2023,Chattogram,108,30.9,22.1,0,74
11/4/2023,Chattogram,179,30.6,22,0,72
11/5/2023,Chattogram,250,31.2,22.5,0,68
11/6/2023,Chattogram,194,30.4,21.7,0,67
11/7/2023,Chattogram,206,28.9,19.6,0,68
11/8/2023,Chattogram,221,28.4,18.7,0,73
11/9/2023,Chattogram,220,29,19.4,0,72
11/10/2023,Chattogram,141,29.5,20.3,0,73
11/11/2023,Chattogram,186,29.4,19.9,0,73
11/12/2023,Chattogram,187,29.7,20,0,73
11/13/2023,Chattogram,167,29.9,20.1,0,75
11/14/2023,Chattogram,184,30.5,21.3,0,79
11/15/2023,Chattogram,182,31.2,22.8,0,79
11/16/2023,Chattogram,173,25.2,23,22.5,92
11/17/2023,Chattogram,120,24.5,22.7,51.1,90
11/18/2023,Chattogram,76,26.7,21.3,0.1,87
11/19/2023,Chattogram,147,28.1,21,0.2,88
11/20/2023,Chattogram,132,27.6,23.1,0.6,91
11/21/2023,Chattogram,125,26.3,21.8,0.8,92
11/22/2023,Chattogram,128,27.4,20.5,0,85
11/23/2023,Chattogram,127,26.6,19.1,0,80
11/24/2023,Chattogram,87,26.8,17.8,0,81
11/25/2023,Chattogram,79,27.6,17.1,0,78
11/26/2023,Chattogram,102,28.5,17.8,0,83
11/27/2023,Chattogram,111,28.9,18.6,0,86
11/28/2023,Chattogram,125,28.6,19,0,84
11/29/2023,Chattogram,118,28,18.3,0,84
11/30/2023,Chattogram,113,28.1,18.7,0,81
12/1/2023,Chattogram,62,28.4,18.4,0,80
12/2/2023,Chattogram,70,29,18.7,0,78
12/3/2023,Chattogram,95,28.4,21.3,0,78
12/4/2023,Chattogram,78,28,20.6,0,79
12/5/2023,Chattogram,79,26.2,22.2,0,71
12/6/2023,Chattogram,64,28.2,21.5,0,74
12/7/2023,Chattogram,72,27.6,21.5,8.3,86
12/8/2023,Chattogram,55,26,22.2,9,88
12/9/2023,Chattogram,52,25.6,20.8,0,79
12/10/2023,Chattogram,70,25.4,18.1,0,76
12/11/2023,Chattogram,64,25.1,16.9,0,76
12/12/2023,Chattogram,63,24.7,16.5,0,81
12/13/2023,Chattogram,64,24.5,16.6,0,77
12/14/2023,Chattogram,41,24.8,14.8,0,69
12/15/2023,Chattogram,28,24.3,14.6,0,71
12/16/2023,Chattogram,24,24.1,14.1,0,78
12/17/2023,Chattogram,61,24.7,14.2,0,80
12/18/2023,Chattogram,39,24.8,14.3,0,76
12/19/2023,Chattogram,42,25,15.1,0,74
12/20/2023,Chattogram,33,24.9,14.7,0,80
12/21/2023,Chattogram,31,24.6,15.3,0,87
12/22/2023,Chattogram,29,24.5,15.3,0,90
12/23/2023,Chattogram,34,25.4,16.7,0,89
12/24/2023,Chattogram,35,25.3,18.1,0.2,86
12/25/2023,Chattogram,31,25.3,18.3,0.2,86
12/26/2023,Chattogram,26,24.9,16.7,0,87
12/27/2023,Chattogram,22,25.4,16.4,0,88
12/28/2023,Chattogram,20,24.5,16.2,0,89
12/29/2023,Chattogram,15,26.1,14.9,0,76
12/30/2023,Chattogram,13,26,15.4,0,76
12/31/2023,Chattogram,14,26.6,16.3,0,75
1/1/2024,Chattogram,19,26.3,16.3,0,77
1/2/2024,Chattogram,20,24.8,16.4,0,79
1/3/2024,Chattogram,12,25.1,15.6,0,80
1/4/2024,Chattogram,17,24.8,15.4,0,81
1/5/2024,Chattogram,11,25.9,15,0,76
1/6/2024,Chattogram,6,25.5,14.5,0,76
1/7/2024,Chattogram,3,26,15.5,0,70
1/8/2024,Chattogram,12,26.1,15.7,0,70
1/9/2024,Chattogram,10,24.6,15.6,0,75
1/10/2024,Chattogram,12,24.8,15.8,0,77
1/11/2024,Chattogram,15,24.7,14.9,0,73
1/12/2024,Chattogram,3,22,13.4,0,77
1/13/2024,Chattogram,6,22.3,12.6,0,80
1/14/2024,Chattogram,10,21.8,12.6,0,83
1/15/2024,Chattogram,14,21.7,12.8,0,81
1/16/2024,Chattogram,10,21.6,11.7,0,78
1/17/2024,Chattogram,10,21.2,11.2,0,78
1/18/2024,Chattogram,9,24.4,12.8,0,73
1/19/2024,Chattogram,9,25.8,17.3,0,66
1/20/2024,Chattogram,10,24.1,14.5,0,73
1/21/2024,Chattogram,3,23.6,13.4,0,75
1/22/2024,Chattogram,2,23.1,14.3,0,71
1/23/2024,Chattogram,10,21.5,11.4,0,78
1/24/2024,Chattogram,7,22.7,13.3,2.1,78
1/25/2024,Chattogram,10,22.1,15,13.6,86
1/26/2024,Chattogram,7,24,14,0,80
1/27/2024,Chattogram,6,22.5,13.2,0,72
1/28/2024,Chattogram,8,24.1,12.8,0,67
1/29/2024,Chattogram,9,23.2,11.6,0,74
1/30/2024,Chattogram,3,24.7,11.2,0,67
1/31/2024,Chattogram,7,24.5,13.7,0,76
2/1/2024,Chattogram,7,26.5,15.3,0,76
2/2/2024,Chattogram,3,23.2,15.6,0.1,85
2/3/2024,Chattogram,2,25.2,14.6,0,80
2/4/2024,Chattogram,7,24.4,13.5,0,83
2/5/2024,Chattogram,2,25.9,14.7,0,80
2/6/2024,Chattogram,13,25.2,15.6,0,83
2/7/2024,Chattogram,8,25.8,18.5,0.1,85
2/8/2024,Chattogram,7,25,14.9,0,62
2/9/2024,Chattogram,1,25,14.3,0,52
2/10/2024,Chattogram,0,25.4,14.1,0,62
2/11/2024,Chattogram,1,26,13.5,0,69
2/12/2024,Chattogram,1,26.8,15,0,65
2/13/2024,Chattogram,3,28.5,15.8,0,53
2/14/2024,Chattogram,3,29.7,17,0,51
2/15/2024,Chattogram,4,30.2,18.3,0,58
2/16/2024,Chattogram,0,29.8,18.8,0,56
2/17/2024,Chattogram,3,26.8,15.5,0,65
2/18/2024,Chattogram,2,27.5,15.2,0,60
2/19/2024,Chattogram,1,28.1,15,0,58
2/20/2024,Chattogram,4,26.6,15.3,0,74
2/21/2024,Chattogram,2,27.5,21,0.1,89
2/22/2024,Chattogram,2,27.5,20.9,0.2,87
2/23/2024,Chattogram,10,26.3,20.2,2.9,87
2/24/2024,Chattogram,2,31,18.5,0,70
2/25/2024,Chattogram,0,29.9,18.5,0,53
2/26/2024,Chattogram,12,31.9,17.9,0,50
2/27/2024,Chattogram,1,30.5,18.8,0,44
2/28/2024,Chattogram,7,29.4,18.5,0,51
2/29/2024,Chattogram,2,30.1,17.4,0,59
3/1/2024,Chattogram,1,31,18.1,0,48
3/2/2024,Chattogram,2,30.6,16.7,0,53
3/3/2024,Chattogram,4,29.3,17.1,0,58
3/4/2024,Chattogram,2,31.9,19,0,58
3/5/2024,Chattogram,0,30.8,18.9,0,65
3/6/2024,Chattogram,7,31,17.2,0,56
3/7/2024,Chattogram,3,31.1,17,0,46
3/8/2024,Chattogram,4,32,19.2,0,37
3/9/2024,Chattogram,2,30.7,17.8,0,38
3/10/2024,Chattogram,7,30.3,15.7,0,41
3/11/2024,Chattogram,2,30.1,17.5,0,47
3/12/2024,Chattogram,2,30.5,16,0,63
3/13/2024,Chattogram,2,29.9,21.7,0,83
3/14/2024,Chattogram,5,30,22.5,0.2,85
3/15/2024,Chattogram,0,30.5,22,0.2,85
3/16/2024,Chattogram,1,34.2,19.9,0,66
3/17/2024,Chattogram,7,34.5,21.7,0,55
3/18/2024,Chattogram,10,35,21.8,0,54
3/19/2024,Chattogram,10,35.1,22.6,0,51
3/20/2024,Chattogram,6,32.6,23.3,0,56
3/21/2024,Chattogram,3,24.3,20.7,8.4,75
3/22/2024,Chattogram,2,26.9,18.3,2.4,79
3/23/2024,Chattogram,0,28.6,19.2,0.7,80
3/24/2024,Chattogram,5,29.7,21.6,0,82
3/25/2024,Chattogram,4,31,20.9,0,82
3/26/2024,Chattogram,1,33,21.7,0,78
3/27/2024,Chattogram,7,32.2,23.5,0,81
3/28/2024,Chattogram,3,31.1,23.5,0,82
3/29/2024,Chattogram,0,30.8,22.7,1.1,82
3/30/2024,Chattogram,0,31.6,24.5,0,81
3/31/2024,Chattogram,10,31.6,24.7,3.5,83
4/1/2024,Chattogram,3,31.6,26,0.7,80
4/2/2024,Chattogram,3,31.8,25.7,1.9,83
4/3/2024,Chattogram,4,32.3,25.8,0.9,83
4/4/2024,Chattogram,3,32,25.9,0.2,80
4/5/2024,Chattogram,0,32.3,25.7,0.1,80
4/6/2024,Chattogram,0,33.5,26.5,0,82
4/7/2024,Chattogram,5,32.6,26.1,0.3,78
4/8/2024,Chattogram,0,35.3,25.9,0,60
4/9/2024,Chattogram,12,36,23.4,0,52
4/10/2024,Chattogram,0,38.2,23.3,0,46
4/11/2024,Chattogram,12,39,25.1,0,45
4/12/2024,Chattogram,0,36.7,26.6,0,52
4/13/2024,Chattogram,0,37,25.4,0,45
4/14/2024,Chattogram,0,36.5,24.7,0,47
4/15/2024,Chattogram,14,36,24.9,0,54
4/16/2024,Chattogram,15,34.6,25.2,0,71
4/17/2024,Chattogram,7,33.8,27.3,1.9,80
4/18/2024,Chattogram,13,33.7,24.6,7.8,81
4/19/2024,Chattogram,0,33.2,24.6,0,80
4/20/2024,Chattogram,1,32.9,28.3,0.2,73
4/21/2024,Chattogram,0,32.7,28.2,1.3,76
4/22/2024,Chattogram,22,33.4,28.1,1,79
4/23/2024,Chattogram,0,34,27.4,0,79
4/24/2024,Chattogram,10,34.2,26.8,0,81
4/25/2024,Chattogram,9,34.1,27,0,79
4/26/2024,Chattogram,0,34.1,27.3,0,77
4/27/2024,Chattogram,1,33.9,28.3,0,75
4/28/2024,Chattogram,13,34.4,28.3,0,75
4/29/2024,Chattogram,14,34.2,29.2,0.8,75
4/30/2024,Chattogram,4,33.9,28.5,0,76
5/1/2024,Chattogram,5,33.8,28.7,0.8,78
5/2/2024,Chattogram,8,32.8,23.1,45.4,81
5/3/2024,Chattogram,0,31.5,23.7,0.2,85
5/4/2024,Chattogram,0,31.2,24,0.1,84
5/5/2024,Chattogram,13,30.9,23.6,11.4,83
5/6/2024,Chattogram,4,32.6,24.3,19.4,80
5/7/2024,Chattogram,2,30.2,24.4,6.3,82
5/8/2024,Chattogram,5,28.2,23.3,2.2,81
5/9/2024,Chattogram,3,31.6,24,0,75
5/10/2024,Chattogram,10,32.1,24.6,2.1,80
5/11/2024,Chattogram,0,32.1,25,0,79
5/12/2024,Chattogram,23,31.7,24.9,0,79
5/13/2024,Chattogram,14,32.5,24.9,0,76
5/14/2024,Chattogram,3,33.6,25.5,0,75
5/15/2024,Chattogram,3,34.2,26.4,0.1,77
5/16/2024,Chattogram,1,34.7,25.8,0,74
5/17/2024,Chattogram,0,34.3,28,0.5,78
5/18/2024,Chattogram,0,34.1,28.1,0.4,76
5/19/2024,Chattogram,12,32.8,27.2,4.6,80
5/20/2024,Chattogram,6,32.4,27.8,6.6,79
5/21/2024,Chattogram,2,35.4,26.3,0,71
5/22/2024,Chattogram,0,34.4,27.2,4.1,72
5/23/2024,Chattogram,11,35.6,27.1,0,68
5/24/2024,Chattogram,3,36,27.3,0,67
5/25/2024,Chattogram,5,36.2,28.1,3.2,72
5/26/2024,Chattogram,11,33.7,26.8,4.7,77
5/27/2024,Chattogram,6,27.8,24.9,86.7,91
5/28/2024,Chattogram,2,30,25.7,57.9,91
5/29/2024,Chattogram,3,31.4,26.9,3.8,87
5/30/2024,Chattogram,3,32.1,27.6,1.4,85
5/31/2024,Chattogram,7,32.1,27.8,1.4,84
6/1/2024,Chattogram,1,31.8,27.6,1.9,82
6/2/2024,Chattogram,15,31.6,27,1,83
6/3/2024,Chattogram,3,31.1,25.7,10.1,86
6/4/2024,Chattogram,8,30.4,24.6,5.2,86
6/5/2024,Chattogram,3,31.6,25.7,0.1,82
6/6/2024,Chattogram,2,32.2,26.7,0,83
6/7/2024,Chattogram,1,30.7,25.4,10,85
6/8/2024,Chattogram,0,31.5,25.4,11,86
6/9/2024,Chattogram,7,32.2,26.5,1.7,83
6/10/2024,Chattogram,2,32.3,27.7,2.5,82
6/11/2024,Chattogram,3,32.5,28.1,0.6,80
6/12/2024,Chattogram,10,29.3,26.5,6.8,88
6/13/2024,Chattogram,6,31,24.8,28.7,85
6/14/2024,Chattogram,0,30,25.2,8.1,87
6/15/2024,Chattogram,0,31.2,26.9,0.6,82
6/16/2024,Chattogram,0,31.3,26.9,1.7,84
6/17/2024,Chattogram,0,31.2,27.2,2.9,85
6/18/2024,Chattogram,2,29.8,26.1,13.5,87
6/19/2024,Chattogram,21,28.3,25.4,61.3,93
6/20/2024,Chattogram,7,29.7,25.8,0.9,87
6/21/2024,Chattogram,0,29.5,24.9,6.6,89
6/22/2024,Chattogram,8,30.8,25.8,0.9,86
6/23/2024,Chattogram,7,29.9,26,4.3,88
6/24/2024,Chattogram,16,29.9,26.6,6.6,87
6/25/2024,Chattogram,13,30.7,26.3,4.8,87
6/26/2024,Chattogram,5,30.9,26.9,6.8,87
6/27/2024,Chattogram,12,31.9,26.3,8,85
6/28/2024,Chattogram,2,31,26.6,4.4,82
6/29/2024,Chattogram,18,29,26,19.8,88
6/30/2024,Chattogram,24,28.4,25.7,48.2,91
7/1/2024,Chattogram,17,28,26.3,66,91
7/2/2024,Chattogram,17,27.8,25.5,34.6,93
7/3/2024,Chattogram,25,28.3,24.6,27.7,92
7/4/2024,Chattogram,6,29.1,25.4,3.1,89
7/5/2024,Chattogram,1,28.9,25.4,11.1,89
7/6/2024,Chattogram,0,29.3,25.3,5.1,88
7/7/2024,Chattogram,25,30.4,25.5,0.8,86
7/8/2024,Chattogram,23,30,25.9,12.1,89
7/9/2024,Chattogram,29,29.8,25.1,7.9,88
7/10/2024,Chattogram,17,29.2,25.4,8.5,88
7/11/2024,Chattogram,23,28.8,25.2,11.1,89
7/12/2024,Chattogram,3,28.8,24.8,17.3,90
7/13/2024,Chattogram,0,29.8,25.2,3.3,89
7/14/2024,Chattogram,65,31.2,25.6,1.9,85
7/15/2024,Chattogram,33,32.1,26.4,1.9,81
7/16/2024,Chattogram,26,31.3,26.9,2.8,82
7/17/2024,Chattogram,2,31.1,26,0.5,85
7/18/2024,Chattogram,32,31.5,26.6,1.6,85
7/19/2024,Chattogram,32,32.3,26.7,4.1,81
7/20/2024,Chattogram,32,31.6,26.8,4.6,81
7/21/2024,Chattogram,32,29.6,26.4,6.3,85
7/22/2024,Chattogram,32,28.4,25.6,21.2,91
7/23/2024,Chattogram,32,29.6,25.3,15.7,88
7/24/2024,Chattogram,53,29.6,24.7,19.5,89
7/25/2024,Chattogram,55,29.7,25.8,2.4,87
7/26/2024,Chattogram,118,29.4,26,5.2,88
7/27/2024,Chattogram,6,31.2,26.6,3.9,85
7/28/2024,Chattogram,135,30.6,26.3,4.1,84
7/29/2024,Chattogram,69,29.7,26.2,8.5,88
7/30/2024,Chattogram,50,29.3,25.7,8.7,89
7/31/2024,Chattogram,63,28.2,25.6,27.4,92
8/1/2024,Chattogram,53,26.3,24.4,76.4,94
8/2/2024,Chattogram,2,27,24.2,36.7,94
8/3/2024,Chattogram,0,29.1,24.7,13.3,88
8/4/2024,Chattogram,90,28.3,24.6,20.5,90
8/5/2024,Chattogram,0,28.7,25.1,8.7,89
8/6/2024,Chattogram,118,29.5,25.3,11.1,89
8/7/2024,Chattogram,40,28.8,25.1,4.4,88
8/8/2024,Chattogram,52,28.4,24.7,13.9,89
8/9/2024,Chattogram,8,28.9,24.9,26.4,89
8/10/2024,Chattogram,69,28.8,25.4,14.3,88
8/11/2024,Chattogram,71,29,25.2,8,88
8/12/2024,Chattogram,62,29.7,25.4,6.9,90
8/13/2024,Chattogram,60,29.2,25.2,17.7,89
8/14/2024,Chattogram,69,29.7,25.4,4.1,88
8/15/2024,Chattogram,50,29.8,25.7,2.3,87
8/16/2024,Chattogram,9,27.3,25.1,26.9,93
8/17/2024,Chattogram,72,28.4,25.2,153.8,90
8/18/2024,Chattogram,91,27.6,24.5,24.1,93
8/19/2024,Chattogram,58,27.1,24.5,58.6,93
8/20/2024,Chattogram,78,28.6,24.8,23.9,91
8/21/2024,Chattogram,95,29.1,24.8,50.9,92
8/22/2024,Chattogram,55,27.7,25,44.2,93
8/23/2024,Chattogram,12,28.6,24.4,17.4,90
8/24/2024,Chattogram,92,28.6,24.8,7.8,89
8/25/2024,Chattogram,68,26.2,24.1,47.5,94
8/26/2024,Chattogram,15,27.2,24.6,28.4,92
8/27/2024,Chattogram,82,28.5,24.5,6.6,89
8/28/2024,Chattogram,102,29.4,24.8,0.8,89
8/29/2024,Chattogram,11,30.2,24.1,12.4,88
8/30/2024,Chattogram,51,31.7,25.2,16,87
8/31/2024,Chattogram,102,30,26.1,1.8,87
9/1/2024,Chattogram,103,30.7,25.3,3.2,86
9/2/2024,Chattogram,75,30.1,25.5,4.8,89
9/3/2024,Chattogram,87,29.9,25.6,3.3,89
9/4/2024,Chattogram,96,30.2,25.2,0.4,88
9/5/2024,Chattogram,69,30,24.7,3.5,86
9/6/2024,Chattogram,7,31,25.5,5.8,88
9/7/2024,Chattogram,92,31.3,25.5,9,87
9/8/2024,Chattogram,91,31.4,25.9,6.5,87
9/9/2024,Chattogram,94,31.3,26,2.7,86
9/10/2024,Chattogram,113,30.4,26,5,86
9/11/2024,Chattogram,106,29.4,24.8,36.9,90
9/12/2024,Chattogram,61,30.1,24.8,29.1,91
9/13/2024,Chattogram,33,26.9,24.9,75.9,92
9/14/2024,Chattogram,24,25.9,24.8,170.8,91
9/15/2024,Chattogram,79,29.6,25.1,2.5,86
9/16/2024,Chattogram,9,30.8,25.4,1.3,85
9/17/2024,Chattogram,224,30.7,25.1,0.1,86
9/18/2024,Chattogram,145,31.1,26.1,3.3,87
9/19/2024,Chattogram,149,31.1,25.3,14.4,90
9/20/2024,Chattogram,10,31.8,25.5,1.1,90
9/21/2024,Chattogram,193,32.3,26.2,0.7,85
9/22/2024,Chattogram,151,32.1,26.1,0,87
9/23/2024,Chattogram,121,30.7,26,8.7,89
9/24/2024,Chattogram,126,31,25.9,18,88
9/25/2024,Chattogram,98,26.9,25,18.4,91
9/26/2024,Chattogram,91,29.1,25.3,1.4,88
9/27/2024,Chattogram,19,30.4,24.7,0.1,86
9/28/2024,Chattogram,164,30.1,25.3,0.9,88
9/29/2024,Chattogram,183,30.5,25.6,1.1,88
9/30/2024,Chattogram,133,30.6,26.1,3,88
10/1/2024,Chattogram,144,30.6,26.7,21.2,89
10/2/2024,Chattogram,150,28.5,25.4,27,92
10/3/2024,Chattogram,143,28.2,24.8,10,89
10/4/2024,Chattogram,38,28.1,24.9,24.7,90
10/5/2024,Chattogram,49,28.4,25,4.7,88
10/6/2024,Chattogram,169,29.9,24.4,7.7,90
10/7/2024,Chattogram,221,30.7,25,1.4,85
10/8/2024,Chattogram,160,31.2,25.2,0,85
10/9/2024,Chattogram,131,30.5,24.8,0.2,87
10/10/2024,Chattogram,22,30.3,24.9,1.3,88
10/11/2024,Chattogram,59,30.5,25.1,1.3,87
10/12/2024,Chattogram,197,30.3,25.4,0.9,87
10/13/2024,Chattogram,57,31.7,25.1,0,83
10/14/2024,Chattogram,209,31.4,23.4,0,77
10/15/2024,Chattogram,160,31.5,23.4,0,78
10/16/2024,Chattogram,136,31.6,24,0,79
10/17/2024,Chattogram,148,31.5,24.1,0,80
10/18/2024,Chattogram,47,31.7,24.6,0,82
10/19/2024,Chattogram,149,31.4,24.5,0,82
10/20/2024,Chattogram,196,31.1,24.5,0,79
10/21/2024,Chattogram,149,31.1,24,0,78
10/22/2024,Chattogram,177,32,25.2,0.2,82
10/23/2024,Chattogram,154,31.2,25.7,3.3,80
10/24/2024,Chattogram,143,31.5,24.5,0.4,80
10/25/2024,Chattogram,39,30.8,25,1.7,82
10/26/2024,Chattogram,141,30.5,24.2,0,83
10/27/2024,Chattogram,207,30.3,23.9,0,84
10/28/2024,Chattogram,140,31.2,24,0,78
10/29/2024,Chattogram,189,31,22.9,0,77
10/30/2024,Chattogram,132,30.8,22.5,0,79
10/31/2024,Chattogram,143,30.6,24.4,0,81
11/1/2024,Chattogram,63,30.5,24,0.2,81
11/2/2024,Chattogram,71,31.2,22.9,0,74
11/3/2024,Chattogram,214,31.6,23,0,72
11/4/2024,Chattogram,185,31.2,22.9,2.2,78
11/5/2024,Chattogram,144,31.1,23.5,0.5,81
11/6/2024,Chattogram,166,28.8,23.1,0.1,74
11/7/2024,Chattogram,160,29.3,21.1,0,77
11/8/2024,Chattogram,50,29.9,20.9,0,77
11/9/2024,Chattogram,163,30,21,0,74
11/10/2024,Chattogram,162,31,21.5,0,72
11/11/2024,Chattogram,145,31.2,24.7,0,73
11/12/2024,Chattogram,139,31.3,23.4,0,71
11/13/2024,Chattogram,123,31.4,24.2,0,62
11/14/2024,Chattogram,117,31.4,22.2,0,62
11/15/2024,Chattogram,61,30,21.7,0,68
11/16/2024,Chattogram,65,29.9,20.6,0,68
11/17/2024,Chattogram,172,29.2,20.3,0,69
11/18/2024,Chattogram,107,28.7,19.5,0,68
11/19/2024,Chattogram,137,29.6,19.3,0,71
11/20/2024,Chattogram,128,28.5,20.8,0.3,73
11/21/2024,Chattogram,94,28.4,20.9,0,67
11/22/2024,Chattogram,62,27.6,19.7,0,69
11/23/2024,Chattogram,69,27.8,19.2,0,69
11/24/2024,Chattogram,133,27.8,18.5,0,70
11/25/2024,Chattogram,121,27.4,18.9,0,72
11/26/2024,Chattogram,103,26.9,18.8,0,70
11/27/2024,Chattogram,80,27.6,18,0,72
11/28/2024,Chattogram,85,28.9,19.2,0,77
11/29/2024,Chattogram,38,29.7,21,1.9,82
11/30/2024,Chattogram,72,29.7,21.6,0,79
12/1/2024,Chattogram,141,29,21.1,0,79
12/2/2024,Chattogram,73,28.7,21.8,0,71
12/3/2024,Chattogram,54,28.4,21.3,0,69
12/4/2024,Chattogram,61,28.4,19,0,68
12/5/2024,Chattogram,47,27.3,17.2,0,70
12/6/2024,Chattogram,5,26.1,16.7,0,68
12/7/2024,Chattogram,78,25.9,16.2,0,62
12/8/2024,Chattogram,67,25.8,15.3,0,67
12/9/2024,Chattogram,41,26.4,15.5,0,68
12/10/2024,Chattogram,57,27.2,17.1,0,70
12/11/2024,Chattogram,73,25.4,16.9,0,69
12/12/2024,Chattogram,51,25.4,15.3,0,71
12/13/2024,Chattogram,21,25.2,15.4,0,75
12/14/2024,Chattogram,47,25.6,15.7,0,73
12/15/2024,Chattogram,34,25.7,14.2,0,73
12/16/2024,Chattogram,25,26.7,14.3,0,77
12/17/2024,Chattogram,40,29,17.9,0.1,76
12/18/2024,Chattogram,41,27.7,19.8,0,75
12/19/2024,Chattogram,30,27.8,18.7,0,69
12/20/2024,Chattogram,7,26.6,16.4,0,71
12/21/2024,Chattogram,12,22.2,17.9,0.3,66
12/22/2024,Chattogram,21,27.2,16.5,0,66
12/23/2024,Chattogram,17,26.7,16,0,68
12/24/2024,Chattogram,8,26,15.3,0,67
12/25/2024,Chattogram,20,24,18,0,70
12/26/2024,Chattogram,13,27.9,18.8,0,65
12/27/2024,Chattogram,12,26.6,17.7,0,65
12/28/2024,Chattogram,7,25.5,14.6,0,74
12/29/2024,Chattogram,27,25.2,15.1,0,78
12/30/2024,Chattogram,11,26.7,16.1,0,73
12/31/2024,Chattogram,21,25.1,16.8,0,73
1/1/2025,Chattogram,9,24.5,15.5,0,76
1/2/2025,Chattogram,5,24.3,15.4,0,80
1/3/2025,Chattogram,4,24.9,15.3,0,84
1/4/2025,Chattogram,13,24.5,15.4,0,89
1/5/2025,Chattogram,17,24.4,16.4,0,91
1/6/2025,Chattogram,10,25.6,16.8,0,88
1/7/2025,Chattogram,13,24.7,16.5,0,85
1/8/2025,Chattogram,6,24.8,17.2,1,79
1/9/2025,Chattogram,3,23.9,15.2,0,78
1/10/2025,Chattogram,3,25,14.4,0,75
1/11/2025,Chattogram,4,26.9,14.3,0,76
1/12/2025,Chattogram,21,27.8,15.7,0,75
1/13/2025,Chattogram,4,26.3,14.5,0,77
1/14/2025,Chattogram,4,26.6,15.3,0,70
1/15/2025,Chattogram,4,26.4,16.4,0,69
1/16/2025,Chattogram,4,28.2,16.1,0,69
1/17/2025,Chattogram,2,28.1,16,0,67
1/18/2025,Chattogram,6,27.3,16.4,0,67
1/19/2025,Chattogram,17,26,17.3,0,69
1/20/2025,Chattogram,2,25.2,15.2,0,67
1/21/2025,Chattogram,5,24.2,14.2,0,71
1/22/2025,Chattogram,6,26.4,14.6,0,76
1/23/2025,Chattogram,4,26.4,15.2,0,71
1/24/2025,Chattogram,3,27.1,15,0,63
1/25/2025,Chattogram,5,27.7,16.4,0,62
1/26/2025,Chattogram,6,25.3,16.3,0,60
1/27/2025,Chattogram,6,24.5,14.2,0,68
1/28/2025,Chattogram,3,25,14.7,0,71
1/29/2025,Chattogram,1,25.6,13.9,0,69
1/30/2025,Chattogram,1,25.9,14.4,0,69
1/31/2025,Chattogram,1,26.2,18,0,77
2/1/2025,Chattogram,2,26.8,18.6,0.2,85
2/2/2025,Chattogram,9,26.8,19.7,0,88
2/3/2025,Chattogram,1,27.6,18.2,0,81
2/4/2025,Chattogram,4,27.2,15.7,0,60
2/5/2025,Chattogram,2,26.7,15.9,0,69
2/6/2025,Chattogram,1,29,17,0,74
2/7/2025,Chattogram,3,27.8,17.7,0,63
2/8/2025,Chattogram,0,27.2,15.3,0,52
2/9/2025,Chattogram,15,25.7,14.5,0,59
2/10/2025,Chattogram,5,27.7,14.4,0,63
2/11/2025,Chattogram,7,27.6,15.5,0,76
2/12/2025,Chattogram,1,27.4,18.8,0,83
2/13/2025,Chattogram,1,27.6,21.1,1.9,87
2/14/2025,Chattogram,2,28.1,20.9,3.6,82
2/15/2025,Chattogram,5,28.5,16.1,0,62
2/16/2025,Chattogram,1,28.6,16.5,0,63
2/17/2025,Chattogram,7,31.1,17.5,0,61
2/18/2025,Chattogram,5,29.5,17.4,0,69
2/19/2025,Chattogram,1,29,18.6,0,76
2/20/2025,Chattogram,0,31.9,17.9,0,63
2/21/2025,Chattogram,3,30.9,20.3,0,64
2/22/2025,Chattogram,2,30.6,18.9,0,66
2/23/2025,Chattogram,5,31.3,20.4,0.1,57
2/24/2025,Chattogram,4,31.2,18.8,0,57
2/25/2025,Chattogram,1,31.6,19.8,0,45
2/26/2025,Chattogram,0,31.1,19.1,0,43
2/27/2025,Chattogram,0,30.3,18.8,0,52
2/28/2025,Chattogram,1,30.6,18.7,0,57
3/1/2025,Chattogram,3,29.9,20,0,75
3/2/2025,Chattogram,2,30.1,22.8,0,83
3/3/2025,Chattogram,0,31.9,22.8,0.6,83
3/4/2025,Chattogram,1,30.5,22.1,0.1,74
3/5/2025,Chattogram,0,30.9,19.7,0,66
3/6/2025,Chattogram,0,31,19.9,0,68
3/7/2025,Chattogram,1,30.9,20,0,53
3/8/2025,Chattogram,0,30.4,18.4,0,58
3/9/2025,Chattogram,3,32.1,18.7,0,61
3/10/2025,Chattogram,13,34.2,19.9,0,41
3/11/2025,Chattogram,0,32.9,20.1,0,49
3/12/2025,Chattogram,5,31.4,20.9,0,65
3/13/2025,Chattogram,2,31.3,22.9,0,80
3/14/2025,Chattogram,6,31.6,24.4,0,78
3/15/2025,Chattogram,0,31.7,24.2,0,80
3/16/2025,Chattogram,3,32.8,24.8,0.1,79
3/17/2025,Chattogram,9,31.9,23.9,0.7,82
3/18/2025,Chattogram,3,31.8,25.3,0.7,82
3/19/2025,Chattogram,6,32.7,25,0.1,79
3/20/2025,Chattogram,1,32.1,24.8,0.2,80
3/21/2025,Chattogram,0,32.9,23.5,0,67
3/22/2025,Chattogram,0,32.4,23.1,0.2,55
3/23/2025,Chattogram,3,32.9,21.8,0,54
3/24/2025,Chattogram,12,33.2,21.8,0,47
3/25/2025,Chattogram,2,32.7,21.6,0,49
3/26/2025,Chattogram,0,32.9,21.2,0,55
3/27/2025,Chattogram,0,32.8,21.9,0,73
3/28/2025,Chattogram,2,32.9,24.5,0,81
3/29/2025,Chattogram,1,32.3,24.4,0,81
3/30/2025,Chattogram,0,32,24.5,0,80
3/31/2025,Chattogram,2,32.1,24.7,0.1,77
4/1/2025,Chattogram,0,31.9,25.2,0.2,75
4/2/2025,Chattogram,0,32.6,24.3,0,76
4/3/2025,Chattogram,0,32.8,24.1,0,77
4/4/2025,Chattogram,0,33.9,25.5,0.1,74
4/5/2025,Chattogram,0,32.4,26,0,75
4/6/2025,Chattogram,16,32.6,24.6,0,77
4/7/2025,Chattogram,6,33.8,22.5,3.1,71
4/8/2025,Chattogram,4,33.4,23.2,3.7,70
4/9/2025,Chattogram,7,34.7,23.8,0,63
4/10/2025,Chattogram,0,34.2,24.6,1.2,65
4/11/2025,Chattogram,2,31.1,22.9,8.8,78
4/12/2025,Chattogram,2,32,23.6,0.9,77
4/13/2025,Chattogram,4,35,25.2,0,69
4/14/2025,Chattogram,4,34.6,25.3,0,67
4/15/2025,Chattogram,12,30.7,24.2,1.8,79
4/16/2025,Chattogram,4,30.7,23.1,1.7,81
4/17/2025,Chattogram,0,30.4,23.7,0,77
4/18/2025,Chattogram,4,29.8,22.8,3,82
4/19/2025,Chattogram,4,29.5,23.9,5.4,82
4/20/2025,Chattogram,11,29.9,24,1.7,84
4/21/2025,Chattogram,11,31.1,22.7,7.8,84
4/22/2025,Chattogram,9,31.9,26,1.8,81
4/23/2025,Chattogram,9,31.9,27.1,0.4,78
4/24/2025,Chattogram,5,31.9,27.1,2.8,80
4/25/2025,Chattogram,0,32.1,27.2,0.7,76
4/26/2025,Chattogram,0,32.1,27.5,0.1,75
4/27/2025,Chattogram,2,32.1,27.1,0,75
4/28/2025,Chattogram,11,30.3,24.6,9,82
4/29/2025,Chattogram,1,30.9,23.6,0.4,79
4/30/2025,Chattogram,1,30.6,24.2,1.5,79
5/1/2025,Chattogram,2,29.8,22.5,4.4,82
5/2/2025,Chattogram,1,31.4,22.3,4.4,79
5/3/2025,Chattogram,1,30.6,22.2,0.4,79
5/4/2025,Chattogram,6,31.2,24,0.2,77
5/5/2025,Chattogram,18,32.1,24.7,0,74
5/6/2025,Chattogram,23,32.2,24.5,0.3,76
5/7/2025,Chattogram,3,32.6,25.2,0,75
5/8/2025,Chattogram,1,34.5,27.3,0,71
5/9/2025,Chattogram,3,35.6,26.6,0,71
5/10/2025,Chattogram,1,35.9,27.4,0,75
5/11/2025,Chattogram,3,35.9,27.6,0,73
5/12/2025,Chattogram,15,34.3,27.8,0.1,70
5/13/2025,Chattogram,5,32.7,28.2,0.9,75
5/14/2025,Chattogram,10,33,27.6,0.3,75
5/15/2025,Chattogram,5,32.6,26.7,1,77
5/16/2025,Chattogram,10,32.6,26.6,2.4,78
5/17/2025,Chattogram,14,32.6,25,7.6,79
5/18/2025,Chattogram,11,31.6,24.4,6.8,83
5/19/2025,Chattogram,20,33.3,25.3,0,76
5/20/2025,Chattogram,15,32.1,25.3,10.5,83
5/21/2025,Chattogram,8,30.8,25.6,3.5,83
5/22/2025,Chattogram,9,29.9,25,21.3,88
5/23/2025,Chattogram,0,30,24.8,20.4,87
5/24/2025,Chattogram,7,29.2,25.3,16.4,89
5/25/2025,Chattogram,13,32.3,25.8,0.9,83
5/26/2025,Chattogram,16,32.5,26,25.6,86
5/27/2025,Chattogram,10,33.9,25.9,27.9,87
5/28/2025,Chattogram,11,30.7,25.3,20.3,88
5/29/2025,Chattogram,4,27.4,25.3,79.2,94
5/30/2025,Chattogram,3,28.3,26.1,154.1,92
5/31/2025,Chattogram,7,28.5,25.3,29.7,93
6/1/2025,Chattogram,20,28.2,25,57.2,94
6/2/2025,Chattogram,16,29.7,25.1,31.5,91
6/3/2025,Chattogram,3,31.1,23.3,15.1,85
6/4/2025,Chattogram,8,29.6,25.4,3.9,87
6/5/2025,Chattogram,2,30.3,25.4,0.7,84
6/6/2025,Chattogram,70,30,25.4,3.6,88
6/7/2025,Chattogram,3,30.7,25.5,1.4,87
6/8/2025,Chattogram,8,31.6,25.9,0.1,87
6/9/2025,Chattogram,10,31.8,25.6,1.2,86
6/10/2025,Chattogram,0,30.4,25.6,14.6,89
6/11/2025,Chattogram,11,31.3,26.1,11.3,89
6/12/2025,Chattogram,4,30.9,25.8,2.6,85
6/13/2025,Chattogram,9,31.1,25.9,1.8,85
6/14/2025,Chattogram,28,30.6,25.8,3.7,85
6/15/2025,Chattogram,39,29.2,25.8,6.2,88
6/16/2025,Chattogram,29,30.2,25.8,8.5,87
6/17/2025,Chattogram,19,29,25,37.3,92
6/18/2025,Chattogram,16,27.2,24.5,77.5,94
6/19/2025,Chattogram,39,28.7,23.2,21.5,90
6/20/2025,Chattogram,15,27.2,24.8,40.2,95
6/21/2025,Chattogram,76,28.9,25.2,5.7,89
6/22/2025,Chattogram,64,29.8,25.8,5.1,86
6/23/2025,Chattogram,80,29.6,26.2,9.4,86
6/24/2025,Chattogram,58,31.1,26.1,4.6,82
6/25/2025,Chattogram,43,30.9,26.9,11.1,84
6/26/2025,Chattogram,8,29.2,26.2,14.6,84
6/27/2025,Chattogram,11,30.1,25,18.7,88
6/28/2025,Chattogram,40,28.9,24.7,13.4,89
6/29/2025,Chattogram,55,29.6,24.8,4.3,87
6/30/2025,Chattogram,57,30.4,25.6,2.6,85
7/1/2025,Chattogram,19,30.5,25.8,3.2,85
7/2/2025,Chattogram,23,29.2,25.8,5.5,86
7/3/2025,Chattogram,32,29.8,25.4,9.3,86
7/4/2025,Chattogram,9,28,24.5,56.7,93
7/5/2025,Chattogram,27,28.4,24.4,16.1,92
7/6/2025,Chattogram,70,28,24.8,26.1,91
7/7/2025,Chattogram,51,26.6,24.6,52.4,95
7/8/2025,Chattogram,98,27.6,25,45,93
7/9/2025,Chattogram,78,27.3,24.3,24.1,94
7/10/2025,Chattogram,58,29,24.7,12.2,88
7/11/2025,Chattogram,28,30.4,25.3,1.4,86
7/12/2025,Chattogram,41,30.3,25.4,4.2,90
7/13/2025,Chattogram,79,30.2,25.1,18.9,90
7/14/2025,Chattogram,54,28.5,25,39,90
7/15/2025,Chattogram,33,30.5,26.1,2.3,86
7/16/2025,Chattogram,31,30.6,25.8,3.4,87
7/17/2025,Chattogram,42,30.5,25.9,3.5,88
7/18/2025,Chattogram,43,29.8,24.5,12.8,89
7/19/2025,Chattogram,38,30,25.8,7.4,88
7/20/2025,Chattogram,78,30.5,26.2,3.1,88
7/21/2025,Chattogram,56,31.1,24.8,12.9,89
7/22/2025,Chattogram,51,30.8,25.1,1.9,87
7/23/2025,Chattogram,37,30.9,26,4.1,87
7/24/2025,Chattogram,45,32.2,26,8.7,90
7/25/2025,Chattogram,19,29.4,25.8,8.4,86
7/26/2025,Chattogram,30,29.2,25,22,90
7/27/2025,Chattogram,72,28.8,25.2,19.4,91
7/28/2025,Chattogram,76,28.5,24.9,24,94
7/29/2025,Chattogram,64,27.7,24.8,36.5,93
7/30/2025,Chattogram,64,29.6,25.7,8.3,89
7/31/2025,Chattogram,35,28.4,24.5,33.4,93
8/1/2025,Chattogram,17,29.3,24.6,7.3,90
8/2/2025,Chattogram,31,28.9,25.3,17.1,89
8/3/2025,Chattogram,51,30.4,24.6,11.9,88
8/4/2025,Chattogram,61,30.2,25.5,3.1,86
8/5/2025,Chattogram,49,30.7,24.9,10.6,85
8/6/2025,Chattogram,39,29.5,25.6,14.4,88
8/7/2025,Chattogram,58,28.6,25,9.3,89
8/8/2025,Chattogram,50,28.3,24.8,15.5,89
8/9/2025,Chattogram,54,29.1,24.3,3.6,87
8/10/2025,Chattogram,81,30.3,25.2,5.3,86
8/11/2025,Chattogram,67,30.6,25.5,0.9,86
8/12/2025,Chattogram,64,30.7,26.3,0.4,85
8/13/2025,Chattogram,38,30.8,25.8,11,90
8/14/2025,Chattogram,25,29.5,25.6,5.4,88
8/15/2025,Chattogram,17,29.7,25.3,2.1,88
8/16/2025,Chattogram,38,30.6,25,8,87
8/17/2025,Chattogram,60,30.9,25,18.5,88
8/18/2025,Chattogram,70,31.5,25.9,3.8,83
8/19/2025,Chattogram,55,29.9,25.7,2.6,83
8/20/2025,Chattogram,68,29.1,25.3,15.6,88
8/21/2025,Chattogram,37,27.7,24.6,30.4,91
8/22/2025,Chattogram,23,27.6,23.9,29.8,92
8/23/2025,Chattogram,57,28,24.4,21.7,91
8/24/2025,Chattogram,79,29.3,24.5,4,88
8/25/2025,Chattogram,77,30,25,1,85
8/26/2025,Chattogram,87,31,25.2,2.7,85
8/27/2025,Chattogram,73,30.7,24.7,11,85
8/28/2025,Chattogram,70,29.8,24.5,6.9,87
8/29/2025,Chattogram,39,29.4,25.4,9.8,88
8/30/2025,Chattogram,79,29.7,24.6,1.6,88
8/31/2025,Chattogram,93,30.6,24.9,1.1,86
9/1/2025,Chattogram,97,33.6,26.8,6.4,87
9/2/2025,Chattogram,81,31.4,26.1,1.5,82
9/3/2025,Chattogram,98,31.5,26.1,3.8,83
9/4/2025,Chattogram,50,30.8,26,5,85
9/5/2025,Chattogram,19,30.8,25.4,1.1,85
9/6/2025,Chattogram,76,31.1,25.6,0.9,86
9/7/2025,Chattogram,94,30.7,24.5,10.5,86
9/8/2025,Chattogram,83,31.6,25.1,1,83
9/9/2025,Chattogram,114,31,25.1,12.3,87
9/10/2025,Chattogram,112,30.4,24.4,13.9,88
9/11/2025,Chattogram,58,30.4,24.8,8.8,89
9/12/2025,Chattogram,66,30.3,25.3,2.4,86
9/13/2025,Chattogram,84,30,25.5,12,88
9/14/2025,Chattogram,89,28.1,24.4,35.8,95
9/15/2025,Chattogram,92,27.6,24,48.6,94
9/16/2025,Chattogram,81,29.3,24.4,11.6,89
9/17/2025,Chattogram,98,30.2,25,0.2,86
9/18/2025,Chattogram,81,31.6,25.8,0.1,80
9/19/2025,Chattogram,89,32,26.5,0.3,82
9/20/2025,Chattogram,76,30.7,25.7,6.8,88
9/21/2025,Chattogram,77,30.4,25.8,7,92
9/22/2025,Chattogram,90,29.8,24.9,31.4,89
9/23/2025,Chattogram,76,30.5,25,1.7,87
9/24/2025,Chattogram,106,30.5,25.1,3.7,88
9/25/2025,Chattogram,78,30.8,24.9,6.5,90
9/26/2025,Chattogram,73,31.7,25.7,5.9,85
9/27/2025,Chattogram,90,31,25.4,9.6,86
9/28/2025,Chattogram,91,30,25.2,7.3,89
9/29/2025,Chattogram,98,32.2,25,9.2,84
9/30/2025,Chattogram,70,33.5,26.9,0.7,83
10/1/2025,Chattogram,64,30.5,24.1,18.8,86
10/2/2025,Chattogram,96,29,24.9,39.2,92
10/3/2025,Chattogram,64,30.6,25.7,0.7,83
10/4/2025,Chattogram,102,31.3,25.3,0.7,83
10/5/2025,Chattogram,104,30.9,25.7,3.3,83
10/6/2025,Chattogram,83,29.9,25.6,2.8,85
10/7/2025,Chattogram,70,30.4,24.7,5.9,88
10/8/2025,Chattogram,61,28.5,24,10.2,90
10/9/2025,Chattogram,82,30.1,24.5,2,87
10/10/2025,Chattogram,85,30.8,25,11.2,86
10/11/2025,Chattogram,93,30,24,3.6,87
10/12/2025,Chattogram,107,30.9,24.7,3.9,83
10/13/2025,Chattogram,87,31.5,25,0,76
10/14/2025,Chattogram,106,33.5,24.9,0,74
10/15/2025,Chattogram,87,32.9,25.1,0,78
10/16/2025,Chattogram,98,31.4,25.6,0.9,80
10/17/2025,Chattogram,88,32.7,24.3,4.3,81
10/18/2025,Chattogram,104,32.1,23.8,9.3,85
10/19/2025,Chattogram,118,32,24.2,12.5,83
10/20/2025,Chattogram,114,33.3,25.9,0.8,82
10/21/2025,Chattogram,114,33.5,25.9,0.2,80
10/22/2025,Chattogram,79,33.8,26.2,0,78
10/23/2025,Chattogram,97,34,23.8,9.8,76
10/24/2025,Chattogram,87,33,24.1,1.2,76
10/25/2025,Chattogram,104,33.2,24.9,0,73
10/26/2025,Chattogram,121,32.9,23.4,7.3,76
10/27/2025,Chattogram,111,34.4,25.1,0,68
10/28/2025,Chattogram,120,33.8,25.8,0.1,71
10/29/2025,Chattogram,88,33.5,24.7,0.5,71
10/30/2025,Chattogram,87,33.4,24.1,1.3,73
10/31/2025,Chattogram,91,33.6,25.9,0,72
1/1/2022,Dhaka,2,23.7,14.1,0,77
1/2/2022,Dhaka,9,23.8,13.5,0,79
1/3/2022,Dhaka,13,23.8,13.5,0,80
1/4/2022,Dhaka,3,23.6,12.6,0,81
1/5/2022,Dhaka,2,23.7,12.3,0,83
1/6/2022,Dhaka,3,23.9,12.1,0,84
1/7/2022,Dhaka,1,25.1,13.5,0,79
1/8/2022,Dhaka,2,25.8,14.2,0,78
1/9/2022,Dhaka,28,26,13.9,0,80
1/10/2022,Dhaka,2,26.2,14.4,0,77
1/11/2022,Dhaka,3,25.6,15.7,1.9,75
1/12/2022,Dhaka,0,23.8,17.4,3.5,82
1/13/2022,Dhaka,3,24.3,15.8,1.1,81
1/14/2022,Dhaka,1,22.1,15.8,0,74
1/15/2022,Dhaka,3,23.1,15,0,75
1/16/2022,Dhaka,2,22.8,13.4,0,75
1/17/2022,Dhaka,2,23.6,12.2,0,78
1/18/2022,Dhaka,3,23.7,13,0,82
1/19/2022,Dhaka,5,23.4,13.9,0.1,79
1/20/2022,Dhaka,1,22.5,13.1,0,79
1/21/2022,Dhaka,0,23.1,12.9,0,73
1/22/2022,Dhaka,0,21.6,13.1,0.2,77
1/23/2022,Dhaka,1,22.5,13.7,0.1,81
1/24/2022,Dhaka,2,20.6,16,4.3,81
1/25/2022,Dhaka,1,23.4,13.5,0,83
1/26/2022,Dhaka,0,24.2,14.9,1.1,83
1/27/2022,Dhaka,1,22.7,14,0.4,76
1/28/2022,Dhaka,2,20.9,10.5,0,62
1/29/2022,Dhaka,0,20.7,8.9,0,69
1/30/2022,Dhaka,0,21.1,9.6,0,72
1/31/2022,Dhaka,0,22.9,10.5,0,70
2/1/2022,Dhaka,0,24.3,14.2,0.5,82
2/2/2022,Dhaka,2,24.4,11.9,0,78
2/3/2022,Dhaka,2,24.4,15.5,6.7,83
2/4/2022,Dhaka,0,24.3,15.4,17.7,85
2/5/2022,Dhaka,2,22.3,13.6,5.1,75
2/6/2022,Dhaka,1,21.4,10.5,0,72
2/7/2022,Dhaka,0,21.8,10.5,0,73
2/8/2022,Dhaka,0,23.2,11.8,0,73
2/9/2022,Dhaka,0,23.8,12.7,0.1,75
2/10/2022,Dhaka,0,19.2,14.7,0.8,84
2/11/2022,Dhaka,0,23.4,12.4,0.2,82
2/12/2022,Dhaka,1,22.7,12,0,67
2/13/2022,Dhaka,1,24.6,11.7,0,68
2/14/2022,Dhaka,0,24.6,12.6,0,72
2/15/2022,Dhaka,0,24.6,12.1,0,73
2/16/2022,Dhaka,0,24.9,12.6,0,65
2/17/2022,Dhaka,0,25.1,11.9,0,68
2/18/2022,Dhaka,0,26.1,14,0,64
2/19/2022,Dhaka,0,26,12,0,61
2/20/2022,Dhaka,0,26.7,12.9,4.3,75
2/21/2022,Dhaka,0,25.9,15.1,0.1,69
2/22/2022,Dhaka,0,26.5,13.6,0,67
2/23/2022,Dhaka,1,27,16.5,0,65
2/24/2022,Dhaka,0,28.4,15.7,0.4,73
2/25/2022,Dhaka,0,27.6,17.7,0.2,81
2/26/2022,Dhaka,0,27.8,17.4,0,77
2/27/2022,Dhaka,0,28.2,15.7,0.9,75
2/28/2022,Dhaka,0,28.4,18.3,0.1,79
3/1/2022,Dhaka,0,28.8,17.6,0,66
3/2/2022,Dhaka,1,28.7,16.7,0,63
3/3/2022,Dhaka,0,28.9,15.1,0,69
3/4/2022,Dhaka,0,28.9,15.3,0,63
3/5/2022,Dhaka,0,30.4,18.2,0,61
3/6/2022,Dhaka,1,30.1,16,0,58
3/7/2022,Dhaka,0,31.8,17.6,0,60
3/8/2022,Dhaka,0,32.1,18.3,0,60
3/9/2022,Dhaka,1,31.9,18,0,61
3/10/2022,Dhaka,1,31.7,18,0,58
3/11/2022,Dhaka,2,31.3,16.4,0,61
3/12/2022,Dhaka,0,31.4,18,0,60
3/13/2022,Dhaka,0,31.5,17.5,0,63
3/14/2022,Dhaka,0,32.5,18.2,0,65
3/15/2022,Dhaka,0,33.1,19.1,0,64
3/16/2022,Dhaka,0,33.6,19.4,0,58
3/17/2022,Dhaka,0,34.2,20.8,0,57
3/18/2022,Dhaka,0,34.2,19.8,0,57
3/19/2022,Dhaka,0,34.2,19.2,0,56
3/20/2022,Dhaka,0,34.4,20.1,0,57
3/21/2022,Dhaka,0,33.3,20.8,0,67
3/22/2022,Dhaka,0,34.5,21.9,0,70
3/23/2022,Dhaka,0,35.2,21.2,0,64
3/24/2022,Dhaka,0,35.8,23.9,0,65
3/25/2022,Dhaka,0,34.9,23.6,3.3,75
3/26/2022,Dhaka,0,32.9,24.3,1.8,79
3/27/2022,Dhaka,1,31.1,24.3,3.5,81
3/28/2022,Dhaka,0,34.5,23.4,0,72
3/29/2022,Dhaka,0,33.4,24.1,0.5,77
3/30/2022,Dhaka,4,33.5,24.3,0.6,77
3/31/2022,Dhaka,0,33.1,24.1,2.2,76
4/1/2022,Dhaka,0,34.5,24.6,2,74
4/2/2022,Dhaka,0,32.9,25,0.4,77
4/3/2022,Dhaka,2,32.8,24.2,2.2,78
4/4/2022,Dhaka,0,34.9,25.5,3.4,70
4/5/2022,Dhaka,0,34.2,24.3,0,69
4/6/2022,Dhaka,0,34.9,24.6,0.6,72
4/7/2022,Dhaka,1,33.7,23.8,0,73
4/8/2022,Dhaka,0,35.1,24.3,0.2,71
4/9/2022,Dhaka,0,35.5,23.8,6.4,72
4/10/2022,Dhaka,2,34.3,23.6,6.6,76
4/11/2022,Dhaka,1,34.6,23,6.5,78
4/12/2022,Dhaka,0,33.5,23.6,1,79
4/13/2022,Dhaka,1,33.4,24.5,0.3,77
4/14/2022,Dhaka,0,34.9,25.6,0.2,76
4/15/2022,Dhaka,0,35.3,25.9,0,80
4/16/2022,Dhaka,1,34.6,22.4,5.3,79
4/17/2022,Dhaka,1,34.6,24.8,14.7,76
4/18/2022,Dhaka,1,33,22.7,9.5,83
4/19/2022,Dhaka,0,32.7,23.4,2.7,80
4/20/2022,Dhaka,2,28,22.6,25,88
4/21/2022,Dhaka,1,30.4,21.7,4,84
4/22/2022,Dhaka,0,28.1,22.2,15.1,90
4/23/2022,Dhaka,0,33.8,23.9,1.9,82
4/24/2022,Dhaka,1,35,25.5,0,80
4/25/2022,Dhaka,1,35.4,25.4,0,80
4/26/2022,Dhaka,3,34.5,25.7,0,78
4/27/2022,Dhaka,1,34.7,25,0.2,76
4/28/2022,Dhaka,0,34,25.3,0.3,76
4/29/2022,Dhaka,0,34.6,25.9,1.4,78
4/30/2022,Dhaka,0,33.4,23.2,3.6,78
5/1/2022,Dhaka,0,32.9,22.3,11.5,78
5/2/2022,Dhaka,0,31.2,23.2,5.5,81
5/3/2022,Dhaka,0,30.1,21.9,3.1,86
5/4/2022,Dhaka,0,29.8,21.5,5.7,84
5/5/2022,Dhaka,1,29.2,22.4,0.2,82
5/6/2022,Dhaka,1,30.9,24,6.2,84
5/7/2022,Dhaka,0,31.8,24.3,0.5,77
5/8/2022,Dhaka,5,32.9,24.8,0.2,75
5/9/2022,Dhaka,1,27.9,25.1,6.2,88
5/10/2022,Dhaka,2,28.6,24.7,12.9,90
5/11/2022,Dhaka,0,30.3,25.3,30.1,90
5/12/2022,Dhaka,0,30.7,25.5,3.9,87
5/13/2022,Dhaka,1,30.9,26,18.3,84
5/14/2022,Dhaka,3,33.8,27.1,1.1,77
5/15/2022,Dhaka,1,33.6,27.2,0.8,76
5/16/2022,Dhaka,8,33.8,26.6,1.6,77
5/17/2022,Dhaka,12,33.5,24.7,2.9,79
5/18/2022,Dhaka,5,31,26.9,10.7,83
5/19/2022,Dhaka,5,33.3,26.9,6.7,81
5/20/2022,Dhaka,0,30.7,25.9,12.7,83
5/21/2022,Dhaka,9,33.8,24.1,28.5,81
5/22/2022,Dhaka,6,32.1,25.9,10.6,84
5/23/2022,Dhaka,14,31.8,22.6,12.6,81
5/24/2022,Dhaka,12,33.1,24.3,0,77
5/25/2022,Dhaka,6,32.6,26.2,2.7,81
5/26/2022,Dhaka,7,31,25.1,2.6,83
5/27/2022,Dhaka,5,30.8,24.4,6,86
5/28/2022,Dhaka,15,32.1,24.9,3.3,84
5/29/2022,Dhaka,10,31.4,25.6,8.2,87
5/30/2022,Dhaka,18,32.2,25.1,0.2,81
5/31/2022,Dhaka,14,31.5,25.4,1,82
6/1/2022,Dhaka,9,31.6,24.8,9.2,85
6/2/2022,Dhaka,19,31.4,25.6,2.3,83
6/3/2022,Dhaka,16,30.5,26.5,14.7,86
6/4/2022,Dhaka,13,32.2,26.4,1.9,85
6/5/2022,Dhaka,14,32.4,26,2.4,83
6/6/2022,Dhaka,19,33.3,26.9,3.3,82
6/7/2022,Dhaka,16,31.8,26.9,3,84
6/8/2022,Dhaka,16,33.6,26.9,2.1,79
6/9/2022,Dhaka,28,30.9,26.3,5.4,85
6/10/2022,Dhaka,17,32.2,26.4,1.7,81
6/11/2022,Dhaka,19,32.3,26.4,2.3,79
6/12/2022,Dhaka,23,33,27.5,10.1,81
6/13/2022,Dhaka,13,33.5,27.6,7,82
6/14/2022,Dhaka,17,32.1,27.2,7.5,82
6/15/2022,Dhaka,22,31.1,26.7,30.7,86
6/16/2022,Dhaka,31,30.9,26,23.5,88
6/17/2022,Dhaka,29,29,25.1,33.1,89
6/18/2022,Dhaka,39,28.2,25.4,42.5,91
6/19/2022,Dhaka,24,28.2,25.8,33.4,90
6/20/2022,Dhaka,26,29.6,24.8,18.6,88
6/21/2022,Dhaka,27,30.2,24.4,2.9,85
6/22/2022,Dhaka,27,31.7,25,2,83
6/23/2022,Dhaka,27,30.3,25.6,1.4,82
6/24/2022,Dhaka,17,30.7,25.5,2.4,82
6/25/2022,Dhaka,33,30.8,25.6,2.4,81
6/26/2022,Dhaka,29,31.5,26.1,1.3,80
6/27/2022,Dhaka,17,32.3,26.1,5.8,82
6/28/2022,Dhaka,46,32.1,26.7,10.5,83
6/29/2022,Dhaka,38,30.7,26.5,13.4,87
6/30/2022,Dhaka,33,29.5,25,11.4,89
7/1/2022,Dhaka,19,30.9,25.2,17.6,85
7/2/2022,Dhaka,47,31.8,25.8,1.3,81
7/3/2022,Dhaka,32,30.8,26,4.2,83
7/4/2022,Dhaka,31,31.8,26.2,1,81
7/5/2022,Dhaka,43,32.5,26.5,2,81
7/6/2022,Dhaka,32,31.9,26.8,2.6,80
7/7/2022,Dhaka,28,32.5,26.4,0.7,81
7/8/2022,Dhaka,29,32.1,26.5,1.3,80
7/9/2022,Dhaka,17,32.8,26.3,1.7,78
7/10/2022,Dhaka,4,33,26.7,1.4,77
7/11/2022,Dhaka,7,32.1,26.6,2.9,78
7/12/2022,Dhaka,42,34,26.7,0.7,73
7/13/2022,Dhaka,39,34.5,26.9,0.7,72
7/14/2022,Dhaka,41,34.3,26.8,1.7,72
7/15/2022,Dhaka,30,33.5,26.3,9.6,79
7/16/2022,Dhaka,56,33.5,26.8,0.9,75
7/17/2022,Dhaka,35,33.6,27.1,0.1,75
7/18/2022,Dhaka,47,33,26.5,2.9,78
7/19/2022,Dhaka,41,33,27,5.4,80
7/20/2022,Dhaka,56,31.7,25.7,17.8,86
7/21/2022,Dhaka,52,32.8,26.5,2.3,80
7/22/2022,Dhaka,34,33.7,26.7,1.4,79
7/23/2022,Dhaka,63,31.7,27.1,5.8,82
7/24/2022,Dhaka,59,29.3,25.7,11.8,87
7/25/2022,Dhaka,40,29.8,25.1,11.3,87
7/26/2022,Dhaka,74,29.7,25.7,12.8,87
7/27/2022,Dhaka,58,32.3,25.4,0.8,81
7/28/2022,Dhaka,58,32.5,26.2,1,82
7/29/2022,Dhaka,51,33.1,26.3,0.6,81
7/30/2022,Dhaka,74,32.9,27.2,8,80
7/31/2022,Dhaka,59,33.4,27.2,4,83
8/1/2022,Dhaka,68,31.7,25.4,8.4,85
8/2/2022,Dhaka,51,32,26.3,7.6,86
8/3/2022,Dhaka,59,32.1,26.1,17.4,87
8/4/2022,Dhaka,67,32.6,26.3,2.4,81
8/5/2022,Dhaka,40,33,26.3,3.9,81
8/6/2022,Dhaka,77,32,26.5,5.4,83
8/7/2022,Dhaka,73,33.4,26.4,2.3,78
8/8/2022,Dhaka,59,33.5,26.7,4.6,80
8/9/2022,Dhaka,50,32.1,26.2,2.1,79
8/10/2022,Dhaka,73,31.3,26,3,80
8/11/2022,Dhaka,73,30.7,26.1,1.7,78
8/12/2022,Dhaka,50,32.4,25.4,1.9,78
8/13/2022,Dhaka,89,32.3,26.1,1.4,78
8/14/2022,Dhaka,72,29.7,26.2,4.2,78
8/15/2022,Dhaka,59,31.1,25.9,1.2,82
8/16/2022,Dhaka,108,32.7,25.6,1.2,79
8/17/2022,Dhaka,81,33.5,26.6,0.3,78
8/18/2022,Dhaka,81,36.6,27.1,17.8,75
8/19/2022,Dhaka,46,32.3,26.8,1,77
8/20/2022,Dhaka,97,31.9,26.1,4.8,78
8/21/2022,Dhaka,116,32.2,26.2,0.8,79
8/22/2022,Dhaka,122,33.9,26.5,1.6,80
8/23/2022,Dhaka,108,31,25,15.3,85
8/24/2022,Dhaka,127,31.6,25.7,1.2,79
8/25/2022,Dhaka,142,32.3,25,0.1,78
8/26/2022,Dhaka,67,33.1,26.5,0.4,77
8/27/2022,Dhaka,111,32,27,1.2,81
8/28/2022,Dhaka,144,31.4,26.3,8.1,83
8/29/2022,Dhaka,149,32.7,25.8,0.6,78
8/30/2022,Dhaka,198,33.8,26.5,0,74
8/31/2022,Dhaka,205,33.9,27,0,74
9/1/2022,Dhaka,147,32.9,27,1.9,79
9/2/2022,Dhaka,73,33.2,26,6.3,81
9/3/2022,Dhaka,208,32.2,26.7,9,83
9/4/2022,Dhaka,159,31.3,25,47,87
9/5/2022,Dhaka,157,31.7,26.2,6.9,87
9/6/2022,Dhaka,228,31.4,26.1,4,85
9/7/2022,Dhaka,201,33.3,26.3,0.2,80
9/8/2022,Dhaka,204,33.6,27.3,0.5,81
9/9/2022,Dhaka,140,33.7,26.5,5.8,83
9/10/2022,Dhaka,244,31.3,25.9,18.1,84
9/11/2022,Dhaka,242,28.3,24.6,21.4,91
9/12/2022,Dhaka,245,26.9,24.4,25.5,93
9/13/2022,Dhaka,254,26.7,24.1,52.6,94
9/14/2022,Dhaka,223,25.7,23.8,43.8,95
9/15/2022,Dhaka,303,30.3,23.9,6.9,86
9/16/2022,Dhaka,138,29.8,24.1,17,89
9/17/2022,Dhaka,317,31.8,25.2,13.4,85
9/18/2022,Dhaka,288,32,25.7,3.6,86
9/19/2022,Dhaka,263,31.9,24.4,16.4,84
9/20/2022,Dhaka,326,30.9,26.1,2.7,81
9/21/2022,Dhaka,339,31.2,25.8,2,82
9/22/2022,Dhaka,320,31.7,25.7,3.9,83
9/23/2022,Dhaka,92,31.8,25.5,1.6,83
9/24/2022,Dhaka,326,31.4,25.8,0,80
9/25/2022,Dhaka,329,31.2,26,1,84
9/26/2022,Dhaka,348,31.8,25.6,12.4,87
9/27/2022,Dhaka,35,31.2,25.5,7.2,85
9/28/2022,Dhaka,392,32,24.8,11.5,87
9/29/2022,Dhaka,372,32.4,25.8,3.1,83
9/30/2022,Dhaka,157,34,25.8,0,78
10/1/2022,Dhaka,521,32.7,26.4,7,82
10/2/2022,Dhaka,396,30.7,25.2,24.2,87
10/3/2022,Dhaka,364,27.9,24.6,37.5,91
10/4/2022,Dhaka,368,31.8,24.3,11.2,84
10/5/2022,Dhaka,290,32,24.9,2.3,81
10/6/2022,Dhaka,196,31.2,25.2,4.1,85
10/7/2022,Dhaka,195,31.9,24.8,0,79
10/8/2022,Dhaka,513,32,25.6,4.5,79
10/9/2022,Dhaka,251,31.3,25.6,3.3,84
10/10/2022,Dhaka,407,31.2,24.9,5.8,84
10/11/2022,Dhaka,231,31.3,24.9,5.5,83
10/12/2022,Dhaka,427,29.6,24.5,9.8,89
10/13/2022,Dhaka,532,30.5,23.5,5.7,87
10/14/2022,Dhaka,204,30.9,23.9,3.8,85
10/15/2022,Dhaka,502,31.8,24.5,0,77
10/16/2022,Dhaka,568,31.9,22.9,0,72
10/17/2022,Dhaka,603,31.7,22.4,0,78
10/18/2022,Dhaka,614,31,23.2,3.8,82
10/19/2022,Dhaka,623,31.5,23.7,0,75
10/20/2022,Dhaka,546,32.1,22.4,0.1,70
10/21/2022,Dhaka,309,32.6,22.3,0,73
10/22/2022,Dhaka,607,33,22.3,0,73
10/23/2022,Dhaka,694,28.8,24.3,4.4,82
10/24/2022,Dhaka,642,25.3,21.7,130.7,92
10/25/2022,Dhaka,533,27.8,20.9,6.3,82
10/26/2022,Dhaka,592,29.6,19.5,0,79
10/27/2022,Dhaka,559,29.5,21.1,0.1,78
10/28/2022,Dhaka,326,29.5,18.7,0,75
10/29/2022,Dhaka,526,30.1,18.3,0,76
10/30/2022,Dhaka,691,30.9,20.2,0,75
10/31/2022,Dhaka,545,31.1,21.8,0,79
11/1/2022,Dhaka,682,31.5,22.8,0,75
11/2/2022,Dhaka,749,30.7,22.2,0,70
11/3/2022,Dhaka,538,29.3,21.1,0,72
11/4/2022,Dhaka,297,29.1,18.2,0,72
11/5/2022,Dhaka,440,30.3,19.1,0,73
11/6/2022,Dhaka,625,30,20,0.1,77
11/7/2022,Dhaka,582,29.9,21.6,0,68
11/8/2022,Dhaka,522,29.2,19.8,0,68
11/9/2022,Dhaka,511,30.2,19.9,0,69
11/10/2022,Dhaka,552,29.5,19.2,0,68
11/11/2022,Dhaka,180,29.3,17.9,0,69
11/12/2022,Dhaka,602,28.9,18.6,0,72
11/13/2022,Dhaka,480,28.3,18.1,0,72
11/14/2022,Dhaka,489,28.2,17.1,0,72
11/15/2022,Dhaka,456,28.1,16.4,0,75
11/16/2022,Dhaka,470,28.4,17.5,0,75
11/17/2022,Dhaka,619,28.5,16.6,0,71
11/18/2022,Dhaka,184,28.5,16.7,0,68
11/19/2022,Dhaka,340,28.6,15.8,0,74
11/20/2022,Dhaka,398,29.3,18.1,0,71
11/21/2022,Dhaka,242,28.6,17.9,0,68
11/22/2022,Dhaka,320,27.5,15.3,0,71
11/23/2022,Dhaka,199,28,16,0,70
11/24/2022,Dhaka,334,27.6,16.1,0,71
11/25/2022,Dhaka,164,28.7,16.5,0,75
11/26/2022,Dhaka,294,28.4,16.3,0,74
11/27/2022,Dhaka,349,28,16.1,0,72
11/28/2022,Dhaka,215,28.5,15.5,0,69
11/29/2022,Dhaka,302,29,20.1,0,63
11/30/2022,Dhaka,278,29.5,20.1,0,64
12/1/2022,Dhaka,271,28.4,17,0,69
12/2/2022,Dhaka,78,28.3,16.7,0,70
12/3/2022,Dhaka,224,27.3,15.7,0,69
12/4/2022,Dhaka,253,27.2,15.5,0,73
12/5/2022,Dhaka,183,27.2,16,0,73
12/6/2022,Dhaka,165,27.2,15.8,0,72
12/7/2022,Dhaka,225,26.7,16.3,0,70
12/8/2022,Dhaka,164,27.2,15.5,0,71
12/9/2022,Dhaka,87,26.8,14.9,0,72
12/10/2022,Dhaka,166,26.5,14.3,0,72
12/11/2022,Dhaka,139,27.2,15.5,0,71
12/12/2022,Dhaka,144,26.6,15.1,0,73
12/13/2022,Dhaka,127,26.7,16,0,72
12/14/2022,Dhaka,112,26.4,17.2,0,74
12/15/2022,Dhaka,106,25.5,14.3,0,73
12/16/2022,Dhaka,32,25.4,14.2,0,71
12/17/2022,Dhaka,78,25.7,14.6,0,74
12/18/2022,Dhaka,78,26.4,13.3,0,80
12/19/2022,Dhaka,72,24.9,11.6,0,76
12/20/2022,Dhaka,81,26.1,13.1,0,75
12/21/2022,Dhaka,86,26.2,14.5,0,74
12/22/2022,Dhaka,56,25.7,14.9,0,77
12/23/2022,Dhaka,27,25.2,13.9,0,72
12/24/2022,Dhaka,61,24.8,12.3,0,72
12/25/2022,Dhaka,35,26.3,14.5,0,69
12/26/2022,Dhaka,52,26.9,15.5,1.1,75
12/27/2022,Dhaka,40,24.7,16.8,8.2,87
12/28/2022,Dhaka,39,24.5,14.4,0.1,85
12/29/2022,Dhaka,31,23,11.4,0,73
12/30/2022,Dhaka,6,22.6,11.3,0,74
12/31/2022,Dhaka,30,22.9,10.8,0,76
1/1/2023,Dhaka,39,23.7,11.8,0,79
1/2/2023,Dhaka,25,24.3,12.4,0,75
1/3/2023,Dhaka,23,23.4,11.8,0,78
1/4/2023,Dhaka,27,23.3,13.2,0,81
1/5/2023,Dhaka,25,22.7,12.2,0,83
1/6/2023,Dhaka,5,22.7,11.9,0,84
1/7/2023,Dhaka,14,22.9,10.7,0,85
1/8/2023,Dhaka,7,24.7,12.2,0,85
1/9/2023,Dhaka,12,25.2,12.9,0,83
1/10/2023,Dhaka,18,24.6,12.7,0,81
1/11/2023,Dhaka,0,23.3,12,0,76
1/12/2023,Dhaka,16,22.4,9.7,0,77
1/13/2023,Dhaka,4,24,10,0,77
1/14/2023,Dhaka,5,25.3,14.1,0.6,84
1/15/2023,Dhaka,9,25.1,15,0,75
1/16/2023,Dhaka,10,23.8,13.6,0,73
1/17/2023,Dhaka,6,23.1,12.5,0,74
1/18/2023,Dhaka,10,22.5,11.6,0,72
1/19/2023,Dhaka,12,22.4,10.7,0,70
1/20/2023,Dhaka,1,23.1,9.7,0,74
1/21/2023,Dhaka,9,24.1,10.6,0,71
1/22/2023,Dhaka,4,25.3,11.8,0,73
1/23/2023,Dhaka,9,26.4,13.7,0,76
1/24/2023,Dhaka,9,26.7,14.8,0,75
1/25/2023,Dhaka,7,26.9,14.5,0,76
1/26/2023,Dhaka,0,27.4,15.8,0,78
1/27/2023,Dhaka,2,27,16,0,77
1/28/2023,Dhaka,3,27,16.5,0,79
1/29/2023,Dhaka,8,26.1,14.7,0,79
1/30/2023,Dhaka,4,26.3,13.5,0,80
1/31/2023,Dhaka,7,26.4,14.5,0,77
2/1/2023,Dhaka,2,23.9,18.9,0,73
2/2/2023,Dhaka,4,24.8,13.7,0,68
2/3/2023,Dhaka,2,25.7,13.6,0,74
2/4/2023,Dhaka,7,25.5,13,0,75
2/5/2023,Dhaka,3,25.1,12.9,0,76
2/6/2023,Dhaka,7,26.5,12.6,0,66
2/7/2023,Dhaka,4,27.5,14.8,0,67
2/8/2023,Dhaka,5,27.2,16.9,0.7,80
2/9/2023,Dhaka,3,27,16.4,1.4,79
2/10/2023,Dhaka,30,27.5,15.8,0,64
2/11/2023,Dhaka,42,28.6,14.7,0,65
2/12/2023,Dhaka,6,29.3,19.6,0,73
2/13/2023,Dhaka,3,26.6,14.9,0,41
2/14/2023,Dhaka,6,25.7,12.7,0,47
2/15/2023,Dhaka,6,25.4,13.5,0,55
2/16/2023,Dhaka,0,26.7,13.4,0,57
2/17/2023,Dhaka,0,27.6,14.4,0,58
2/18/2023,Dhaka,0,27.5,16.9,0.3,65
2/19/2023,Dhaka,3,28.4,18.2,0.1,75
2/20/2023,Dhaka,2,28.4,17.7,0,73
2/21/2023,Dhaka,1,29.4,19.4,0.2,77
2/22/2023,Dhaka,4,30.9,21.3,0,73
2/23/2023,Dhaka,4,31.1,21.1,0,72
2/24/2023,Dhaka,0,30.5,20.2,0.3,77
2/25/2023,Dhaka,3,30.4,19.2,0,67
2/26/2023,Dhaka,3,30.5,15.8,0,51
2/27/2023,Dhaka,1,31,17.6,0,58
2/28/2023,Dhaka,0,30.8,17.5,0,58
3/1/2023,Dhaka,2,30.7,16.9,0,55
3/2/2023,Dhaka,6,31.5,16.8,0,58
3/3/2023,Dhaka,0,32.3,17.5,0,59
3/4/2023,Dhaka,1,31.7,18.5,0,56
3/5/2023,Dhaka,4,31.9,18.1,0,58
3/6/2023,Dhaka,5,31.9,19.2,0,56
3/7/2023,Dhaka,2,32.3,19.7,0,47
3/8/2023,Dhaka,1,31.7,18.5,0,49
3/9/2023,Dhaka,7,32.5,19.2,0,51
3/10/2023,Dhaka,0,31.7,20.6,0,55
3/11/2023,Dhaka,2,31.1,19.4,0.1,62
3/12/2023,Dhaka,2,33.7,19.9,0,48
3/13/2023,Dhaka,4,33.5,19.5,0,47
3/14/2023,Dhaka,2,32.4,19.7,0,58
3/15/2023,Dhaka,2,31.1,20.7,1.9,72
3/16/2023,Dhaka,3,29.2,18.6,10.4,83
3/17/2023,Dhaka,0,29.5,19.3,1.1,73
3/18/2023,Dhaka,4,29.1,19.1,0,72
3/19/2023,Dhaka,3,26.1,20,5.3,85
3/20/2023,Dhaka,1,26.9,18.8,41.6,85
3/21/2023,Dhaka,1,24.3,18.9,3.6,89
3/22/2023,Dhaka,4,26.9,18.2,9.6,85
3/23/2023,Dhaka,1,29.5,19.3,0.1,80
3/24/2023,Dhaka,0,30.3,19.2,0.2,76
3/25/2023,Dhaka,5,30,20.2,2.3,81
3/26/2023,Dhaka,0,32,21.1,1.5,79
3/27/2023,Dhaka,4,30.8,23.4,3.6,76
3/28/2023,Dhaka,5,32.7,21.6,0.4,74
3/29/2023,Dhaka,2,30.7,21.1,2.6,81
3/30/2023,Dhaka,3,31.8,22,9.5,81
3/31/2023,Dhaka,0,27.9,20.3,5.6,85
4/1/2023,Dhaka,4,26,21,9.7,86
4/2/2023,Dhaka,1,29.4,20.6,1.5,79
4/3/2023,Dhaka,0,31.2,20.4,0.1,77
4/4/2023,Dhaka,5,32.5,21.7,0.1,75
4/5/2023,Dhaka,5,33,23.2,2.2,79
4/6/2023,Dhaka,8,33.4,21.9,0,71
4/7/2023,Dhaka,0,34.1,21.1,0,62
4/8/2023,Dhaka,1,35.1,21.8,0,55
4/9/2023,Dhaka,4,35.6,22.3,0,52
4/10/2023,Dhaka,7,35.9,22.3,0,56
4/11/2023,Dhaka,5,36.6,23.9,0,52
4/12/2023,Dhaka,2,36.8,21.9,0,47
4/13/2023,Dhaka,3,38.9,21.9,0,48
4/14/2023,Dhaka,0,38.5,24.1,0,52
4/15/2023,Dhaka,0,39.2,25,0,57
4/16/2023,Dhaka,4,39.9,25.2,0,53
4/17/2023,Dhaka,2,38.5,26.4,7.1,71
4/18/2023,Dhaka,1,38.6,26.1,9.6,74
4/19/2023,Dhaka,0,36.1,26.3,0,77
4/20/2023,Dhaka,1,36.6,25.4,8.3,76
4/21/2023,Dhaka,0,34.8,22.6,17.5,82
4/22/2023,Dhaka,0,32.5,23.3,13.2,78
4/23/2023,Dhaka,0,31.5,23.1,0.1,69
4/24/2023,Dhaka,6,32.2,21.2,0,68
4/25/2023,Dhaka,5,32.7,22,0,64
4/26/2023,Dhaka,5,34.7,23.9,0,54
4/27/2023,Dhaka,11,35.9,23.6,0.2,57
4/28/2023,Dhaka,0,34,22.2,0.5,65
4/29/2023,Dhaka,10,36,24.3,0.4,69
4/30/2023,Dhaka,4,35,23.7,0.4,69
5/1/2023,Dhaka,21,33.1,24.2,2,70
5/2/2023,Dhaka,20,33.5,24.1,0,64
5/3/2023,Dhaka,9,32.7,24.8,1.6,71
5/4/2023,Dhaka,8,30.9,22.9,21.9,80
5/5/2023,Dhaka,4,31.6,22.9,3.8,78
5/6/2023,Dhaka,13,35,23.7,0.1,72
5/7/2023,Dhaka,8,35.9,24.5,0,64
5/8/2023,Dhaka,0,38.2,25.7,0,53
5/9/2023,Dhaka,15,39.6,25.9,0,53
5/10/2023,Dhaka,24,39.3,26,5.2,65
5/11/2023,Dhaka,14,38.5,25.9,0,57
5/12/2023,Dhaka,5,37.6,26.4,0,59
5/13/2023,Dhaka,23,37.3,26.8,0,58
5/14/2023,Dhaka,14,31.9,25.6,0,57
5/15/2023,Dhaka,16,34.1,22.8,6.6,59
5/16/2023,Dhaka,26,36.4,24.8,14.1,72
5/17/2023,Dhaka,35,34.9,25.9,46.8,80
5/18/2023,Dhaka,25,32.6,23.5,2,80
5/19/2023,Dhaka,3,32.6,25.4,4.3,80
5/20/2023,Dhaka,51,33.5,25.5,7.7,80
5/21/2023,Dhaka,17,33.3,25.4,15.7,82
5/22/2023,Dhaka,36,34.5,25.6,10,77
5/23/2023,Dhaka,41,32.3,25.3,19.5,85
5/24/2023,Dhaka,30,31.4,23.9,7.2,79
5/25/2023,Dhaka,42,32.8,23.9,4.6,80
5/26/2023,Dhaka,4,32.7,24.1,1.3,79
5/27/2023,Dhaka,73,31.4,24.3,10.7,85
5/28/2023,Dhaka,61,33.1,23.4,0,75
5/29/2023,Dhaka,63,33.9,24,0,69
5/30/2023,Dhaka,67,35,25.2,0,66
5/31/2023,Dhaka,83,35.5,26.5,0.2,66
6/1/2023,Dhaka,101,35.8,28.1,2.7,72
6/2/2023,Dhaka,2,38.4,27.3,0.1,66
6/3/2023,Dhaka,128,37.5,27.4,1.2,70
6/4/2023,Dhaka,87,36.9,27.8,2,69
6/5/2023,Dhaka,87,38.5,27.8,0,62
6/6/2023,Dhaka,89,38.8,28.8,0.1,59
6/7/2023,Dhaka,128,37.6,28.5,6.5,71
6/8/2023,Dhaka,123,35,26.6,1.4,80
6/9/2023,Dhaka,9,34,27.2,15.1,84
6/10/2023,Dhaka,150,33.5,26.1,3.4,82
6/11/2023,Dhaka,150,33.2,25.6,0.6,79
6/12/2023,Dhaka,152,34.2,26.8,0.3,79
6/13/2023,Dhaka,176,35.1,27.1,10.7,79
6/14/2023,Dhaka,184,34.8,28.1,3.8,80
6/15/2023,Dhaka,141,35.1,29.1,20.5,79
6/16/2023,Dhaka,31,37.5,28.5,56.2,79
6/17/2023,Dhaka,413,36,27.1,7.7,76
6/18/2023,Dhaka,257,32.4,27.7,10.6,82
6/19/2023,Dhaka,172,32.7,27.8,7.4,80
6/20/2023,Dhaka,279,33,27.1,5.4,80
6/21/2023,Dhaka,295,32.8,26.8,19.2,83
6/22/2023,Dhaka,286,33.1,26.5,7.6,82
6/23/2023,Dhaka,42,31.5,26.1,7.7,83
6/24/2023,Dhaka,432,32.4,26.7,1.2,78
6/25/2023,Dhaka,305,31.4,26.5,3.2,78
6/26/2023,Dhaka,249,30.8,26.6,8.3,82
6/27/2023,Dhaka,112,27.3,25.7,34.1,91
6/28/2023,Dhaka,64,29.3,24.8,28.1,90
6/29/2023,Dhaka,24,29.5,24.7,40.9,91
6/30/2023,Dhaka,41,31,25.6,24.1,88
7/1/2023,Dhaka,183,31.3,26.2,29.8,90
7/2/2023,Dhaka,260,32.7,26.5,9.1,88
7/3/2023,Dhaka,238,32,26.9,5.9,87
7/4/2023,Dhaka,192,33.7,26.8,0.8,82
7/5/2023,Dhaka,412,32.8,26.6,12.2,83
7/6/2023,Dhaka,458,31.2,26.2,4.6,82
7/7/2023,Dhaka,104,31.8,25.1,8,84
7/8/2023,Dhaka,639,32.2,26.4,8.1,83
7/9/2023,Dhaka,548,32.2,25.5,11.3,83
7/10/2023,Dhaka,626,31.8,27.2,5.5,86
7/11/2023,Dhaka,745,31.9,26.4,3.6,82
7/12/2023,Dhaka,823,31.8,26.3,2.3,82
7/13/2023,Dhaka,680,31.3,26.2,4.1,83
7/14/2023,Dhaka,256,31.8,26.2,2.7,84
7/15/2023,Dhaka,1253,31.5,25.9,1.2,81
7/16/2023,Dhaka,935,32,26,2,81
7/17/2023,Dhaka,985,30.4,26.1,5.3,84
7/18/2023,Dhaka,991,33.6,26.2,6.2,81
7/19/2023,Dhaka,1139,33.4,26.9,0.5,77
7/20/2023,Dhaka,1091,34.1,27,0.9,76
7/21/2023,Dhaka,586,33,27.2,9.2,78
7/22/2023,Dhaka,1461,34.2,26.6,1.7,75
7/23/2023,Dhaka,1385,34.5,27.1,0.3,76
7/24/2023,Dhaka,1419,34.2,26.8,0.3,74
7/25/2023,Dhaka,1495,34.7,27.2,0.8,75
7/26/2023,Dhaka,1646,33.4,27,9.4,79
7/27/2023,Dhaka,1388,32.8,26.6,4.7,79
7/28/2023,Dhaka,1052,33.5,26.6,1.6,77
7/29/2023,Dhaka,1352,33.3,26.8,2.8,78
7/30/2023,Dhaka,1569,35.1,26.6,1.1,76
7/31/2023,Dhaka,1615,35.1,27.4,20.5,79
8/1/2023,Dhaka,1560,35.5,27,14.9,83
8/2/2023,Dhaka,1605,31.5,26.8,7.4,83
8/3/2023,Dhaka,1550,31,25.8,14.7,87
8/4/2023,Dhaka,1055,31,25.7,14.5,86
8/5/2023,Dhaka,1359,33.2,27,7.1,84
8/6/2023,Dhaka,1623,28.9,25.7,25,91
8/7/2023,Dhaka,1620,28.7,25.4,55.6,95
8/8/2023,Dhaka,1607,29.5,25.7,24.9,91
8/9/2023,Dhaka,1619,32.1,25.6,0.4,85
8/10/2023,Dhaka,1670,32.2,25.6,1,85
8/11/2023,Dhaka,1139,32.2,25.6,19.8,86
8/12/2023,Dhaka,1211,31.2,25.4,18.4,89
8/13/2023,Dhaka,1703,31.5,25.9,14.8,90
8/14/2023,Dhaka,1351,31.3,26,4.9,88
8/15/2023,Dhaka,1024,33.3,25.8,1.3,84
8/16/2023,Dhaka,1140,32.4,26.7,27.7,88
8/17/2023,Dhaka,1285,34.2,26.2,1.8,82
8/18/2023,Dhaka,930,33,26.6,1.8,79
8/19/2023,Dhaka,1078,32.6,26.4,1.5,80
8/20/2023,Dhaka,1173,32.6,26.1,0.4,81
8/21/2023,Dhaka,1242,33.7,26.5,0.2,76
8/22/2023,Dhaka,1172,30.5,26.5,2.4,86
8/23/2023,Dhaka,1189,30.6,24.7,9.4,87
8/24/2023,Dhaka,1325,29.5,25.7,10.5,88
8/25/2023,Dhaka,900,30.1,25.1,34.6,92
8/26/2023,Dhaka,1027,31.4,25.5,11,86
8/27/2023,Dhaka,1278,32.5,25.4,18.2,88
8/28/2023,Dhaka,1368,32.6,25.7,1.2,85
8/29/2023,Dhaka,1251,33.5,25.4,0.5,80
8/30/2023,Dhaka,1303,34.7,26.8,0,72
8/31/2023,Dhaka,1246,33.3,26.8,1.2,80
9/1/2023,Dhaka,776,33,26.5,1.7,86
9/2/2023,Dhaka,1285,31.5,26.6,2.1,87
9/3/2023,Dhaka,1372,32.9,26.3,3.8,86
9/4/2023,Dhaka,1520,32.8,26,1.1,83
9/5/2023,Dhaka,1566,35.3,26.6,4.3,80
9/6/2023,Dhaka,1162,32.9,27.4,2.8,83
9/7/2023,Dhaka,1293,32.3,26.6,5.5,83
9/8/2023,Dhaka,1024,30.6,25.2,24,89
9/9/2023,Dhaka,1430,33,25.5,0.5,80
9/10/2023,Dhaka,1542,33.2,26.2,7.1,83
9/11/2023,Dhaka,1630,32.2,27.2,16.6,85
9/12/2023,Dhaka,1472,32.5,25.5,14,89
9/13/2023,Dhaka,1461,33.1,25.9,4.8,82
9/14/2023,Dhaka,1352,30.8,26.3,5.8,83
9/15/2023,Dhaka,1217,32.2,25.6,6.7,84
9/16/2023,Dhaka,1357,33.2,25.4,0,82
9/17/2023,Dhaka,1548,33.7,26.3,7,82
9/18/2023,Dhaka,1560,30.2,26.1,4,87
9/19/2023,Dhaka,1543,29.4,25.2,14.1,90
9/20/2023,Dhaka,1480,28.9,25.2,17.1,88
9/21/2023,Dhaka,1353,29.5,25.7,11.9,88
9/22/2023,Dhaka,1129,30.7,24.9,17.9,88
9/23/2023,Dhaka,1336,30.9,25.3,14.5,88
9/24/2023,Dhaka,1439,32.1,25.6,1.7,86
9/25/2023,Dhaka,1487,32.2,24.8,8.9,87
9/26/2023,Dhaka,1566,33.4,24.7,0,81
9/27/2023,Dhaka,1483,33.4,26.4,0.2,79
9/28/2023,Dhaka,1153,34.5,26.8,0,79
9/29/2023,Dhaka,890,35.1,27.2,21.1,85
9/30/2023,Dhaka,1107,30,25.8,28.2,87
10/1/2023,Dhaka,1400,32.2,25.4,1.5,83
10/2/2023,Dhaka,1124,31.4,25.6,2.7,84
10/3/2023,Dhaka,1245,30.1,25.6,7.1,86
10/4/2023,Dhaka,1154,28.9,25,29.5,91
10/5/2023,Dhaka,1349,29.9,24.8,50.2,92
10/6/2023,Dhaka,912,30.2,25.3,48.4,91
10/7/2023,Dhaka,891,30.5,23.6,40.5,89
10/8/2023,Dhaka,1323,31,24.4,0.3,88
10/9/2023,Dhaka,1256,30.7,24.5,2.4,88
10/10/2023,Dhaka,1285,32.2,24.6,0.4,85
10/11/2023,Dhaka,1117,32.9,24.7,0.3,81
10/12/2023,Dhaka,1073,31.4,24.1,4.4,85
10/13/2023,Dhaka,914,33,23.7,0,75
10/14/2023,Dhaka,817,32.2,22.6,0,74
10/15/2023,Dhaka,954,31.6,22.9,0,76
10/16/2023,Dhaka,1234,31.3,23.3,0,76
10/17/2023,Dhaka,1257,31.8,22.8,0,71
10/18/2023,Dhaka,1148,31.5,22.2,0,74
10/19/2023,Dhaka,1113,31.5,21.9,0,73
10/20/2023,Dhaka,818,31.5,21.6,0,70
10/21/2023,Dhaka,800,31.8,21.1,0,72
10/22/2023,Dhaka,965,31.7,21.3,0,71
10/23/2023,Dhaka,909,31.2,23.8,4.4,81
10/24/2023,Dhaka,1022,28.1,23.6,0,84
10/25/2023,Dhaka,853,31.1,23.4,0,76
10/26/2023,Dhaka,745,30.7,22.8,0.5,79
10/27/2023,Dhaka,688,30.8,21.4,0,75
10/28/2023,Dhaka,808,31.3,19.8,0,65
10/29/2023,Dhaka,769,30.9,19.2,0,69
10/30/2023,Dhaka,787,31,20.2,0,68
10/31/2023,Dhaka,834,32.3,21,0,65
11/1/2023,Dhaka,892,33,22.4,0,66
11/2/2023,Dhaka,771,32.3,22.3,0,68
11/3/2023,Dhaka,679,31.1,21.7,0,68
11/4/2023,Dhaka,727,31.2,21.1,0.1,70
11/5/2023,Dhaka,947,31.3,21.5,0,69
11/6/2023,Dhaka,800,31.1,19.3,0,61
11/7/2023,Dhaka,800,30,18,0,69
11/8/2023,Dhaka,896,29.8,18.4,0,69
11/9/2023,Dhaka,679,30,18,0,72
11/10/2023,Dhaka,645,30,18.1,0,68
11/11/2023,Dhaka,603,30.1,17.9,0,71
11/12/2023,Dhaka,704,30.4,17.7,0,71
11/13/2023,Dhaka,783,30.5,17.9,0,71
11/14/2023,Dhaka,630,30.6,18.1,0,69
11/15/2023,Dhaka,696,30.9,19.4,0,62
11/16/2023,Dhaka,593,27.3,22.5,4.3,76
11/17/2023,Dhaka,448,23.3,19.6,62.2,91
11/18/2023,Dhaka,413,27.1,17.6,0,81
11/19/2023,Dhaka,508,28.6,19,0.1,82
11/20/2023,Dhaka,555,28.8,18.8,0,78
11/21/2023,Dhaka,421,28.4,20,0,75
11/22/2023,Dhaka,529,27.6,17.8,0,72
11/23/2023,Dhaka,492,27.3,16.1,0,74
11/24/2023,Dhaka,297,27.3,16.2,0,74
11/25/2023,Dhaka,350,27.5,16.5,0,72
11/26/2023,Dhaka,454,28.2,15.7,0,73
11/27/2023,Dhaka,425,29.5,16.4,0,77
11/28/2023,Dhaka,448,29.1,18.5,0,73
11/29/2023,Dhaka,450,28.5,18.1,0,76
11/30/2023,Dhaka,390,28.6,18,0,78
12/1/2023,Dhaka,205,28.6,17.2,0,75
12/2/2023,Dhaka,240,28.3,18.2,0,74
12/3/2023,Dhaka,329,28.9,17.9,0,75
12/4/2023,Dhaka,344,26.8,17.9,0,79
12/5/2023,Dhaka,292,23.3,21.4,1.2,81
12/6/2023,Dhaka,263,25.8,20.4,2.3,83
12/7/2023,Dhaka,248,21.3,19.7,37.2,92
12/8/2023,Dhaka,95,25.3,17.7,1.3,86
12/9/2023,Dhaka,166,25.6,16.2,0,82
12/10/2023,Dhaka,195,25.3,15.1,0,76
12/11/2023,Dhaka,203,24.8,13.6,0,80
12/12/2023,Dhaka,136,24.5,14.9,0,82
12/13/2023,Dhaka,134,24.6,14.2,0,77
12/14/2023,Dhaka,152,23.8,11.7,0,73
12/15/2023,Dhaka,94,24.1,12.3,0,76
12/16/2023,Dhaka,95,24.4,13.9,0,81
12/17/2023,Dhaka,106,24.5,13.3,0,79
12/18/2023,Dhaka,131,24.3,13.7,0,79
12/19/2023,Dhaka,81,24.4,14.2,0,78
12/20/2023,Dhaka,95,24.9,13.8,0,80
12/21/2023,Dhaka,80,25.6,13.6,0,80
12/22/2023,Dhaka,55,26.1,14.8,0,79
12/23/2023,Dhaka,49,25.6,14.9,0.1,82
12/24/2023,Dhaka,81,25.1,14,0,80
12/25/2023,Dhaka,38,25.5,16.6,0,75
12/26/2023,Dhaka,65,25.6,14.7,0,78
12/27/2023,Dhaka,56,25.8,14.4,0,80
12/28/2023,Dhaka,51,26.1,15,0,76
12/29/2023,Dhaka,21,26.5,14.5,0,75
12/30/2023,Dhaka,44,26.5,14.8,0,77
12/31/2023,Dhaka,66,25.9,15.9,0,79
1/1/2024,Dhaka,43,24.8,15.3,0,82
1/2/2024,Dhaka,21,23.5,14.3,0,83
1/3/2024,Dhaka,41,24,13.1,0,82
1/4/2024,Dhaka,34,24.2,12.3,0,84
1/5/2024,Dhaka,17,24.5,12.4,0,79
1/6/2024,Dhaka,25,24.9,12.6,0,79
1/7/2024,Dhaka,10,24.9,14.2,0,78
1/8/2024,Dhaka,32,24.7,14.6,0,82
1/9/2024,Dhaka,25,24,13.3,0,82
1/10/2024,Dhaka,33,23.6,11.6,0,84
1/11/2024,Dhaka,24,22.6,12.2,0,82
1/12/2024,Dhaka,12,21.7,10.9,0,85
1/13/2024,Dhaka,15,22.1,11.8,0,86
1/14/2024,Dhaka,18,21.3,10.7,0,88
1/15/2024,Dhaka,16,21.6,10.4,0,84
1/16/2024,Dhaka,15,20.4,9.7,0,82
1/17/2024,Dhaka,8,20.4,9.2,0,79
1/18/2024,Dhaka,9,22,10.5,0,80
1/19/2024,Dhaka,8,23,12.2,0.1,82
1/20/2024,Dhaka,8,23.2,12.4,0,82
1/21/2024,Dhaka,11,22.7,11.5,0,82
1/22/2024,Dhaka,8,20.6,9.1,0,82
1/23/2024,Dhaka,12,21.6,8.8,0,85
1/24/2024,Dhaka,7,22.6,10.6,0.4,81
1/25/2024,Dhaka,6,22.9,11.4,0,79
1/26/2024,Dhaka,7,22.8,12.5,0,77
1/27/2024,Dhaka,6,22.3,10.8,0,74
1/28/2024,Dhaka,7,23,9.9,0,70
1/29/2024,Dhaka,7,23.4,9.2,0,70
1/30/2024,Dhaka,6,24.3,11.5,0.6,68
1/31/2024,Dhaka,12,25.4,13.6,0.2,76
2/1/2024,Dhaka,7,25.7,15.4,2.6,83
2/2/2024,Dhaka,7,25.1,16.3,0.2,85
2/3/2024,Dhaka,7,25.3,14.5,0,71
2/4/2024,Dhaka,13,25.3,12.6,0,68
2/5/2024,Dhaka,7,26.1,13.2,0,68
2/6/2024,Dhaka,5,25,14.6,0.7,82
2/7/2024,Dhaka,13,25,14.6,0,74
2/8/2024,Dhaka,10,23.7,11.2,0,66
2/9/2024,Dhaka,2,23.4,10.7,0,66
2/10/2024,Dhaka,8,25.7,11.7,0,68
2/11/2024,Dhaka,9,27.1,13.2,0,67
2/12/2024,Dhaka,5,27.6,13.3,0,65
2/13/2024,Dhaka,7,28.2,13.1,0,60
2/14/2024,Dhaka,1,28.1,15.6,0,68
2/15/2024,Dhaka,1,28.5,17.3,0.6,75
2/16/2024,Dhaka,3,29,16.8,0,67
2/17/2024,Dhaka,5,28,15.1,0,65
2/18/2024,Dhaka,4,27.6,16.1,0,60
2/19/2024,Dhaka,9,28.6,14.7,0,63
2/20/2024,Dhaka,0,28.7,16.6,0.2,78
2/21/2024,Dhaka,3,29.8,21.1,0,80
2/22/2024,Dhaka,4,27.2,19.8,4,85
2/23/2024,Dhaka,1,25.1,17.4,6.5,82
2/24/2024,Dhaka,5,28.2,15.6,0,72
2/25/2024,Dhaka,3,26.4,17.2,1.7,62
2/26/2024,Dhaka,5,28,14,0,63
2/27/2024,Dhaka,9,27.5,15.9,0,55
2/28/2024,Dhaka,5,28.3,16,0,59
2/29/2024,Dhaka,6,29.8,17.4,0,60
3/1/2024,Dhaka,1,29.8,15.5,0,57
3/2/2024,Dhaka,4,30,15.2,0,55
3/3/2024,Dhaka,3,30.7,16.4,0,57
3/4/2024,Dhaka,4,29.3,18.9,1.5,68
3/5/2024,Dhaka,3,30.9,19.7,0,64
3/6/2024,Dhaka,4,29.3,16.1,0,56
3/7/2024,Dhaka,7,30.1,14.2,0,49
3/8/2024,Dhaka,7,30.8,15.5,0,47
3/9/2024,Dhaka,3,30.1,16.5,0,44
3/10/2024,Dhaka,5,29.7,16.6,0,44
3/11/2024,Dhaka,5,31.7,14.9,0,50
3/12/2024,Dhaka,5,33.2,17.1,0,59
3/13/2024,Dhaka,6,33.6,20.9,0,64
3/14/2024,Dhaka,6,30.6,21.5,1,78
3/15/2024,Dhaka,1,33.7,21,0.1,68
3/16/2024,Dhaka,5,34,19.3,0.4,62
3/17/2024,Dhaka,1,33.8,20.3,0,59
3/18/2024,Dhaka,8,33.4,21.5,0,59
3/19/2024,Dhaka,7,30.8,21.8,4.5,65
3/20/2024,Dhaka,6,27.6,19.9,2.5,70
3/21/2024,Dhaka,4,28.2,18.7,10.4,80
3/22/2024,Dhaka,4,28.1,16.5,0.3,74
3/23/2024,Dhaka,4,30.8,18.2,0,68
3/24/2024,Dhaka,3,32.5,20.5,0.6,78
3/25/2024,Dhaka,5,32.7,20.2,4.2,80
3/26/2024,Dhaka,3,31.9,21.2,0,69
3/27/2024,Dhaka,4,32.6,20.7,22,76
3/28/2024,Dhaka,6,30.4,21.6,11,84
3/29/2024,Dhaka,3,31.3,21.7,0.5,79
3/30/2024,Dhaka,11,32.1,21.5,6.1,85
3/31/2024,Dhaka,10,32.7,24,0.7,82
4/1/2024,Dhaka,5,36.3,24.5,0,71
4/2/2024,Dhaka,6,36,24.9,0,71
4/3/2024,Dhaka,1,35.7,25.6,0.1,66
4/4/2024,Dhaka,6,36.9,25,0,69
4/5/2024,Dhaka,1,36.4,25.2,0.3,73
4/6/2024,Dhaka,6,37.8,26,0,66
4/7/2024,Dhaka,4,35.7,25.9,1.9,72
4/8/2024,Dhaka,3,31.6,24.5,0.1,64
4/9/2024,Dhaka,2,34.7,21.5,0,62
4/10/2024,Dhaka,0,35.6,21.2,0,57
4/11/2024,Dhaka,0,34.4,22.3,0,70
4/12/2024,Dhaka,2,35.6,24.2,0.1,55
4/13/2024,Dhaka,13,36.2,23.2,0.1,55
4/14/2024,Dhaka,8,35.3,22.2,0.8,61
4/15/2024,Dhaka,15,36.9,23.2,0.1,56
4/16/2024,Dhaka,8,36,24.7,0.6,64
4/17/2024,Dhaka,9,36.6,26,1.5,70
4/18/2024,Dhaka,7,36.9,25.6,0,71
4/19/2024,Dhaka,13,38.9,25.9,0,65
4/20/2024,Dhaka,16,39.7,26.4,0,63
4/21/2024,Dhaka,25,38.7,27,0,68
4/22/2024,Dhaka,12,38.8,26.8,0,65
4/23/2024,Dhaka,8,37.6,25.9,0,60
4/24/2024,Dhaka,21,38.1,26.6,0,53
4/25/2024,Dhaka,5,38.9,25.9,0,58
4/26/2024,Dhaka,8,39.5,26.4,0,64
4/27/2024,Dhaka,10,39.1,26.8,0.1,68
4/28/2024,Dhaka,14,39,27.1,1.4,67
4/29/2024,Dhaka,4,40.8,28,0,61
4/30/2024,Dhaka,8,40.8,27.7,0,63
5/1/2024,Dhaka,6,40,28.1,0,60
5/2/2024,Dhaka,9,34.8,27.1,8.4,77
5/3/2024,Dhaka,7,37.7,26.2,0,67
5/4/2024,Dhaka,8,37.2,25.7,1.4,65
5/5/2024,Dhaka,7,35.6,22.2,18.4,79
5/6/2024,Dhaka,18,29.6,21.5,9.7,85
5/7/2024,Dhaka,7,32.7,23.7,0.1,73
5/8/2024,Dhaka,7,29.5,23.2,8.7,80
5/9/2024,Dhaka,15,31.8,23.3,0.7,75
5/10/2024,Dhaka,2,32.7,24,1.8,71
5/11/2024,Dhaka,9,33.3,23.1,1.1,78
5/12/2024,Dhaka,17,33.5,24,0.8,75
5/13/2024,Dhaka,12,34.1,24.6,0,71
5/14/2024,Dhaka,19,35.3,25.8,0.8,66
5/15/2024,Dhaka,12,37.1,26.9,0,61
5/16/2024,Dhaka,20,38.5,27,0,55
5/17/2024,Dhaka,9,40.1,27.8,0,55
5/18/2024,Dhaka,7,38.2,28.7,2.8,67
5/19/2024,Dhaka,10,34.1,27.1,0.5,77
5/20/2024,Dhaka,13,32.9,25.7,5.3,84
5/21/2024,Dhaka,7,33.8,24.8,3.6,76
5/22/2024,Dhaka,7,34.6,26.6,0.1,74
5/23/2024,Dhaka,6,36.3,26.2,0,67
5/24/2024,Dhaka,6,37.4,27,0,63
5/25/2024,Dhaka,11,38.3,28.5,0.4,62
5/26/2024,Dhaka,10,36.5,27.6,8,72
5/27/2024,Dhaka,10,27.4,25.9,174.7,91
5/28/2024,Dhaka,4,32.3,25.1,21.5,82
5/29/2024,Dhaka,8,35.1,28.7,1,80
5/30/2024,Dhaka,16,34.7,25.7,7.6,83
5/31/2024,Dhaka,7,35,27.9,0.3,77
6/1/2024,Dhaka,11,33.7,27,0.9,80
6/2/2024,Dhaka,11,33.4,27.4,1.4,82
6/3/2024,Dhaka,18,32.6,27.5,6.2,83
6/4/2024,Dhaka,14,33.3,27.2,7.3,83
6/5/2024,Dhaka,16,34.3,27,2.3,81
6/6/2024,Dhaka,13,35.1,27.3,32.3,86
6/7/2024,Dhaka,6,33.9,26.5,9.3,82
6/8/2024,Dhaka,11,36,24.7,13.8,78
6/9/2024,Dhaka,7,35.5,27.6,2.6,81
6/10/2024,Dhaka,22,35.8,27.8,0.1,77
6/11/2024,Dhaka,7,35.2,27.8,0.2,75
6/12/2024,Dhaka,20,34,27.5,3.1,79
6/13/2024,Dhaka,18,33.6,27.9,3.5,81
6/14/2024,Dhaka,10,34,27.3,4.4,83
6/15/2024,Dhaka,11,34.6,28.2,0.1,79
6/16/2024,Dhaka,4,34.4,28,9.6,81
6/17/2024,Dhaka,0,33.2,28.5,2.8,81
6/18/2024,Dhaka,4,31.6,25.8,24.5,86
6/19/2024,Dhaka,28,31.1,25.9,31.5,90
6/20/2024,Dhaka,11,31.9,26.2,8.9,85
6/21/2024,Dhaka,11,32.8,25.2,6.4,80
6/22/2024,Dhaka,7,32.3,26.4,7.6,82
6/23/2024,Dhaka,23,33.3,26.7,1.5,82
6/24/2024,Dhaka,16,33.4,26.8,1.5,81
6/25/2024,Dhaka,19,33.1,27.4,4.4,81
6/26/2024,Dhaka,21,32.5,27.4,25.1,84
6/27/2024,Dhaka,23,31.9,27.2,6.2,82
6/28/2024,Dhaka,7,31.5,26.7,11,83
6/29/2024,Dhaka,36,31,26.7,13.6,84
6/30/2024,Dhaka,15,30.4,25.7,14.8,88
7/1/2024,Dhaka,25,28.3,26.1,27.7,92
7/2/2024,Dhaka,23,30.6,25.4,27.4,91
7/3/2024,Dhaka,26,30.7,25.5,8.7,87
7/4/2024,Dhaka,20,30.1,25.8,14.1,89
7/5/2024,Dhaka,20,31.3,25.5,11,87
7/6/2024,Dhaka,22,31.7,25.9,2.9,83
7/7/2024,Dhaka,41,32.6,25.9,3.5,82
7/8/2024,Dhaka,32,32.2,26.3,0.7,83
7/9/2024,Dhaka,36,31.7,26.3,3.8,84
7/10/2024,Dhaka,48,31.2,26.5,5,84
7/11/2024,Dhaka,60,32.1,26.6,20.9,85
7/12/2024,Dhaka,20,31.7,25.7,4.6,87
7/13/2024,Dhaka,57,32.3,25.6,1.4,82
7/14/2024,Dhaka,64,33.8,26.2,1,80
7/15/2024,Dhaka,67,33.2,26.8,2,79
7/16/2024,Dhaka,65,32.1,27.5,2.6,81
7/17/2024,Dhaka,20,33.7,26.7,1.1,79
7/18/2024,Dhaka,63,34.9,26.9,1.1,78
7/19/2024,Dhaka,63,33.6,27.3,0.6,78
7/20/2024,Dhaka,63,32.8,27.5,1.7,77
7/21/2024,Dhaka,63,32.4,26.9,3.8,81
7/22/2024,Dhaka,63,30.7,26.4,17.7,85
7/23/2024,Dhaka,63,32,25.9,2.7,81
7/24/2024,Dhaka,84,32.5,26.2,4.5,83
7/25/2024,Dhaka,166,33.5,26.3,1.4,80
7/26/2024,Dhaka,30,33.1,27,2.2,79
7/27/2024,Dhaka,74,33,26.9,1.1,79
7/28/2024,Dhaka,89,33.9,26.9,1.2,78
7/29/2024,Dhaka,104,32.6,27.2,1.7,80
7/30/2024,Dhaka,50,32.8,26,15.7,83
7/31/2024,Dhaka,79,32,26.4,8.9,84
8/1/2024,Dhaka,95,27.9,25.6,46.9,91
8/2/2024,Dhaka,42,28,25,66.4,94
8/3/2024,Dhaka,140,30.1,24.8,25,89
8/4/2024,Dhaka,91,31.3,24.5,8.8,85
8/5/2024,Dhaka,34,32.5,25.8,11.6,85
8/6/2024,Dhaka,51,31.8,25.6,5.2,83
8/7/2024,Dhaka,76,30.4,25.8,10.2,84
8/8/2024,Dhaka,108,31.1,25.5,3.7,84
8/9/2024,Dhaka,23,30.6,24.7,25.8,87
8/10/2024,Dhaka,131,30.7,25.1,5.1,85
8/11/2024,Dhaka,109,30.4,25.8,4.3,87
8/12/2024,Dhaka,118,31.1,25.8,5.1,86
8/13/2024,Dhaka,115,32.5,25.4,12.7,86
8/14/2024,Dhaka,99,32.7,26.1,11.1,85
8/15/2024,Dhaka,120,32.7,26.1,2.5,82
8/16/2024,Dhaka,38,31.1,26.1,1.6,83
8/17/2024,Dhaka,154,30.2,25.5,6,84
8/18/2024,Dhaka,134,30.7,25.1,8.1,88
8/19/2024,Dhaka,123,28,24.8,41.8,93
8/20/2024,Dhaka,115,30.3,24.2,23.9,89
8/21/2024,Dhaka,131,29.4,24.7,50.1,93
8/22/2024,Dhaka,117,29.9,24.9,22.4,93
8/23/2024,Dhaka,64,29.9,24.6,16.4,90
8/24/2024,Dhaka,173,31.3,25,9.2,86
8/25/2024,Dhaka,146,29,24.1,21.6,88
8/26/2024,Dhaka,80,29,24.7,5.7,89
8/27/2024,Dhaka,200,31,25,9.5,88
8/28/2024,Dhaka,158,31.4,24.9,6.8,85
8/29/2024,Dhaka,179,33.3,25.3,0.2,80
8/30/2024,Dhaka,88,33.2,26,8,78
8/31/2024,Dhaka,215,32.6,26.2,1.5,80
9/1/2024,Dhaka,212,31.5,26.2,8.2,86
9/2/2024,Dhaka,155,32.8,26.1,3.6,84
9/3/2024,Dhaka,161,31.4,26.2,11.9,87
9/4/2024,Dhaka,191,32.3,25.4,2.8,83
9/5/2024,Dhaka,207,32.1,25.6,6.6,84
9/6/2024,Dhaka,97,32.9,25.7,7.9,84
9/7/2024,Dhaka,288,33.2,25.8,3.8,84
9/8/2024,Dhaka,247,33,26.6,4.1,82
9/9/2024,Dhaka,416,32.4,26.3,1.2,80
9/10/2024,Dhaka,289,31.1,26.6,0.7,83
9/11/2024,Dhaka,236,32.3,26.2,3.7,83
9/12/2024,Dhaka,398,34,26.7,11.6,82
9/13/2024,Dhaka,140,32.7,26,3.3,76
9/14/2024,Dhaka,404,27.1,25,57,90
9/15/2024,Dhaka,310,26.5,24.9,41.4,92
9/16/2024,Dhaka,237,32.1,24.5,15.9,87
9/17/2024,Dhaka,455,32.7,25.4,0.1,84
9/18/2024,Dhaka,514,34,25.6,0,80
9/19/2024,Dhaka,505,34.2,27,1.8,79
9/20/2024,Dhaka,237,35.3,27.2,0,76
9/21/2024,Dhaka,501,35.5,26.1,7.6,78
9/22/2024,Dhaka,512,34.5,27.5,0,79
9/23/2024,Dhaka,485,34.5,27.7,2.6,81
9/24/2024,Dhaka,476,31.8,25.9,8.9,84
9/25/2024,Dhaka,565,28,24.3,32.9,91
9/26/2024,Dhaka,524,29.1,24.5,20,91
9/27/2024,Dhaka,231,31.8,24.6,4.8,87
9/28/2024,Dhaka,485,31.9,25.2,4.9,87
9/29/2024,Dhaka,703,31.5,25.5,2.3,87
9/30/2024,Dhaka,658,32,25.9,2,86
10/1/2024,Dhaka,693,32.5,25.6,5.6,87
10/2/2024,Dhaka,607,32.1,24.6,21.8,88
10/3/2024,Dhaka,592,26.7,25.1,67.3,94
10/4/2024,Dhaka,214,30.1,24.3,34,91
10/5/2024,Dhaka,605,27.9,23.9,66,94
10/6/2024,Dhaka,732,31.1,24.4,2.4,86
10/7/2024,Dhaka,679,30.4,24.4,4,89
10/8/2024,Dhaka,535,31.6,24.5,6,89
10/9/2024,Dhaka,635,31,23.8,14.3,88
10/10/2024,Dhaka,409,29.6,24,6,89
10/11/2024,Dhaka,347,31.6,23.5,12,87
10/12/2024,Dhaka,431,31,24.1,7.2,88
10/13/2024,Dhaka,439,32.3,23.7,0,81
10/14/2024,Dhaka,630,32,23.2,0,77
10/15/2024,Dhaka,619,31.2,23.4,0.7,80
10/16/2024,Dhaka,723,31.5,23.8,0.2,77
10/17/2024,Dhaka,586,30.7,24.1,5.2,83
10/18/2024,Dhaka,259,29.3,23.1,13.3,89
10/19/2024,Dhaka,633,30.3,23.1,13.2,86
10/20/2024,Dhaka,750,30.7,21.7,0,82
10/21/2024,Dhaka,603,30.8,21,0,78
10/22/2024,Dhaka,664,32.6,22.5,0,79
10/23/2024,Dhaka,637,29.5,25.1,5.9,83
10/24/2024,Dhaka,596,28,23.6,7.9,84
10/25/2024,Dhaka,342,30.3,22.7,11.6,85
10/26/2024,Dhaka,550,29.8,24,7.6,87
10/27/2024,Dhaka,705,31.4,22.9,0,82
10/28/2024,Dhaka,702,31.4,23.4,0,80
10/29/2024,Dhaka,749,31.6,24,0,77
10/30/2024,Dhaka,636,31.2,24.2,0.8,82
10/31/2024,Dhaka,731,30.3,23.9,1.7,87
11/1/2024,Dhaka,211,31.9,23.4,0,81
11/2/2024,Dhaka,621,30.9,21.9,0,79
11/3/2024,Dhaka,677,31.3,21,0,76
11/4/2024,Dhaka,745,31.1,20.8,0,75
11/5/2024,Dhaka,875,30.5,21.8,0.5,73
11/6/2024,Dhaka,575,29.7,20.7,1.9,76
11/7/2024,Dhaka,633,30.3,20.7,0,76
11/8/2024,Dhaka,334,30.6,21.1,0,72
11/9/2024,Dhaka,649,30.2,20.1,0,72
11/10/2024,Dhaka,780,30.5,19.1,0,71
11/11/2024,Dhaka,687,31,19.8,0,66
11/12/2024,Dhaka,702,30.6,20.7,0,66
11/13/2024,Dhaka,708,30.9,21.4,0,70
11/14/2024,Dhaka,658,30.6,20.8,0,71
11/15/2024,Dhaka,261,30,20.3,0,69
11/16/2024,Dhaka,622,29.5,19.6,0,70
11/17/2024,Dhaka,767,28.3,18.6,0,64
11/18/2024,Dhaka,639,28.1,17.3,0,69
11/19/2024,Dhaka,564,28.6,17.5,0,70
11/20/2024,Dhaka,530,28.3,17.2,0,63
11/21/2024,Dhaka,766,28.7,17.3,0,68
11/22/2024,Dhaka,239,28.3,19.9,0,67
11/23/2024,Dhaka,494,28.5,18.9,0,71
11/24/2024,Dhaka,587,28,18.7,0,64
11/25/2024,Dhaka,521,27.8,17.4,0,62
11/26/2024,Dhaka,560,27.7,17,0,64
11/27/2024,Dhaka,532,27.7,16.9,0,69
11/28/2024,Dhaka,507,28.6,18,0,66
11/29/2024,Dhaka,223,30,18.9,0,67
11/30/2024,Dhaka,388,28.4,21.2,0,71
12/1/2024,Dhaka,477,28.5,20.4,0.3,64
12/2/2024,Dhaka,403,27.6,19.1,0,65
12/3/2024,Dhaka,357,27.7,18.2,0,69
12/4/2024,Dhaka,357,28,17.4,0,66
12/5/2024,Dhaka,335,27.8,16.7,0,65
12/6/2024,Dhaka,149,26.5,16.9,0,60
12/7/2024,Dhaka,323,26.1,15.5,0,57
12/8/2024,Dhaka,364,26,14.6,0,58
12/9/2024,Dhaka,295,26.3,14.6,0,64
12/10/2024,Dhaka,269,25.8,15.9,0,72
12/11/2024,Dhaka,258,25.3,15.5,0,68
12/12/2024,Dhaka,183,24.8,14,0,70
12/13/2024,Dhaka,148,24.9,14.4,0,72
12/14/2024,Dhaka,197,24.9,14.4,0,70
12/15/2024,Dhaka,220,25.5,14.3,0,71
12/16/2024,Dhaka,64,26.5,12.3,0,68
12/17/2024,Dhaka,170,27.6,14.5,0,62
12/18/2024,Dhaka,139,25.9,16.5,0,68
12/19/2024,Dhaka,124,26.1,14.8,0,72
12/20/2024,Dhaka,61,26.2,15,0,72
12/21/2024,Dhaka,92,21.7,17.3,0.9,77
12/22/2024,Dhaka,76,25.5,15,0,77
12/23/2024,Dhaka,118,26.3,14.6,0,68
12/24/2024,Dhaka,80,25.9,14.3,0,65
12/25/2024,Dhaka,35,26.6,15.5,0,61
12/26/2024,Dhaka,76,27.6,16.9,0,61
12/27/2024,Dhaka,33,26.3,16,0,63
12/28/2024,Dhaka,76,27,14.6,0,66
12/29/2024,Dhaka,69,26.6,15.7,0,68
12/30/2024,Dhaka,69,26.7,16.7,0,69
12/31/2024,Dhaka,44,24.6,15.5,0,71
1/1/2025,Dhaka,48,24.8,14.8,0,77
1/2/2025,Dhaka,40,24,13.6,0,79
1/3/2025,Dhaka,18,25,13.4,0,76
1/4/2025,Dhaka,31,26.9,14.7,0,76
1/5/2025,Dhaka,30,27.7,14.9,0,77
1/6/2025,Dhaka,39,27.8,16.3,0,75
1/7/2025,Dhaka,29,25.4,16.1,0,68
1/8/2025,Dhaka,26,23.8,15.8,0,73
1/9/2025,Dhaka,24,23.3,13.4,0,72
1/10/2025,Dhaka,14,24.3,13.1,0,66
1/11/2025,Dhaka,33,26.1,13.8,0,66
1/12/2025,Dhaka,24,27.7,15.2,0,63
1/13/2025,Dhaka,23,26.5,16.1,0,65
1/14/2025,Dhaka,16,27,15.9,0,65
1/15/2025,Dhaka,29,27,15.6,0,63
1/16/2025,Dhaka,12,27.7,15.1,0,65
1/17/2025,Dhaka,14,27.4,15.9,0,62
1/18/2025,Dhaka,23,26.4,15.6,0,68
1/19/2025,Dhaka,15,25.3,15,0,66
1/20/2025,Dhaka,19,24.3,14.3,0,71
1/21/2025,Dhaka,13,25.2,14.4,0,71
1/22/2025,Dhaka,16,26.1,15.4,0,73
1/23/2025,Dhaka,6,26.3,13.7,0,72
1/24/2025,Dhaka,4,26.3,14.7,0,69
1/25/2025,Dhaka,13,26.2,15.9,0,66
1/26/2025,Dhaka,18,25,14.3,0,61
1/27/2025,Dhaka,17,25.9,14.3,0,66
1/28/2025,Dhaka,10,26.1,15,0,61
1/29/2025,Dhaka,15,26.6,15.8,0,56
1/30/2025,Dhaka,9,26.8,16.6,2,72
1/31/2025,Dhaka,6,27.6,19.5,1.1,83
2/1/2025,Dhaka,4,27.6,18.7,0.1,82
2/2/2025,Dhaka,4,29,18.3,0,74
2/3/2025,Dhaka,10,28.2,17,0,68
2/4/2025,Dhaka,8,27,15.5,0,63
2/5/2025,Dhaka,4,27.9,16.8,0,63
2/6/2025,Dhaka,4,29.8,18.6,0,63
2/7/2025,Dhaka,2,26.1,15.9,0,54
2/8/2025,Dhaka,6,26.3,14.5,0,55
2/9/2025,Dhaka,10,26.1,14.4,0,59
2/10/2025,Dhaka,13,27.7,16,0,57
2/11/2025,Dhaka,3,28,17.2,0.1,73
2/12/2025,Dhaka,3,29.2,18.8,0,74
2/13/2025,Dhaka,7,30.2,20,0,71
2/14/2025,Dhaka,2,28,16.9,0,46
2/15/2025,Dhaka,1,28.8,15.7,0,47
2/16/2025,Dhaka,8,30.3,17.6,0,51
2/17/2025,Dhaka,6,30.9,18.6,0,62
2/18/2025,Dhaka,6,30.6,19.1,4.2,70
2/19/2025,Dhaka,10,30.8,19.1,0,63
2/20/2025,Dhaka,3,30.7,19.7,0,63
2/21/2025,Dhaka,3,31.3,20.2,0,60
2/22/2025,Dhaka,5,31.6,20.9,1.7,59
2/23/2025,Dhaka,3,29.5,20.2,1.6,62
2/24/2025,Dhaka,3,30.7,18.4,0,60
2/25/2025,Dhaka,6,30.7,18.6,0,53
2/26/2025,Dhaka,3,30.3,18.2,0,49
2/27/2025,Dhaka,5,30.8,19.1,0,50
2/28/2025,Dhaka,4,30.6,20.5,0.1,54
3/1/2025,Dhaka,2,33.1,21.4,0.1,61
3/2/2025,Dhaka,3,34.5,22.5,0,54
3/3/2025,Dhaka,6,34.3,22.8,0,46
3/4/2025,Dhaka,4,32.9,21.8,0,38
3/5/2025,Dhaka,4,31.9,22.1,0,40
3/6/2025,Dhaka,1,31,19.7,0,38
3/7/2025,Dhaka,2,30.3,18,0,42
3/8/2025,Dhaka,4,31.7,18.5,0,45
3/9/2025,Dhaka,8,33.6,20.7,0,51
3/10/2025,Dhaka,9,34.3,21,0,40
3/11/2025,Dhaka,11,34.8,22.5,0,43
3/12/2025,Dhaka,4,34.3,22.7,0,44
3/13/2025,Dhaka,10,36.5,22.6,0,58
3/14/2025,Dhaka,4,36.2,23.6,0.2,63
3/15/2025,Dhaka,5,36.6,24.6,0,65
3/16/2025,Dhaka,8,37.6,24,12.6,65
3/17/2025,Dhaka,7,36.1,23.9,1.2,61
3/18/2025,Dhaka,5,36.1,23.9,0,51
3/19/2025,Dhaka,4,36,23.7,0,42
3/20/2025,Dhaka,3,32.1,24.5,1.4,67
3/21/2025,Dhaka,1,30.2,23.9,1.6,59
3/22/2025,Dhaka,8,26.9,21.6,1.6,69
3/23/2025,Dhaka,4,33.4,19.4,0,53
3/24/2025,Dhaka,5,33.8,20.7,0,44
3/25/2025,Dhaka,1,34.2,22.3,0,43
3/26/2025,Dhaka,2,36.1,21.9,0,43
3/27/2025,Dhaka,6,36.9,23.8,0,46
3/28/2025,Dhaka,1,38.5,24,0,52
3/29/2025,Dhaka,1,38.9,24.8,0,51
3/30/2025,Dhaka,2,36.8,24.3,0.1,64
3/31/2025,Dhaka,0,37,25,0,60
4/1/2025,Dhaka,4,36.7,24.9,0,61
4/2/2025,Dhaka,1,37,24.5,0,59
4/3/2025,Dhaka,2,38,26.1,0,52
4/4/2025,Dhaka,1,37.6,26.4,0.3,50
4/5/2025,Dhaka,4,36.5,25.8,1.2,52
4/6/2025,Dhaka,7,36.4,24.2,0.7,59
4/7/2025,Dhaka,5,37.4,24.7,0,52
4/8/2025,Dhaka,6,36,25.4,0.7,59
4/9/2025,Dhaka,6,33.4,25.4,0.1,62
4/10/2025,Dhaka,6,35.3,23.3,11.8,63
4/11/2025,Dhaka,3,33.3,23.3,1.1,65
4/12/2025,Dhaka,10,35.4,23.4,0.1,65
4/13/2025,Dhaka,5,36.7,24.9,0,53
4/14/2025,Dhaka,2,37.2,25.8,0,47
4/15/2025,Dhaka,13,35.9,26.5,0.4,53
4/16/2025,Dhaka,4,34.9,25.2,1.9,64
4/17/2025,Dhaka,3,32.7,22.9,1.8,73
4/18/2025,Dhaka,4,30.3,22.2,4.6,85
4/19/2025,Dhaka,12,30.6,22.1,8.6,82
4/20/2025,Dhaka,7,30.3,23.9,2.6,84
4/21/2025,Dhaka,9,31.8,23.2,36.6,86
4/22/2025,Dhaka,9,34.5,25.5,5.5,80
4/23/2025,Dhaka,12,34.9,26.6,0.2,80
4/24/2025,Dhaka,10,34.8,26.2,0.3,79
4/25/2025,Dhaka,8,35.2,26.9,0.3,78
4/26/2025,Dhaka,13,34.6,26.4,0.1,75
4/27/2025,Dhaka,5,33.8,26.8,0.5,73
4/28/2025,Dhaka,13,28.5,22.9,23.5,86
4/29/2025,Dhaka,5,30.2,22.2,9.7,82
4/30/2025,Dhaka,5,30.7,22.4,1.3,79
5/1/2025,Dhaka,11,30.7,23,3.1,78
5/2/2025,Dhaka,3,31.6,21.7,0.2,77
5/3/2025,Dhaka,11,33.1,22.8,0.1,70
5/4/2025,Dhaka,12,34.1,24.2,0.5,69
5/5/2025,Dhaka,10,35.6,24.6,0,64
5/6/2025,Dhaka,11,35.3,25.8,2.7,68
5/7/2025,Dhaka,13,35.6,25.6,0,61
5/8/2025,Dhaka,12,38.1,26.8,0.1,59
5/9/2025,Dhaka,16,39.6,27.8,0,52
5/10/2025,Dhaka,17,38.8,29,0,51
5/11/2025,Dhaka,8,38.3,28.7,0.9,54
5/12/2025,Dhaka,22,35.7,26.5,10.2,69
5/13/2025,Dhaka,13,34,26.9,2.6,79
5/14/2025,Dhaka,20,34.6,27.1,14.7,79
5/15/2025,Dhaka,20,34.6,27,1.4,75
5/16/2025,Dhaka,13,32.9,27,2.2,78
5/17/2025,Dhaka,18,35.2,26.7,3.9,73
5/18/2025,Dhaka,29,31.2,25.3,6,85
5/19/2025,Dhaka,12,29.7,25.4,4.9,87
5/20/2025,Dhaka,40,31.8,25.3,15.1,87
5/21/2025,Dhaka,15,31.3,25.6,3.6,86
5/22/2025,Dhaka,22,30.4,24.8,2.2,86
5/23/2025,Dhaka,7,32,25.2,0.9,83
5/24/2025,Dhaka,17,31.7,25,6.4,84
5/25/2025,Dhaka,29,32.2,24.9,13.3,85
5/26/2025,Dhaka,16,32,25.5,15.9,86
5/27/2025,Dhaka,23,33.2,25.3,6.7,81
5/28/2025,Dhaka,31,31,26.5,13.4,83
5/29/2025,Dhaka,20,26.9,25.4,88.9,93
5/30/2025,Dhaka,8,29.5,25.2,20.8,90
5/31/2025,Dhaka,14,31,25.3,32.8,92
6/1/2025,Dhaka,26,31.3,25.9,16.2,90
6/2/2025,Dhaka,17,31.4,25.7,14.9,89
6/3/2025,Dhaka,32,31.9,25,2.1,88
6/4/2025,Dhaka,13,30.7,25.9,4.9,86
6/5/2025,Dhaka,6,31.2,24.9,5.1,88
6/6/2025,Dhaka,18,31.8,25.5,1.2,84
6/7/2025,Dhaka,21,32.9,25.7,1.2,83
6/8/2025,Dhaka,10,33.2,26.3,0.9,80
6/9/2025,Dhaka,18,33.5,26.4,0.2,78
6/10/2025,Dhaka,18,34.1,26.2,15.7,80
6/11/2025,Dhaka,13,34.2,25.9,0.9,79
6/12/2025,Dhaka,14,35.1,26.6,1.4,73
6/13/2025,Dhaka,22,35.9,27.2,0.3,68
6/14/2025,Dhaka,40,33.6,27.9,5.6,76
6/15/2025,Dhaka,52,31.8,26.4,10.3,83
6/16/2025,Dhaka,75,31.2,26,5.9,85
6/17/2025,Dhaka,62,29.8,25.3,12.8,87
6/18/2025,Dhaka,73,29,25.4,9.7,90
6/19/2025,Dhaka,72,32.4,26,0.7,80
6/20/2025,Dhaka,45,29.3,25.4,30.4,91
6/21/2025,Dhaka,77,31.5,24.9,23.7,88
6/22/2025,Dhaka,102,32.1,26,4.7,84
6/23/2025,Dhaka,118,31.1,26.3,1.6,84
6/24/2025,Dhaka,127,31.4,26.4,15.5,84
6/25/2025,Dhaka,114,31.2,26,7.4,85
6/26/2025,Dhaka,90,31.3,25.6,12.9,84
6/27/2025,Dhaka,33,31.3,25.4,7.9,83
6/28/2025,Dhaka,66,31.7,25.7,3.4,84
6/29/2025,Dhaka,108,32.1,25.8,3,82
6/30/2025,Dhaka,148,32.2,26.3,2.5,82
7/1/2025,Dhaka,141,31,25.9,4.9,85
7/2/2025,Dhaka,149,31.4,25.8,2.4,84
7/3/2025,Dhaka,123,31.1,26,11.3,84
7/4/2025,Dhaka,79,30.6,25.1,14.8,88
7/5/2025,Dhaka,102,30.4,25,15.6,89
7/6/2025,Dhaka,100,30.7,25.5,3.5,87
7/7/2025,Dhaka,158,29.3,25.1,10.4,90
7/8/2025,Dhaka,129,27.5,24.5,30.1,94
7/9/2025,Dhaka,153,27.6,24.7,44.9,95
7/10/2025,Dhaka,117,29.7,24.3,17.8,89
7/11/2025,Dhaka,44,31.6,25.1,1.6,84
7/12/2025,Dhaka,122,33.3,25.9,1.2,84
7/13/2025,Dhaka,142,33,26.6,6.1,88
7/14/2025,Dhaka,119,29.8,25.6,11.3,89
7/15/2025,Dhaka,134,30.7,24.7,25.4,88
7/16/2025,Dhaka,83,32.4,26.1,2.3,86
7/17/2025,Dhaka,137,31.9,26.1,4.9,87
7/18/2025,Dhaka,60,32.1,26.1,10.7,87
7/19/2025,Dhaka,123,32.6,26.3,0.6,83
7/20/2025,Dhaka,98,31.8,26.7,1.5,83
7/21/2025,Dhaka,155,33.2,26.7,1.3,84
7/22/2025,Dhaka,189,33.2,27,3,82
7/23/2025,Dhaka,149,35,26.4,3.8,78
7/24/2025,Dhaka,98,33.3,26.2,10.2,84
7/25/2025,Dhaka,59,31.6,26.5,5.7,82
7/26/2025,Dhaka,148,30.9,25.8,8.1,86
7/27/2025,Dhaka,153,31.8,26.1,14.4,89
7/28/2025,Dhaka,130,31.2,25.1,18.8,90
7/29/2025,Dhaka,158,30.6,25.1,22.5,88
7/30/2025,Dhaka,140,30.5,25.9,6.3,87
7/31/2025,Dhaka,109,30.3,24.9,9.3,88
8/1/2025,Dhaka,52,31.6,25.1,11.7,87
8/2/2025,Dhaka,85,31.3,24.7,27.3,88
8/3/2025,Dhaka,178,32.4,26.1,7.6,85
8/4/2025,Dhaka,156,29.6,25.7,11.7,91
8/5/2025,Dhaka,147,32,24.9,22.1,90
8/6/2025,Dhaka,187,31.7,24.5,5.4,85
8/7/2025,Dhaka,155,31.3,25.4,3.2,86
8/8/2025,Dhaka,90,28.2,25.3,10.1,88
8/9/2025,Dhaka,144,30.5,25.1,5.1,85
8/10/2025,Dhaka,164,32.6,26.1,1.3,80
8/11/2025,Dhaka,210,33.5,26.3,0,77
8/12/2025,Dhaka,155,33.7,26.5,2,79
8/13/2025,Dhaka,138,30.8,26.2,16.1,89
8/14/2025,Dhaka,121,30.6,25.1,5.3,87
8/15/2025,Dhaka,58,32.2,25.5,7.2,86
8/16/2025,Dhaka,110,32.8,26.1,0.3,81
8/17/2025,Dhaka,191,31.8,26,9.9,85
8/18/2025,Dhaka,173,32.5,26.4,0.4,78
8/19/2025,Dhaka,187,31.6,25.8,8.3,82
8/20/2025,Dhaka,178,29.6,25.4,7.6,85
8/21/2025,Dhaka,154,29.8,24.8,6.4,86
8/22/2025,Dhaka,66,30.1,24.4,6.8,88
8/23/2025,Dhaka,131,30,25,7.2,87
8/24/2025,Dhaka,174,31.1,24.6,3.1,85
8/25/2025,Dhaka,173,32.7,25.1,1,80
8/26/2025,Dhaka,238,33.4,25.8,1.4,79
8/27/2025,Dhaka,168,33.4,26.2,1.9,76
8/28/2025,Dhaka,210,31.7,25.2,4.5,80
8/29/2025,Dhaka,87,31.7,25.8,22.9,85
8/30/2025,Dhaka,204,31.8,25.6,7.2,86
8/31/2025,Dhaka,267,33.5,25.9,1.1,81
9/1/2025,Dhaka,261,37.4,26.5,0,70
9/2/2025,Dhaka,212,34,26.8,2.2,70
9/3/2025,Dhaka,215,35,27.3,2.3,69
9/4/2025,Dhaka,182,32.1,25.5,8.4,81
9/5/2025,Dhaka,73,34.5,26,0.9,75
9/6/2025,Dhaka,181,36.7,26.8,0.2,65
9/7/2025,Dhaka,250,33.9,27.6,2.2,73
9/8/2025,Dhaka,296,35.8,27.3,10.7,73
9/9/2025,Dhaka,228,35.6,27.9,0.6,69
9/10/2025,Dhaka,331,34.9,25.9,8.8,72
9/11/2025,Dhaka,351,32.9,26.7,3.4,82
9/12/2025,Dhaka,118,31.2,25.4,9.8,87
9/13/2025,Dhaka,139,32.1,25.6,3.9,87
9/14/2025,Dhaka,366,28.1,25.4,13.7,92
9/15/2025,Dhaka,333,29.4,24.2,4.8,90
9/16/2025,Dhaka,349,30.1,25,6.7,90
9/17/2025,Dhaka,306,31.3,25.2,10.2,87
9/18/2025,Dhaka,343,31.3,25.9,9.2,87
9/19/2025,Dhaka,139,31.5,25.4,7.8,86
9/20/2025,Dhaka,195,32.2,25.7,4.2,87
9/21/2025,Dhaka,384,33.6,25.8,6.2,84
9/22/2025,Dhaka,313,30.1,25.6,18.6,88
9/23/2025,Dhaka,325,31.6,25.5,1.6,83
9/24/2025,Dhaka,293,33,25.6,13.9,85
9/25/2025,Dhaka,276,33.5,24.6,3.4,82
9/26/2025,Dhaka,84,33.6,26.5,5,81
9/27/2025,Dhaka,286,32.6,26.4,4.5,83
9/28/2025,Dhaka,373,33.8,26.2,0.8,79
9/29/2025,Dhaka,372,35.1,26.8,1.1,71
9/30/2025,Dhaka,293,34.8,27.5,9.9,77
10/1/2025,Dhaka,247,30.5,24.9,23.2,89
10/2/2025,Dhaka,198,28.5,24.4,37.3,91
10/3/2025,Dhaka,125,30.8,25.2,19.4,90
10/4/2025,Dhaka,161,31.8,25.2,4.4,86
10/5/2025,Dhaka,520,31.3,24.9,21.3,89
10/6/2025,Dhaka,353,31,25,13.9,90
10/7/2025,Dhaka,397,30.6,24.6,19.5,91
10/8/2025,Dhaka,414,31,24,4.3,86
10/9/2025,Dhaka,379,30.5,25,4.8,88
10/10/2025,Dhaka,87,31.2,25.1,17.1,88
10/11/2025,Dhaka,173,30.1,24.5,10.3,90
10/12/2025,Dhaka,466,30.7,24.1,0.3,82
10/13/2025,Dhaka,419,31.3,23.8,0,78
10/14/2025,Dhaka,515,31.7,23.7,0,77
10/15/2025,Dhaka,358,32,24.2,0,78
10/16/2025,Dhaka,436,32.2,24.5,0,76
10/17/2025,Dhaka,333,32.5,24.7,1.4,79
10/18/2025,Dhaka,237,33.7,24.7,1.6,74
10/19/2025,Dhaka,416,33.9,25.2,0,70
10/20/2025,Dhaka,513,34.4,24.9,0,69
10/21/2025,Dhaka,402,34,24,0,68
10/22/2025,Dhaka,430,34,24.5,0,69
10/23/2025,Dhaka,432,34,24.8,0,69
10/24/2025,Dhaka,262,33.4,25.4,0,65
10/25/2025,Dhaka,351,34,24.5,0,64
10/26/2025,Dhaka,600,33.7,25.3,0,64
10/27/2025,Dhaka,531,34.6,25.5,0,59
10/28/2025,Dhaka,578,34.3,25.6,1,67
10/29/2025,Dhaka,574,33.3,25.7,3.7,73
10/30/2025,Dhaka,539,32.2,24.6,1.4,81
10/31/2025,Dhaka,337,33.2,25.2,0.3,76
1/1/2022,Khulna,0,24.1,13.9,0,74
1/2/2022,Khulna,0,24.2,13.7,0,79
1/3/2022,Khulna,0,23.9,13.2,0,80
1/4/2022,Khulna,0,24.2,12.2,0,79
1/5/2022,Khulna,0,24.3,12.1,0,79
1/6/2022,Khulna,0,25.1,11.6,0,77
1/7/2022,Khulna,0,26.3,13.7,0,77
1/8/2022,Khulna,0,27.1,14.9,0,76
1/9/2022,Khulna,0,27.3,14.3,0,74
1/10/2022,Khulna,0,27.6,14.3,0,76
1/11/2022,Khulna,0,27.9,16.1,0,73
1/12/2022,Khulna,0,22.5,16.7,5.3,85
1/13/2022,Khulna,0,26,15.8,0,81
1/14/2022,Khulna,0,23,16.7,0.4,77
1/15/2022,Khulna,0,22.9,15.3,0,77
1/16/2022,Khulna,0,23.6,13.9,0,65
1/17/2022,Khulna,0,23.7,11.7,0,72
1/18/2022,Khulna,0,23.8,12.3,0,78
1/19/2022,Khulna,0,23.8,13.4,0,76
1/20/2022,Khulna,0,23.7,12.6,0,76
1/21/2022,Khulna,0,25.2,11.9,0,76
1/22/2022,Khulna,0,23.7,14.2,11,88
1/23/2022,Khulna,1,25.1,14.1,1,82
1/24/2022,Khulna,0,20.3,15.3,1.2,88
1/25/2022,Khulna,0,24.8,13.6,0.2,82
1/26/2022,Khulna,0,24.8,15.3,0.8,82
1/27/2022,Khulna,0,23.9,14.1,1,75
1/28/2022,Khulna,0,22.1,11.5,0,65
1/29/2022,Khulna,0,21.6,9.8,0,69
1/30/2022,Khulna,0,23,10.1,0,72
1/31/2022,Khulna,0,24.7,10.8,0,73
2/1/2022,Khulna,0,26.8,14.1,0,75
2/2/2022,Khulna,0,26.7,13.4,0,79
2/3/2022,Khulna,0,24.3,15.4,11.6,89
2/4/2022,Khulna,0,26.9,16.9,16.3,85
2/5/2022,Khulna,0,23.5,14,0.4,75
2/6/2022,Khulna,0,22.7,10.7,0,70
2/7/2022,Khulna,0,23.7,11.1,0,76
2/8/2022,Khulna,0,25.5,12.8,0,74
2/9/2022,Khulna,0,25.8,13.3,0,77
2/10/2022,Khulna,0,24.6,14.7,0,82
2/11/2022,Khulna,0,24.9,14.3,0,82
2/12/2022,Khulna,0,24.3,12.6,0,66
2/13/2022,Khulna,0,25.2,11.9,0,65
2/14/2022,Khulna,0,26.1,12.5,0,66
2/15/2022,Khulna,1,26.5,11.9,0,64
2/16/2022,Khulna,0,26.8,11.8,0,63
2/17/2022,Khulna,0,27.3,12.4,0,67
2/18/2022,Khulna,0,28.1,13.7,0,61
2/19/2022,Khulna,0,28.3,12.6,0,56
2/20/2022,Khulna,0,27.2,15.1,16.9,80
2/21/2022,Khulna,0,27.5,16.1,0,74
2/22/2022,Khulna,0,27.6,14.7,0.3,76
2/23/2022,Khulna,0,28.4,18.9,2.1,77
2/24/2022,Khulna,0,29.3,17.5,0,76
2/25/2022,Khulna,0,30.5,17.3,0,73
2/26/2022,Khulna,0,30.4,17.8,0,74
2/27/2022,Khulna,0,31.1,16.9,8.4,77
2/28/2022,Khulna,0,30.5,18.9,0,74
3/1/2022,Khulna,0,30.5,18.2,0,66
3/2/2022,Khulna,0,30.5,17.8,0,61
3/3/2022,Khulna,0,30.9,16.1,0,67
3/4/2022,Khulna,0,31.6,17.3,0,61
3/5/2022,Khulna,0,32.8,18.1,0,63
3/6/2022,Khulna,0,31.9,18.3,0,57
3/7/2022,Khulna,0,32.3,17.3,0,55
3/8/2022,Khulna,0,32.9,18.1,0,58
3/9/2022,Khulna,0,33.2,18.2,0,59
3/10/2022,Khulna,0,32.9,17.1,0,59
3/11/2022,Khulna,0,32.7,17.7,0,59
3/12/2022,Khulna,0,33,18.2,0,58
3/13/2022,Khulna,0,33.1,18.1,0,58
3/14/2022,Khulna,0,33.9,18.6,0,58
3/15/2022,Khulna,0,34.7,18.8,0,55
3/16/2022,Khulna,1,35.1,20.5,0,64
3/17/2022,Khulna,0,35.7,21.2,0,62
3/18/2022,Khulna,0,35.6,20.2,0,59
3/19/2022,Khulna,0,35.7,21.3,0,58
3/20/2022,Khulna,0,35.1,21.6,0,64
3/21/2022,Khulna,0,34.9,22.3,0,73
3/22/2022,Khulna,0,35.4,23.7,0,72
3/23/2022,Khulna,2,36.5,22.8,0,69
3/24/2022,Khulna,0,34.7,24.6,2.7,76
3/25/2022,Khulna,0,34.5,24.9,3.1,78
3/26/2022,Khulna,0,32.7,25.6,6.7,79
3/27/2022,Khulna,0,34.4,24.6,2.3,79
3/28/2022,Khulna,0,35.4,24.2,0.3,73
3/29/2022,Khulna,0,34.5,25.5,3.4,77
3/30/2022,Khulna,0,33.8,25.3,0.4,76
3/31/2022,Khulna,0,33.8,25,0.4,77
4/1/2022,Khulna,0,34,25.9,0.1,75
4/2/2022,Khulna,0,33.9,25.8,0.1,74
4/3/2022,Khulna,0,33.1,24.7,2,78
4/4/2022,Khulna,0,34.1,26.2,0.3,73
4/5/2022,Khulna,0,34.2,25.2,0.1,70
4/6/2022,Khulna,0,34.7,24.8,0.1,72
4/7/2022,Khulna,0,34.6,24.3,0,74
4/8/2022,Khulna,0,34.7,24.1,0.1,74
4/9/2022,Khulna,0,35.2,25.6,0,74
4/10/2022,Khulna,0,35,25.4,0.2,74
4/11/2022,Khulna,0,35.5,26.3,0.2,73
4/12/2022,Khulna,0,35.3,26.2,0,74
4/13/2022,Khulna,0,35,25.7,0.3,75
4/14/2022,Khulna,0,35.1,26.8,6.8,73
4/15/2022,Khulna,0,36.5,27,0,75
4/16/2022,Khulna,0,35.4,26.2,3.3,78
4/17/2022,Khulna,0,34.9,26.2,3.7,76
4/18/2022,Khulna,0,35.2,26.3,0.4,77
4/19/2022,Khulna,0,34.8,25.8,0.3,76
4/20/2022,Khulna,0,34.9,23.5,19.9,79
4/21/2022,Khulna,0,32.7,23.4,2,81
4/22/2022,Khulna,0,30.9,26.1,11.1,83
4/23/2022,Khulna,0,35.7,26.1,1.5,78
4/24/2022,Khulna,0,36.4,26.4,0,78
4/25/2022,Khulna,1,36.9,26.6,0,77
4/26/2022,Khulna,0,36.1,26.7,0,77
4/27/2022,Khulna,0,35.9,26.5,3.8,75
4/28/2022,Khulna,0,36.7,25.8,0,76
4/29/2022,Khulna,0,36.4,26.3,0.9,76
4/30/2022,Khulna,0,36.4,25.2,0.6,72
5/1/2022,Khulna,0,35.3,24.1,7.5,75
5/2/2022,Khulna,0,34.5,24.8,7.6,78
5/3/2022,Khulna,0,29.2,23.4,31.5,88
5/4/2022,Khulna,0,30.3,22.4,21.3,85
5/5/2022,Khulna,0,30.9,22.8,9.5,86
5/6/2022,Khulna,0,32.3,24,2.2,83
5/7/2022,Khulna,0,32.5,24.3,0.3,81
5/8/2022,Khulna,0,33.2,24.7,0,75
5/9/2022,Khulna,0,29.9,24.2,23.3,90
5/10/2022,Khulna,0,30.3,24.5,3.8,87
5/11/2022,Khulna,0,30.4,25.2,17.3,88
5/12/2022,Khulna,0,31.6,25.7,3.6,82
5/13/2022,Khulna,0,31.7,27.5,6.5,78
5/14/2022,Khulna,0,33.4,28.1,0.1,76
5/15/2022,Khulna,0,33.6,27.9,0.2,77
5/16/2022,Khulna,0,34.1,27.8,0.2,76
5/17/2022,Khulna,0,34.2,27.9,0.2,75
5/18/2022,Khulna,0,34.7,27.8,4.7,78
5/19/2022,Khulna,0,34.5,27.9,9.1,79
5/20/2022,Khulna,0,32.4,26.9,7.6,81
5/21/2022,Khulna,0,35.4,27.2,7,78
5/22/2022,Khulna,0,33.2,27,3.1,79
5/23/2022,Khulna,0,33.9,25.6,1.3,78
5/24/2022,Khulna,0,34.3,24.7,6.5,78
5/25/2022,Khulna,0,34.7,24.4,6.1,76
5/26/2022,Khulna,0,34.9,24.1,15,82
5/27/2022,Khulna,1,33.9,24.7,7.6,87
5/28/2022,Khulna,0,35.1,25.1,2.2,82
5/29/2022,Khulna,0,32.4,26.3,12.3,86
5/30/2022,Khulna,0,33.2,24.9,14.2,84
5/31/2022,Khulna,0,33.2,25.4,4.2,84
6/1/2022,Khulna,0,32.3,24.8,20,83
6/2/2022,Khulna,1,31.5,26.4,1.3,87
6/3/2022,Khulna,1,32.9,26,6,84
6/4/2022,Khulna,0,34.6,27.5,2.9,81
6/5/2022,Khulna,0,34,27.2,0.9,81
6/6/2022,Khulna,0,34.1,27.5,1.3,79
6/7/2022,Khulna,0,34.9,27.7,2.7,79
6/8/2022,Khulna,0,34.5,27.5,0,76
6/9/2022,Khulna,1,34.4,27.8,10.1,80
6/10/2022,Khulna,0,32.5,27.5,0.7,80
6/11/2022,Khulna,1,33.2,27.6,4.7,79
6/12/2022,Khulna,0,34.8,28.1,0,77
6/13/2022,Khulna,0,36,28.2,0,76
6/14/2022,Khulna,0,34.2,28.5,0.1,77
6/15/2022,Khulna,0,31.9,28.1,8.7,83
6/16/2022,Khulna,0,31.6,26.7,13.9,83
6/17/2022,Khulna,0,30.7,26.4,27.8,81
6/18/2022,Khulna,0,29.4,25.8,25.4,88
6/19/2022,Khulna,0,30.4,26.1,22.2,88
6/20/2022,Khulna,0,29,24.6,37.5,89
6/21/2022,Khulna,0,32.1,24.4,14.3,88
6/22/2022,Khulna,0,31,24.3,28.3,86
6/23/2022,Khulna,1,31,25.2,3,84
6/24/2022,Khulna,0,31.3,25.5,8.2,84
6/25/2022,Khulna,0,30.8,25.4,5.8,84
6/26/2022,Khulna,1,31.9,25.6,3.5,83
6/27/2022,Khulna,0,32,26,1.4,81
6/28/2022,Khulna,1,32.3,26.8,5.6,82
6/29/2022,Khulna,1,31,26.4,6.1,84
6/30/2022,Khulna,0,31.3,25.5,6.1,86
7/1/2022,Khulna,0,30.8,25.5,12.7,88
7/2/2022,Khulna,0,31.6,25.1,1.5,85
7/3/2022,Khulna,0,30,25.1,13.4,86
7/4/2022,Khulna,2,31.8,25.5,5.9,83
7/5/2022,Khulna,0,31.7,25.8,4.9,83
7/6/2022,Khulna,0,31.9,26.6,3.8,82
7/7/2022,Khulna,0,32.4,25.7,3.8,81
7/8/2022,Khulna,0,32,26.3,1,81
7/9/2022,Khulna,0,32.3,25.4,1.5,80
7/10/2022,Khulna,0,32.7,26.1,3.6,81
7/11/2022,Khulna,0,31.9,26.2,3.4,80
7/12/2022,Khulna,0,32.3,26.6,3.4,79
7/13/2022,Khulna,1,32.3,26.5,1.7,78
7/14/2022,Khulna,1,32,26,4.1,78
7/15/2022,Khulna,0,33,26.6,2.2,79
7/16/2022,Khulna,0,32.2,26.8,2.5,78
7/17/2022,Khulna,1,32.1,26.8,2,79
7/18/2022,Khulna,1,32.5,26.7,2.4,78
7/19/2022,Khulna,0,32.5,26.2,3.8,81
7/20/2022,Khulna,0,32.1,26.9,15.2,83
7/21/2022,Khulna,2,32.5,26.5,3.3,83
7/22/2022,Khulna,0,32.8,25.8,4.8,82
7/23/2022,Khulna,0,30.2,26.1,16.7,88
7/24/2022,Khulna,1,31.1,25.8,14.3,87
7/25/2022,Khulna,1,30.8,25,15.1,89
7/26/2022,Khulna,0,31.2,25.2,10.1,89
7/27/2022,Khulna,0,32.8,25.5,2.9,85
7/28/2022,Khulna,2,32.4,26.1,3.2,85
7/29/2022,Khulna,0,32.8,26.3,3.1,83
7/30/2022,Khulna,0,33.9,27.4,1.3,80
7/31/2022,Khulna,0,33.3,27.5,7.7,81
8/1/2022,Khulna,1,32.8,26.4,7.9,84
8/2/2022,Khulna,0,31.9,26.2,5.9,86
8/3/2022,Khulna,0,31.5,25.9,6.3,88
8/4/2022,Khulna,0,32.3,25.9,5.3,85
8/5/2022,Khulna,0,33.3,25.8,1.6,83
8/6/2022,Khulna,0,31.8,26.1,22.8,84
8/7/2022,Khulna,0,32.9,25.9,2.8,81
8/8/2022,Khulna,2,31.5,26,6.7,83
8/9/2022,Khulna,0,29.2,25.6,5.6,85
8/10/2022,Khulna,1,29.3,25.2,6.1,88
8/11/2022,Khulna,4,27.9,24.7,28.4,93
8/12/2022,Khulna,1,31.9,24.5,7.8,85
8/13/2022,Khulna,1,31.7,25.1,4.1,84
8/14/2022,Khulna,3,28.6,25.5,14.5,90
8/15/2022,Khulna,2,31.6,25.3,2.5,84
8/16/2022,Khulna,1,32.6,25.5,1.1,83
8/17/2022,Khulna,1,33,26.4,3.9,83
8/18/2022,Khulna,0,33.9,26.9,8.9,84
8/19/2022,Khulna,2,27.6,25.8,17.6,91
8/20/2022,Khulna,0,31.8,25,8.9,84
8/21/2022,Khulna,0,31.2,25.4,5.9,85
8/22/2022,Khulna,3,33,25.5,7.3,86
8/23/2022,Khulna,1,29.6,25.3,30.3,90
8/24/2022,Khulna,6,30.7,25.6,3.8,84
8/25/2022,Khulna,1,32.7,24.9,0.5,81
8/26/2022,Khulna,1,33.5,25.1,0,80
8/27/2022,Khulna,2,31.4,27.1,1.9,84
8/28/2022,Khulna,1,32.1,26.5,6.7,84
8/29/2022,Khulna,0,32.4,25.7,0.6,83
8/30/2022,Khulna,2,33.4,26,0.7,80
8/31/2022,Khulna,7,33.7,27,0,79
9/1/2022,Khulna,7,32.5,27.3,4.2,83
9/2/2022,Khulna,6,32.7,27.3,1,81
9/3/2022,Khulna,7,32.4,27.1,5.5,84
9/4/2022,Khulna,14,32.5,26.7,8.6,85
9/5/2022,Khulna,8,30.4,26.1,3.9,87
9/6/2022,Khulna,13,31.9,26,17.4,88
9/7/2022,Khulna,20,33.2,25.9,8,85
9/8/2022,Khulna,7,33.8,26.4,0.5,82
9/9/2022,Khulna,1,33.5,26.3,5.6,82
9/10/2022,Khulna,4,30.6,25.9,7.4,86
9/11/2022,Khulna,15,28.1,24.5,29,93
9/12/2022,Khulna,13,27.2,24,54.5,95
9/13/2022,Khulna,16,28.4,24,41.6,94
9/14/2022,Khulna,17,26.3,24.1,61.6,96
9/15/2022,Khulna,17,30.5,23.5,19.4,89
9/16/2022,Khulna,6,30.9,24.7,19.4,91
9/17/2022,Khulna,14,31.5,25.3,9,89
9/18/2022,Khulna,34,32.2,25.7,2,89
9/19/2022,Khulna,20,30.1,25.4,9.6,87
9/20/2022,Khulna,32,30.1,25.6,5.8,84
9/21/2022,Khulna,24,30.6,25.7,4.3,83
9/22/2022,Khulna,20,31.3,25.3,4.9,86
9/23/2022,Khulna,7,31.5,25,6.4,85
9/24/2022,Khulna,13,31.2,25.6,4.4,86
9/25/2022,Khulna,30,31.4,25,4.3,86
9/26/2022,Khulna,50,31.3,25.5,16.1,90
9/27/2022,Khulna,40,31.3,25,9.9,90
9/28/2022,Khulna,24,31.2,24.6,10.6,90
9/29/2022,Khulna,44,32.8,25.5,0.3,86
9/30/2022,Khulna,18,33.6,25.6,0.1,80
10/1/2022,Khulna,26,32.4,26.3,6.6,87
10/2/2022,Khulna,31,31,25.2,22.5,91
10/3/2022,Khulna,39,28.1,24.8,12.5,93
10/4/2022,Khulna,29,31,24.2,10.7,89
10/5/2022,Khulna,15,31.4,24.8,7.7,89
10/6/2022,Khulna,43,31,24.6,8,89
10/7/2022,Khulna,13,32.1,23.6,0.5,82
10/8/2022,Khulna,28,32.3,24.3,0,85
10/9/2022,Khulna,34,32,25.5,1.3,85
10/10/2022,Khulna,34,30.9,25.6,2.3,86
10/11/2022,Khulna,48,30.7,25.9,6,87
10/12/2022,Khulna,40,30.6,24.4,10.6,89
10/13/2022,Khulna,48,29.9,24.7,6.6,89
10/14/2022,Khulna,14,30.8,24.1,9.5,90
10/15/2022,Khulna,32,31.1,24.3,0.8,84
10/16/2022,Khulna,62,31.7,23.7,0,77
10/17/2022,Khulna,65,31.4,23.2,0,77
10/18/2022,Khulna,43,31.5,23.2,0,79
10/19/2022,Khulna,40,30.4,23.6,9.2,87
10/20/2022,Khulna,67,31.8,22.8,0,73
10/21/2022,Khulna,33,32.1,22.9,0,74
10/22/2022,Khulna,61,32.9,22.9,0,76
10/23/2022,Khulna,65,29,24.1,11.3,85
10/24/2022,Khulna,37,24.3,21.5,121.8,92
10/25/2022,Khulna,42,28.3,20.5,0.1,82
10/26/2022,Khulna,65,30.7,19.7,0,80
10/27/2022,Khulna,51,29.6,20.6,0,80
10/28/2022,Khulna,15,29.5,19.9,0,77
10/29/2022,Khulna,41,29.3,18.9,0,76
10/30/2022,Khulna,67,29.6,19,0,77
10/31/2022,Khulna,48,30.6,21.1,0,77
11/1/2022,Khulna,57,31.1,21.9,0,77
11/2/2022,Khulna,56,30.6,22.2,0,74
11/3/2022,Khulna,59,29.4,20.8,0,75
11/4/2022,Khulna,32,29.4,19,0,77
11/5/2022,Khulna,85,29.5,19.3,0,76
11/6/2022,Khulna,45,29.5,18.6,0,76
11/7/2022,Khulna,63,29.1,20.7,0,74
11/8/2022,Khulna,74,29,20.2,0,73
11/9/2022,Khulna,51,29,18,0.2,78
11/10/2022,Khulna,59,29.4,20.3,0,73
11/11/2022,Khulna,20,28.9,18.8,0,75
11/12/2022,Khulna,54,28.9,18.6,0,78
11/13/2022,Khulna,48,28.3,18.4,0,71
11/14/2022,Khulna,53,27.9,16.9,0,69
11/15/2022,Khulna,45,28,16.7,0,76
11/16/2022,Khulna,25,28.4,16.9,0,76
11/17/2022,Khulna,52,28.3,16.6,0,75
11/18/2022,Khulna,17,28.4,17.3,0,70
11/19/2022,Khulna,44,27.5,17.2,0,75
11/20/2022,Khulna,39,29.1,18.7,0,70
11/21/2022,Khulna,31,28.7,19.3,0,66
11/22/2022,Khulna,40,27.7,16.4,0,70
11/23/2022,Khulna,19,27.6,15.7,0,73
11/24/2022,Khulna,21,27.5,15.5,0,71
11/25/2022,Khulna,4,28,16.1,0,75
11/26/2022,Khulna,12,27.9,16.4,0,75
11/27/2022,Khulna,31,27.8,15.2,0,73
11/28/2022,Khulna,25,28.6,15.9,0,69
11/29/2022,Khulna,25,28.3,19.5,0,65
11/30/2022,Khulna,14,29.7,20.5,0,65
12/1/2022,Khulna,14,28.8,18.7,0,66
12/2/2022,Khulna,3,28.3,17,0,67
12/3/2022,Khulna,21,27.5,15.5,0,67
12/4/2022,Khulna,19,27.3,14.6,0,71
12/5/2022,Khulna,13,27.3,15.6,0,74
12/6/2022,Khulna,11,27.6,15.7,0,72
12/7/2022,Khulna,12,26.6,15.8,0,72
12/8/2022,Khulna,11,27,15.5,0,72
12/9/2022,Khulna,9,27.1,15.1,0,76
12/10/2022,Khulna,3,27.1,14.7,0,75
12/11/2022,Khulna,12,27.9,16.2,0,71
12/12/2022,Khulna,13,27.8,15.2,0,70
12/13/2022,Khulna,9,28,15.7,0,73
12/14/2022,Khulna,4,28,16,0,76
12/15/2022,Khulna,6,26.5,14.5,0,72
12/16/2022,Khulna,4,25.4,13.2,0,68
12/17/2022,Khulna,7,25.5,12.4,0,74
12/18/2022,Khulna,14,26,14.1,0,77
12/19/2022,Khulna,6,26.2,14.5,0,78
12/20/2022,Khulna,4,26.7,14.1,0,75
12/21/2022,Khulna,8,26.4,14.8,0,77
12/22/2022,Khulna,9,26.4,14.2,0,75
12/23/2022,Khulna,3,26.7,13.8,0,74
12/24/2022,Khulna,0,26.7,13.3,0,73
12/25/2022,Khulna,0,28.3,14.1,0,75
12/26/2022,Khulna,8,28.1,16.8,0,82
12/27/2022,Khulna,0,27.1,18.6,2,86
12/28/2022,Khulna,5,25.8,16.9,0.5,82
12/29/2022,Khulna,4,24.8,13.5,0,68
12/30/2022,Khulna,1,24.4,12.1,0,72
12/31/2022,Khulna,1,25.1,12.7,0,78
1/1/2023,Khulna,6,25.3,14.3,0,77
1/2/2023,Khulna,0,25.6,14.4,0,74
1/3/2023,Khulna,4,24.6,13.4,0,75
1/4/2023,Khulna,2,23.7,12.5,0,79
1/5/2023,Khulna,0,22.9,11.4,0,80
1/6/2023,Khulna,2,22.9,11.3,0,80
1/7/2023,Khulna,0,21.9,10.9,0,84
1/8/2023,Khulna,1,23.9,11.1,0,85
1/9/2023,Khulna,2,25.3,12.6,0,82
1/10/2023,Khulna,1,24.9,13.1,0,77
1/11/2023,Khulna,0,24.4,11.7,0,73
1/12/2023,Khulna,0,23.9,10,0,76
1/13/2023,Khulna,0,26.2,11.9,0,81
1/14/2023,Khulna,0,26.1,15.3,0,88
1/15/2023,Khulna,1,26.6,17.5,0,75
1/16/2023,Khulna,0,24.5,15.2,0,73
1/17/2023,Khulna,1,24.8,13.4,0,77
1/18/2023,Khulna,1,24.8,13.8,0,75
1/19/2023,Khulna,0,24.2,13.3,0,72
1/20/2023,Khulna,0,24.5,11.8,0,71
1/21/2023,Khulna,0,26,10.9,0,72
1/22/2023,Khulna,0,27.6,13.1,0,69
1/23/2023,Khulna,0,28.6,14.9,0,76
1/24/2023,Khulna,0,29.1,16.3,0,74
1/25/2023,Khulna,0,29.2,15.1,0,74
1/26/2023,Khulna,0,30.3,16.5,0,72
1/27/2023,Khulna,0,28.4,17.8,0,75
1/28/2023,Khulna,0,27.9,17.3,0,77
1/29/2023,Khulna,2,27.1,15.1,0,70
1/30/2023,Khulna,0,27.9,13.9,0,75
1/31/2023,Khulna,2,28.3,15.7,0,77
2/1/2023,Khulna,0,26,17.6,0,73
2/2/2023,Khulna,0,26.3,15.4,0,61
2/3/2023,Khulna,0,26,13.4,0,73
2/4/2023,Khulna,0,27,13.5,0,69
2/5/2023,Khulna,0,27.2,14.2,0,68
2/6/2023,Khulna,0,29.3,13.8,0,62
2/7/2023,Khulna,0,29.9,16,0,71
2/8/2023,Khulna,1,29.9,18.6,0,77
2/9/2023,Khulna,0,29.9,19.4,0.1,73
2/10/2023,Khulna,0,29.9,16.1,0,61
2/11/2023,Khulna,0,31.3,17.3,0,73
2/12/2023,Khulna,0,31.4,20.7,0,69
2/13/2023,Khulna,0,28.1,16,0,41
2/14/2023,Khulna,0,27.5,13.1,0,47
2/15/2023,Khulna,0,27.7,13.8,0,52
2/16/2023,Khulna,0,28.9,13.6,0,55
2/17/2023,Khulna,0,30,16.4,0,68
2/18/2023,Khulna,2,28.5,19.2,2,83
2/19/2023,Khulna,0,29.7,19,0.1,76
2/20/2023,Khulna,0,31,19.8,0,73
2/21/2023,Khulna,0,31.9,21.7,0.2,75
2/22/2023,Khulna,0,32,22.6,0,76
2/23/2023,Khulna,0,32.5,22.5,0,73
2/24/2023,Khulna,0,32,22.4,0,75
2/25/2023,Khulna,1,31.6,21.2,0.1,74
2/26/2023,Khulna,3,32,18.3,0,59
2/27/2023,Khulna,0,31.8,19.3,0.2,63
2/28/2023,Khulna,0,32.5,19.9,0,68
3/1/2023,Khulna,0,32.3,18.2,0,56
3/2/2023,Khulna,0,33,18.7,0,65
3/3/2023,Khulna,0,33.5,18.2,0,56
3/4/2023,Khulna,1,33.1,18.3,0,55
3/5/2023,Khulna,0,32.9,17.8,0,61
3/6/2023,Khulna,0,32.8,20.2,0,55
3/7/2023,Khulna,0,33.1,19.4,0,56
3/8/2023,Khulna,0,33.1,19.2,0,53
3/9/2023,Khulna,0,33.3,20.2,0,52
3/10/2023,Khulna,0,31.2,21.9,0,58
3/11/2023,Khulna,0,33.3,21.4,0,55
3/12/2023,Khulna,0,34.1,20,0,53
3/13/2023,Khulna,0,34.4,19.9,0,52
3/14/2023,Khulna,0,32.9,21.3,0.9,67
3/15/2023,Khulna,0,32.3,21.7,4.7,74
3/16/2023,Khulna,0,31.2,20.8,14,84
3/17/2023,Khulna,0,30.4,19.2,19,82
3/18/2023,Khulna,0,27.4,19.2,3.5,84
3/19/2023,Khulna,0,25.1,20.2,24.9,91
3/20/2023,Khulna,0,26.2,19.3,8.4,86
3/21/2023,Khulna,0,28.4,18.5,6.3,87
3/22/2023,Khulna,0,28.7,20.4,1.5,85
3/23/2023,Khulna,0,29.3,20.2,1.5,86
3/24/2023,Khulna,0,30.7,19.1,0,79
3/25/2023,Khulna,0,30.7,21.1,0.7,82
3/26/2023,Khulna,0,32.2,22.9,6.7,83
3/27/2023,Khulna,0,30,22.4,3.5,85
3/28/2023,Khulna,0,32,22.1,1.2,78
3/29/2023,Khulna,0,30.6,22.3,4.3,86
3/30/2023,Khulna,0,31.3,23.3,3.9,84
3/31/2023,Khulna,0,27.7,21.1,8.7,91
4/1/2023,Khulna,0,26.5,21.1,2,89
4/2/2023,Khulna,0,29.9,21,0.3,82
4/3/2023,Khulna,0,32.3,21.9,0,72
4/4/2023,Khulna,0,32.7,23.3,8.3,84
4/5/2023,Khulna,0,33.6,24.1,0,78
4/6/2023,Khulna,2,34.4,23.3,0,69
4/7/2023,Khulna,0,34.5,22.6,0,71
4/8/2023,Khulna,0,35.2,22.2,0,66
4/9/2023,Khulna,0,35.8,23.4,0,68
4/10/2023,Khulna,1,35.8,23.6,0,68
4/11/2023,Khulna,0,36.2,24.3,0.1,70
4/12/2023,Khulna,0,36.7,23.8,0,62
4/13/2023,Khulna,0,38.1,23.6,0,61
4/14/2023,Khulna,0,37.8,23.8,0,63
4/15/2023,Khulna,0,39,25,0,69
4/16/2023,Khulna,0,38.5,26.6,0,72
4/17/2023,Khulna,0,37.4,27.6,0,75
4/18/2023,Khulna,0,37.5,26.3,0,79
4/19/2023,Khulna,0,37,26.6,0,79
4/20/2023,Khulna,0,37,26.8,0,78
4/21/2023,Khulna,0,36.4,26.9,1,71
4/22/2023,Khulna,0,34.2,23.9,3.1,77
4/23/2023,Khulna,0,32.7,23.8,10.5,70
4/24/2023,Khulna,0,31,21.6,1.6,76
4/25/2023,Khulna,0,31.7,22.2,0,75
4/26/2023,Khulna,0,32.9,23.8,1,74
4/27/2023,Khulna,0,33.9,24.9,0.2,76
4/28/2023,Khulna,0,32.5,23.9,1.9,84
4/29/2023,Khulna,0,34.7,24.2,2,84
4/30/2023,Khulna,0,34,24.1,1.3,77
5/1/2023,Khulna,0,31.8,23.4,1.9,82
5/2/2023,Khulna,0,33,22.4,0,71
5/3/2023,Khulna,0,30,24.6,11.3,84
5/4/2023,Khulna,0,30.1,24.7,1.3,82
5/5/2023,Khulna,0,32.3,23.9,38.6,84
5/6/2023,Khulna,0,33.4,24.4,6.5,82
5/7/2023,Khulna,0,34.9,25.7,0.1,73
5/8/2023,Khulna,2,36.9,25.5,0,70
5/9/2023,Khulna,0,37.2,26.4,23,78
5/10/2023,Khulna,1,36.9,26.9,13.7,79
5/11/2023,Khulna,1,36.3,25.8,0,72
5/12/2023,Khulna,0,35.3,25.2,0,77
5/13/2023,Khulna,0,35.1,25.6,4.1,75
5/14/2023,Khulna,0,33.3,24.1,0,63
5/15/2023,Khulna,0,35.4,22.1,2.3,68
5/16/2023,Khulna,1,36,25.3,19.9,80
5/17/2023,Khulna,1,35,27.1,6.5,74
5/18/2023,Khulna,1,30.8,23.1,14.1,85
5/19/2023,Khulna,0,32.6,25,4.1,84
5/20/2023,Khulna,0,34.9,26.2,0.8,79
5/21/2023,Khulna,1,35.1,26.4,17.4,79
5/22/2023,Khulna,0,34.8,26.8,0.3,77
5/23/2023,Khulna,0,35.1,25.7,16.3,85
5/24/2023,Khulna,1,29,23.7,43.6,88
5/25/2023,Khulna,0,32.7,23.3,6.9,85
5/26/2023,Khulna,0,32.6,24.1,19.3,84
5/27/2023,Khulna,0,32.1,23.7,4.3,85
5/28/2023,Khulna,1,33.3,23.7,0.7,80
5/29/2023,Khulna,0,34.4,24.4,0,74
5/30/2023,Khulna,0,34.7,25.6,0.2,74
5/31/2023,Khulna,0,35.1,26.9,0.7,76
6/1/2023,Khulna,1,36.6,28,14.2,80
6/2/2023,Khulna,0,37,28.2,10.9,79
6/3/2023,Khulna,0,35.8,28,1.1,78
6/4/2023,Khulna,3,34.5,28,6.8,78
6/5/2023,Khulna,3,36.7,27.3,0,72
6/6/2023,Khulna,0,37.4,28.1,4.6,75
6/7/2023,Khulna,2,38,27.5,18.3,82
6/8/2023,Khulna,1,35,26.8,8.1,81
6/9/2023,Khulna,1,31.6,25.8,15.3,89
6/10/2023,Khulna,1,34.3,26.2,0.6,75
6/11/2023,Khulna,1,33.5,27.4,2,79
6/12/2023,Khulna,0,34.2,26.4,2,83
6/13/2023,Khulna,5,37,27.5,5.4,76
6/14/2023,Khulna,0,37.9,28.6,0.3,77
6/15/2023,Khulna,1,36.2,29.9,0,76
6/16/2023,Khulna,0,37,29.5,2.9,78
6/17/2023,Khulna,6,36.1,28.9,1.2,76
6/18/2023,Khulna,3,32.5,28.9,6.4,81
6/19/2023,Khulna,10,33.8,28.3,3.3,80
6/20/2023,Khulna,0,34.1,27.8,2.6,78
6/21/2023,Khulna,0,33.5,28,13.6,84
6/22/2023,Khulna,3,32.9,26,12.4,85
6/23/2023,Khulna,2,32.6,25.9,15,85
6/24/2023,Khulna,5,31.7,25.6,2.2,85
6/25/2023,Khulna,16,31,26.1,2,84
6/26/2023,Khulna,14,29.4,24.9,9.7,90
6/27/2023,Khulna,2,27.9,24.8,30.2,95
6/28/2023,Khulna,11,31.3,24.9,25,90
6/29/2023,Khulna,5,30.1,25.8,16.7,91
6/30/2023,Khulna,11,32.6,26.7,5,87
7/1/2023,Khulna,13,32.1,27,9.9,88
7/2/2023,Khulna,13,33,26.9,12.9,87
7/3/2023,Khulna,19,33.6,27.1,8,86
7/4/2023,Khulna,20,33.5,26.9,3.2,82
7/5/2023,Khulna,10,32.1,26.4,10.8,85
7/6/2023,Khulna,23,32.2,25.8,2.4,84
7/7/2023,Khulna,17,32.1,25.4,11.8,87
7/8/2023,Khulna,17,31.9,25.8,7.3,86
7/9/2023,Khulna,33,32.8,25.9,8.2,85
7/10/2023,Khulna,22,31.7,26.7,13.6,88
7/11/2023,Khulna,37,32.4,26.7,1.1,83
7/12/2023,Khulna,18,32.8,26.1,4,82
7/13/2023,Khulna,32,31.7,26.2,11.9,85
7/14/2023,Khulna,18,31.9,25.4,20.3,88
7/15/2023,Khulna,43,31.2,24.6,4.9,84
7/16/2023,Khulna,53,32.2,25.9,9,83
7/17/2023,Khulna,62,31.1,25.8,4.7,83
7/18/2023,Khulna,78,32.6,26.3,4,82
7/19/2023,Khulna,79,32.9,26.7,4.1,81
7/20/2023,Khulna,68,32.7,26.5,1.3,80
7/21/2023,Khulna,41,31.9,27,6.8,83
7/22/2023,Khulna,91,32.4,26.7,3.9,82
7/23/2023,Khulna,102,33.1,26.7,2.5,81
7/24/2023,Khulna,87,33.1,26,0.1,81
7/25/2023,Khulna,92,33,26.4,4,82
7/26/2023,Khulna,103,32.4,26.7,7.7,84
7/27/2023,Khulna,114,32.5,26.4,1.6,81
7/28/2023,Khulna,62,32.9,26.3,2.2,81
7/29/2023,Khulna,87,32.4,26.2,10.4,84
7/30/2023,Khulna,145,33,26.2,8.7,85
7/31/2023,Khulna,140,33.6,26.7,15.8,87
8/1/2023,Khulna,119,33.6,26.1,28.2,87
8/2/2023,Khulna,116,32.6,26.5,8.5,85
8/3/2023,Khulna,119,31.5,25.9,8.7,87
8/4/2023,Khulna,73,32.5,26,2.2,82
8/5/2023,Khulna,134,33,26.6,4.1,82
8/6/2023,Khulna,119,30.3,26.5,30,89
8/7/2023,Khulna,175,29.5,26.3,30.3,92
8/8/2023,Khulna,149,31.9,26.3,12.6,89
8/9/2023,Khulna,152,32,26.1,1.7,86
8/10/2023,Khulna,165,33.3,26,4.3,85
8/11/2023,Khulna,106,33.2,25.8,14.9,86
8/12/2023,Khulna,182,32.5,26.3,22.7,89
8/13/2023,Khulna,152,31.9,25.9,20.4,92
8/14/2023,Khulna,160,31.8,25.4,3,87
8/15/2023,Khulna,136,33.2,26.4,9.5,85
8/16/2023,Khulna,158,32.7,27.1,12.2,88
8/17/2023,Khulna,159,33.7,26.9,4.5,85
8/18/2023,Khulna,90,32.1,25.8,2.4,82
8/19/2023,Khulna,150,32.9,26.3,2,81
8/20/2023,Khulna,127,33,26.3,2.4,81
8/21/2023,Khulna,145,32.6,25.6,1.3,84
8/22/2023,Khulna,126,32,25.8,7.1,86
8/23/2023,Khulna,141,30.8,25.3,15,90
8/24/2023,Khulna,153,29,25.5,20.9,93
8/25/2023,Khulna,130,31.8,24.9,37.4,90
8/26/2023,Khulna,143,31.1,26,7,88
8/27/2023,Khulna,157,33,25.9,1.4,85
8/28/2023,Khulna,190,33.6,26.6,5.6,87
8/29/2023,Khulna,177,33.2,26,2.4,83
8/30/2023,Khulna,211,33.9,26.6,0.8,81
8/31/2023,Khulna,195,33.6,27.8,1.1,85
9/1/2023,Khulna,136,33.7,26.4,3.4,87
9/2/2023,Khulna,179,32.2,26.8,27.3,88
9/3/2023,Khulna,263,32.8,25.1,11.5,88
9/4/2023,Khulna,269,32,26,12.8,88
9/5/2023,Khulna,228,32.8,25.7,6.5,87
9/6/2023,Khulna,182,32.3,26.2,5.5,84
9/7/2023,Khulna,278,30.1,25.3,12.5,90
9/8/2023,Khulna,181,29.9,24.9,18.4,92
9/9/2023,Khulna,297,32.6,26.1,1.4,85
9/10/2023,Khulna,253,33.5,26.1,0.1,82
9/11/2023,Khulna,268,31.4,26.6,5.5,89
9/12/2023,Khulna,266,32.3,26,10.6,88
9/13/2023,Khulna,284,32.3,25.7,5.2,85
9/14/2023,Khulna,273,30.3,25.5,8.4,87
9/15/2023,Khulna,170,31.8,25.5,5.4,87
9/16/2023,Khulna,254,32.9,25.3,2.5,86
9/17/2023,Khulna,318,33.8,25.8,0.8,84
9/18/2023,Khulna,315,29.5,25.1,22.4,92
9/19/2023,Khulna,371,30.7,24.8,8.1,89
9/20/2023,Khulna,319,29.9,25.3,9.8,89
9/21/2023,Khulna,332,30.1,25.7,10.3,88
9/22/2023,Khulna,232,30.4,25.4,14.3,89
9/23/2023,Khulna,324,30.2,25.8,7.8,89
9/24/2023,Khulna,339,31.1,25.6,16.2,89
9/25/2023,Khulna,299,32.1,24.5,10.8,88
9/26/2023,Khulna,379,32.4,25.2,1.2,87
9/27/2023,Khulna,352,33.1,25.8,0.3,85
9/28/2023,Khulna,291,33.1,26.3,11.2,85
9/29/2023,Khulna,193,31.1,25.1,23.5,92
9/30/2023,Khulna,365,29.5,25.1,19.5,88
10/1/2023,Khulna,420,31.6,25.2,15.4,87
10/2/2023,Khulna,353,30.2,25.3,5.7,89
10/3/2023,Khulna,436,29.6,24.7,17.9,92
10/4/2023,Khulna,395,28.6,24.9,24.4,93
10/5/2023,Khulna,355,29.8,24.4,37.3,93
10/6/2023,Khulna,221,31,25.2,26.1,89
10/7/2023,Khulna,328,30.9,24.2,6.9,91
10/8/2023,Khulna,371,31.7,24.7,1.9,88
10/9/2023,Khulna,364,32.4,25.4,3.4,87
10/10/2023,Khulna,385,33.2,24.6,0,82
10/11/2023,Khulna,338,32.9,25.4,0.5,84
10/12/2023,Khulna,317,33.3,25,0,75
10/13/2023,Khulna,255,33.6,24.9,0,75
10/14/2023,Khulna,343,33,22.7,0,73
10/15/2023,Khulna,412,32.5,23.6,0,74
10/16/2023,Khulna,384,32,21.9,0,75
10/17/2023,Khulna,377,32.1,22.1,0,75
10/18/2023,Khulna,402,31.5,22.6,0,75
10/19/2023,Khulna,374,31.6,22.5,0,77
10/20/2023,Khulna,239,31.4,21.8,0,72
10/21/2023,Khulna,315,31.4,20.9,0,73
10/22/2023,Khulna,350,31.9,22.9,0,73
10/23/2023,Khulna,362,30.8,21.8,2.8,86
10/24/2023,Khulna,268,26.9,23.9,1.1,85
10/25/2023,Khulna,374,31,22.6,0.4,80
10/26/2023,Khulna,344,31,22.4,0.3,80
10/27/2023,Khulna,211,30.9,22.2,0,76
10/28/2023,Khulna,311,31.1,21,0,70
10/29/2023,Khulna,340,30.8,20.4,0,68
10/30/2023,Khulna,324,30.6,19.5,0,70
10/31/2023,Khulna,332,31.7,19.9,0,71
11/1/2023,Khulna,331,32.8,22.1,0,72
11/2/2023,Khulna,307,32.1,22.6,0,72
11/3/2023,Khulna,253,31.6,22.3,0.7,74
11/4/2023,Khulna,290,31.1,22.2,1.3,80
11/5/2023,Khulna,399,31.6,22,0.7,81
11/6/2023,Khulna,375,31.1,20.9,0,68
11/7/2023,Khulna,357,30.4,18.9,0,66
11/8/2023,Khulna,372,30,19.6,0,67
11/9/2023,Khulna,369,30.3,18,0,72
11/10/2023,Khulna,231,30.2,18.4,0,72
11/11/2023,Khulna,333,30.2,18.3,0,72
11/12/2023,Khulna,334,30.5,18.7,0,71
11/13/2023,Khulna,335,30.2,18.2,0,74
11/14/2023,Khulna,266,30.4,18.7,0,72
11/15/2023,Khulna,334,30.7,19.9,0,65
11/16/2023,Khulna,319,26.1,22.4,11.4,81
11/17/2023,Khulna,190,22.7,19.6,109,92
11/18/2023,Khulna,211,27.5,17.2,0,85
11/19/2023,Khulna,277,28.3,19.5,0,84
11/20/2023,Khulna,233,28.6,18.7,0,80
11/21/2023,Khulna,243,28.4,20.1,0.2,77
11/22/2023,Khulna,223,27.8,18.3,0,79
11/23/2023,Khulna,220,26.6,15.8,0,77
11/24/2023,Khulna,121,27.3,16.3,0,77
11/25/2023,Khulna,126,27.5,16.1,0,79
11/26/2023,Khulna,198,27.3,16.3,0,77
11/27/2023,Khulna,166,28.7,15.8,0,78
11/28/2023,Khulna,176,28.9,17.1,0,75
11/29/2023,Khulna,185,28.1,18.6,0,79
11/30/2023,Khulna,161,28.5,18.5,0,82
12/1/2023,Khulna,88,28.8,17.5,0,77
12/2/2023,Khulna,150,28.2,18.7,0,74
12/3/2023,Khulna,141,28.9,18.4,0,76
12/4/2023,Khulna,111,27,19.4,0,75
12/5/2023,Khulna,129,24.7,21.6,0.2,73
12/6/2023,Khulna,110,26.8,21.2,0.2,75
12/7/2023,Khulna,79,23.4,19.5,40.2,90
12/8/2023,Khulna,48,25.4,17.8,0.3,87
12/9/2023,Khulna,64,25.9,16.6,0,83
12/10/2023,Khulna,87,25.3,14.3,0,78
12/11/2023,Khulna,60,24.4,12.9,0,79
12/12/2023,Khulna,68,24.5,13.8,0,82
12/13/2023,Khulna,66,25,14.1,0,73
12/14/2023,Khulna,41,24.6,12.3,0,73
12/15/2023,Khulna,34,24.1,12.2,0,78
12/16/2023,Khulna,22,24.5,13.1,0,80
12/17/2023,Khulna,38,24.4,12.6,0,78
12/18/2023,Khulna,28,24.5,12.6,0,79
12/19/2023,Khulna,39,24.4,13.6,0,75
12/20/2023,Khulna,35,24.5,13.7,0,79
12/21/2023,Khulna,25,24.6,13.2,0,81
12/22/2023,Khulna,7,25.5,13.1,0,81
12/23/2023,Khulna,10,25.7,14.3,0,81
12/24/2023,Khulna,19,26,15.6,0,85
12/25/2023,Khulna,7,25.7,14.7,0,83
12/26/2023,Khulna,15,25.8,14.3,0,80
12/27/2023,Khulna,13,26.1,14.1,0,81
12/28/2023,Khulna,12,26.2,14.4,0,80
12/29/2023,Khulna,10,26.6,14.4,0,79
12/30/2023,Khulna,3,26.3,15.9,0,79
12/31/2023,Khulna,8,25.6,15.5,0,81
1/1/2024,Khulna,5,24.9,15.1,0,83
1/2/2024,Khulna,6,23.6,13.2,0,82
1/3/2024,Khulna,9,24,12.1,0,83
1/4/2024,Khulna,7,24.6,12.3,0,81
1/5/2024,Khulna,0,25.1,12,0,80
1/6/2024,Khulna,2,25.6,12.1,0,79
1/7/2024,Khulna,0,25.5,14.4,0,77
1/8/2024,Khulna,15,25.4,15.3,0,82
1/9/2024,Khulna,5,24.3,13.3,0,82
1/10/2024,Khulna,7,24.8,11.9,0,80
1/11/2024,Khulna,3,24.4,13.7,0,80
1/12/2024,Khulna,2,22.1,11.8,0,78
1/13/2024,Khulna,3,22.9,11.3,0,82
1/14/2024,Khulna,1,22.1,10.9,0,85
1/15/2024,Khulna,0,21.6,9.9,0,84
1/16/2024,Khulna,0,21.8,10,0,82
1/17/2024,Khulna,0,21.9,9.3,0,82
1/18/2024,Khulna,0,20.7,13.6,19.9,88
1/19/2024,Khulna,2,23.8,15.2,0.2,83
1/20/2024,Khulna,0,23,12.8,0,82
1/21/2024,Khulna,1,22.7,11.8,0,84
1/22/2024,Khulna,3,21.3,10.9,0,81
1/23/2024,Khulna,1,21.9,8.7,0,85
1/24/2024,Khulna,0,22.3,12.8,3.1,85
1/25/2024,Khulna,1,23.2,13.7,0,84
1/26/2024,Khulna,0,22.8,12.3,0,77
1/27/2024,Khulna,0,22.6,10.3,0,74
1/28/2024,Khulna,0,23.7,10.1,0,75
1/29/2024,Khulna,6,24,10.3,0,76
1/30/2024,Khulna,1,25.5,11.9,0.3,79
1/31/2024,Khulna,0,25.5,15.3,22.7,87
2/1/2024,Khulna,0,25.6,15.6,12.5,92
2/2/2024,Khulna,0,25.8,17.4,2.8,86
2/3/2024,Khulna,0,25.8,15.1,0,78
2/4/2024,Khulna,1,26.3,14.2,0,74
2/5/2024,Khulna,0,26.9,13.9,0,75
2/6/2024,Khulna,1,26.3,17.4,0.4,91
2/7/2024,Khulna,2,25.4,16.6,0,83
2/8/2024,Khulna,0,23.8,13.7,0,67
2/9/2024,Khulna,0,22.9,12.7,0,70
2/10/2024,Khulna,0,24.9,11.8,0,73
2/11/2024,Khulna,1,26.2,12.3,0,72
2/12/2024,Khulna,0,27,13.4,0,70
2/13/2024,Khulna,1,28,14.7,0,70
2/14/2024,Khulna,0,27.9,15.5,0,76
2/15/2024,Khulna,0,28.2,16.4,4.4,81
2/16/2024,Khulna,0,28.3,17.2,0,77
2/17/2024,Khulna,0,27.6,14,0,70
2/18/2024,Khulna,0,27.9,14,0,75
2/19/2024,Khulna,0,28,17.3,0,81
2/20/2024,Khulna,0,29.7,19.2,1.2,84
2/21/2024,Khulna,0,31.7,20.9,0,80
2/22/2024,Khulna,0,29.4,20.6,8.4,90
2/23/2024,Khulna,0,26.5,19.3,1.7,81
2/24/2024,Khulna,0,27.2,16.7,0,74
2/25/2024,Khulna,0,24.5,18.5,0,71
2/26/2024,Khulna,0,27.6,16.4,0,66
2/27/2024,Khulna,0,27.8,17.3,0,64
2/28/2024,Khulna,0,28.6,17.1,0,69
2/29/2024,Khulna,0,29.5,17.5,0,72
3/1/2024,Khulna,0,29.5,15.6,0,67
3/2/2024,Khulna,0,29.3,17.4,0,64
3/3/2024,Khulna,0,30.2,17.4,0,74
3/4/2024,Khulna,2,30.2,19.2,0,71
3/5/2024,Khulna,0,30.7,20.2,0,71
3/6/2024,Khulna,0,28.8,18.1,0,67
3/7/2024,Khulna,0,29,17.2,0,69
3/8/2024,Khulna,0,29.5,17,0,60
3/9/2024,Khulna,0,29.1,16.6,0,56
3/10/2024,Khulna,0,29,15.3,0,60
3/11/2024,Khulna,1,30.1,14.5,0,62
3/12/2024,Khulna,1,32.2,18.5,0,78
3/13/2024,Khulna,0,32.9,22.3,0,74
3/14/2024,Khulna,2,31.5,22.8,8.8,86
3/15/2024,Khulna,0,33.3,22.1,0.7,77
3/16/2024,Khulna,0,32,21.9,6.3,83
3/17/2024,Khulna,0,31.9,21.2,0,69
3/18/2024,Khulna,1,31.9,20.6,0.1,75
3/19/2024,Khulna,0,30.8,22.5,1.6,84
3/20/2024,Khulna,0,25.8,20.7,8.7,84
3/21/2024,Khulna,0,27.2,18.1,11.1,85
3/22/2024,Khulna,0,27.6,16.5,0.2,79
3/23/2024,Khulna,0,31,19.1,5.7,79
3/24/2024,Khulna,0,32.7,22.7,1.2,80
3/25/2024,Khulna,1,32.7,22.8,6.7,81
3/26/2024,Khulna,0,31.9,23,3,80
3/27/2024,Khulna,0,33.7,22.9,9.6,81
3/28/2024,Khulna,0,33.3,22.6,1.4,81
3/29/2024,Khulna,1,33.3,24,1.8,81
3/30/2024,Khulna,0,35,25.2,0,78
3/31/2024,Khulna,0,34.3,25.2,20,86
4/1/2024,Khulna,0,36.3,25.6,0,68
4/2/2024,Khulna,0,35.9,24.3,0,74
4/3/2024,Khulna,0,36.3,26.3,0,75
4/4/2024,Khulna,0,36.6,26,4.5,79
4/5/2024,Khulna,0,36,26.3,0,80
4/6/2024,Khulna,0,36.7,26,0.9,79
4/7/2024,Khulna,0,35.6,25.8,1.4,81
4/8/2024,Khulna,2,34,23.9,0,70
4/9/2024,Khulna,0,34.8,21.8,0,70
4/10/2024,Khulna,0,35.1,22.2,0,69
4/11/2024,Khulna,0,32.3,22.8,0,77
4/12/2024,Khulna,0,35.8,23.1,0,63
4/13/2024,Khulna,0,35.9,23.9,0.1,64
4/14/2024,Khulna,0,35.7,22.3,0.2,68
4/15/2024,Khulna,2,37.2,24.7,0.1,66
4/16/2024,Khulna,0,36.9,25.9,1,69
4/17/2024,Khulna,1,36.9,25.7,0,75
4/18/2024,Khulna,1,38,26.3,0,67
4/19/2024,Khulna,0,39.2,25.7,0,66
4/20/2024,Khulna,0,39.7,27.3,0,67
4/21/2024,Khulna,2,39.3,27.8,0,69
4/22/2024,Khulna,1,38.8,28,0,65
4/23/2024,Khulna,0,37.9,26.4,0.1,55
4/24/2024,Khulna,1,38.9,27.1,0.4,58
4/25/2024,Khulna,2,39.1,26.2,0.3,59
4/26/2024,Khulna,0,40,26.2,2.8,74
4/27/2024,Khulna,0,38.3,27.5,0,76
4/28/2024,Khulna,2,37.6,27.7,0.8,77
4/29/2024,Khulna,1,39.1,28.4,0,64
4/30/2024,Khulna,0,39.7,28.7,0,65
5/1/2024,Khulna,0,40.4,29.2,0,59
5/2/2024,Khulna,0,38,28.6,5.4,75
5/3/2024,Khulna,0,38,26.8,0,71
5/4/2024,Khulna,1,38.1,27.7,0.1,67
5/5/2024,Khulna,2,36.3,28,0.1,70
5/6/2024,Khulna,1,34.6,22.1,48.3,85
5/7/2024,Khulna,0,31.6,23.1,6.4,80
5/8/2024,Khulna,0,29.9,23.2,1.9,86
5/9/2024,Khulna,0,31.7,24,1.1,82
5/10/2024,Khulna,0,31.6,24.2,3.9,85
5/11/2024,Khulna,1,31.6,24.9,5.4,86
5/12/2024,Khulna,0,32.3,24.1,4.7,86
5/13/2024,Khulna,0,33,24.6,0,81
5/14/2024,Khulna,0,34.2,26,0,77
5/15/2024,Khulna,1,34.9,25.7,0,77
5/16/2024,Khulna,0,35.5,26.1,0,73
5/17/2024,Khulna,0,36.5,27,0,74
5/18/2024,Khulna,0,36.5,28.4,0,77
5/19/2024,Khulna,2,33.6,27,16.4,84
5/20/2024,Khulna,0,33,25.7,21,87
5/21/2024,Khulna,0,34.6,25.5,2,83
5/22/2024,Khulna,0,33.8,26.3,2.4,80
5/23/2024,Khulna,2,35.4,25.6,0.1,76
5/24/2024,Khulna,0,36.4,26.7,0,73
5/25/2024,Khulna,1,36.1,27.9,1.1,73
5/26/2024,Khulna,2,29.8,26.6,40.2,86
5/27/2024,Khulna,0,27.1,26.3,112.8,93
5/28/2024,Khulna,0,33.8,26.2,5.4,81
5/29/2024,Khulna,0,35.5,29,0.1,81
5/30/2024,Khulna,2,35,29.2,0,79
5/31/2024,Khulna,2,34.1,28.4,0,79
6/1/2024,Khulna,1,34.4,27.6,0.2,80
6/2/2024,Khulna,2,33.9,28.6,4.1,81
6/3/2024,Khulna,0,32.6,28.2,7.3,83
6/4/2024,Khulna,9,34.5,28.2,1.4,80
6/5/2024,Khulna,0,35,27.1,0.1,80
6/6/2024,Khulna,0,36.4,28.2,0,79
6/7/2024,Khulna,7,35.8,27.1,6.8,80
6/8/2024,Khulna,0,35.4,28.3,0,78
6/9/2024,Khulna,3,36.3,28.2,0.3,79
6/10/2024,Khulna,10,36.7,28.2,0,78
6/11/2024,Khulna,1,36.6,28.5,0,75
6/12/2024,Khulna,0,35.2,28.1,0.2,76
6/13/2024,Khulna,1,35.5,28.7,1.7,77
6/14/2024,Khulna,1,37,29,0.1,73
6/15/2024,Khulna,1,37.5,28.9,0,74
6/16/2024,Khulna,0,36,29.2,0.1,74
6/17/2024,Khulna,0,36.5,29.3,0,77
6/18/2024,Khulna,0,32.6,29.2,15.4,84
6/19/2024,Khulna,4,33.2,27.7,3,86
6/20/2024,Khulna,3,32.9,26.8,22.1,88
6/21/2024,Khulna,0,32.2,26.6,0.5,84
6/22/2024,Khulna,3,33,26.8,2.4,82
6/23/2024,Khulna,4,32.9,27,7.2,82
6/24/2024,Khulna,0,33.5,27,2.1,82
6/25/2024,Khulna,1,33.9,27.6,1,80
6/26/2024,Khulna,3,33.3,27.1,6.9,82
6/27/2024,Khulna,5,32.1,27.2,18.1,84
6/28/2024,Khulna,0,31.9,26.6,6.4,83
6/29/2024,Khulna,4,31.9,26.6,12.8,86
6/30/2024,Khulna,2,30.4,26,23.5,89
7/1/2024,Khulna,2,30.8,25.9,15.2,89
7/2/2024,Khulna,2,30.3,26,31.2,91
7/3/2024,Khulna,2,30.1,26.1,10.4,90
7/4/2024,Khulna,1,31.9,26,12.7,87
7/5/2024,Khulna,1,30.9,25.1,12.5,89
7/6/2024,Khulna,0,31.8,26.4,3.5,84
7/7/2024,Khulna,5,32.2,25.9,1.6,84
7/8/2024,Khulna,0,32.2,25.9,1.1,82
7/9/2024,Khulna,14,31.4,26.6,1.2,83
7/10/2024,Khulna,6,32.5,27.1,3.7,81
7/11/2024,Khulna,8,32.5,27.2,4.5,83
7/12/2024,Khulna,0,30.6,26.5,10.7,87
7/13/2024,Khulna,7,32.3,25.9,8,85
7/14/2024,Khulna,13,33.1,26.2,3.8,81
7/15/2024,Khulna,4,32.4,27.1,1.8,80
7/16/2024,Khulna,5,31.8,27,4.1,83
7/17/2024,Khulna,0,33.5,26.4,2.8,82
7/18/2024,Khulna,9,33.7,26.7,0.5,79
7/19/2024,Khulna,9,32.4,27.2,4.2,80
7/20/2024,Khulna,9,32.6,26.9,1.6,80
7/21/2024,Khulna,9,31.9,26.6,4.1,82
7/22/2024,Khulna,9,31.6,26.5,4,84
7/23/2024,Khulna,9,32.4,25.9,9.9,85
7/24/2024,Khulna,0,31.4,26.6,8.9,84
7/25/2024,Khulna,8,32.4,26.5,10.9,86
7/26/2024,Khulna,0,32.3,26.6,5.8,84
7/27/2024,Khulna,0,32.2,26.3,7.3,84
7/28/2024,Khulna,14,31.3,25.6,29.1,87
7/29/2024,Khulna,12,32,26.2,5.3,85
7/30/2024,Khulna,15,32.9,26.2,4.3,84
7/31/2024,Khulna,12,30.9,25.8,15.4,88
8/1/2024,Khulna,14,27.1,25.5,94.5,95
8/2/2024,Khulna,0,29.7,24.8,46.9,92
8/3/2024,Khulna,0,30.7,25.2,16.9,88
8/4/2024,Khulna,23,30.4,25.4,10.9,89
8/5/2024,Khulna,0,32,25.8,7.7,87
8/6/2024,Khulna,3,32.2,25.8,11.1,87
8/7/2024,Khulna,13,30.4,25.5,6.2,86
8/8/2024,Khulna,4,28.5,25.1,19,89
8/9/2024,Khulna,1,29.1,25,18.1,90
8/10/2024,Khulna,1,30.3,25.1,21,88
8/11/2024,Khulna,19,31.6,24.8,41.7,87
8/12/2024,Khulna,21,32.3,25.6,6.1,86
8/13/2024,Khulna,14,32.7,26.3,1.3,87
8/14/2024,Khulna,26,32.4,25.3,11.4,87
8/15/2024,Khulna,9,32.4,25.3,3.5,87
8/16/2024,Khulna,3,30.4,25.5,5.7,88
8/17/2024,Khulna,3,32.8,25.8,4.4,84
8/18/2024,Khulna,37,30.9,25,8.2,91
8/19/2024,Khulna,34,28.9,24.8,37.2,93
8/20/2024,Khulna,19,30.1,25.3,20.4,91
8/21/2024,Khulna,23,29.7,24.9,40.2,92
8/22/2024,Khulna,15,29.9,24.9,41.4,92
8/23/2024,Khulna,2,28.8,24.8,13.1,92
8/24/2024,Khulna,3,27.8,24.7,6.9,93
8/25/2024,Khulna,53,27.7,24.6,92.6,95
8/26/2024,Khulna,7,29.4,24.6,52.6,92
8/27/2024,Khulna,30,31.7,24.7,16.1,89
8/28/2024,Khulna,38,31.6,24.6,3.9,87
8/29/2024,Khulna,40,32.6,25,1.2,84
8/30/2024,Khulna,14,33.7,24.8,1.2,81
8/31/2024,Khulna,13,32.2,26,1.8,82
9/1/2024,Khulna,58,30.4,25.9,7.8,87
9/2/2024,Khulna,32,32.1,25.4,4.7,87
9/3/2024,Khulna,33,32.2,25.7,8.1,88
9/4/2024,Khulna,47,32.4,25.5,2.1,86
9/5/2024,Khulna,35,32.4,25.5,2.3,85
9/6/2024,Khulna,14,31.7,25.8,0.9,86
9/7/2024,Khulna,15,33.5,26.1,2.4,84
9/8/2024,Khulna,46,33,26.2,7.5,84
9/9/2024,Khulna,60,32.9,26.4,3.1,81
9/10/2024,Khulna,59,31.9,26.5,2.3,82
9/11/2024,Khulna,42,31.9,26,8.4,87
9/12/2024,Khulna,34,32.7,26.1,13.2,89
9/13/2024,Khulna,14,33,26,28.7,87
9/14/2024,Khulna,20,26.9,24.7,125.5,94
9/15/2024,Khulna,39,27.1,25.2,62.6,93
9/16/2024,Khulna,10,30.3,24.2,14.9,88
9/17/2024,Khulna,72,32.5,25.4,0.2,84
9/18/2024,Khulna,94,33.4,24.9,0,82
9/19/2024,Khulna,96,32.7,26.6,8.6,85
9/20/2024,Khulna,24,34.8,26.3,0.7,82
9/21/2024,Khulna,48,34.1,25.6,9.1,84
9/22/2024,Khulna,101,34.5,26.3,0,81
9/23/2024,Khulna,85,32.7,27.4,6.8,90
9/24/2024,Khulna,61,30.9,26.5,11.4,88
9/25/2024,Khulna,64,27.7,25.1,33.4,93
9/26/2024,Khulna,73,28.9,24.7,11.6,92
9/27/2024,Khulna,15,31.6,24.6,10,88
9/28/2024,Khulna,53,31.4,25,1.9,88
9/29/2024,Khulna,134,32.3,26.2,1,88
9/30/2024,Khulna,86,32.1,26.1,1.6,87
10/1/2024,Khulna,81,33.6,25.6,10.9,88
10/2/2024,Khulna,92,31.7,24.8,14.1,89
10/3/2024,Khulna,119,29.8,24.5,21.1,91
10/4/2024,Khulna,23,29.9,24.9,22.3,92
10/5/2024,Khulna,76,30.3,24.1,19.2,91
10/6/2024,Khulna,111,30.3,25,2.2,89
10/7/2024,Khulna,91,30.9,24.5,11.2,90
10/8/2024,Khulna,95,30.9,24.1,8,92
10/9/2024,Khulna,80,31.4,24.8,9.9,90
10/10/2024,Khulna,27,29.5,24.7,7.2,91
10/11/2024,Khulna,35,32,24.7,1.1,87
10/12/2024,Khulna,97,31.6,25,8.5,88
10/13/2024,Khulna,71,32,24.7,0.3,84
10/14/2024,Khulna,152,32,23.9,0,81
10/15/2024,Khulna,122,31.7,24.1,6.6,84
10/16/2024,Khulna,104,31.5,24.2,3.8,88
10/17/2024,Khulna,143,31.2,24.2,6,89
10/18/2024,Khulna,43,29.8,24,8.3,91
10/19/2024,Khulna,112,30.8,23.5,12,90
10/20/2024,Khulna,146,30.4,23.1,0,85
10/21/2024,Khulna,101,30.4,22,0,83
10/22/2024,Khulna,121,31.5,22.2,0,81
10/23/2024,Khulna,104,29.1,25.1,8,86
10/24/2024,Khulna,132,27.7,23.6,16.6,91
10/25/2024,Khulna,33,28.1,23.7,5.9,88
10/26/2024,Khulna,105,31.1,24,0.5,83
10/27/2024,Khulna,107,31.4,23,0.3,83
10/28/2024,Khulna,136,31.6,23.3,0,83
10/29/2024,Khulna,169,31.3,23.4,0,82
10/30/2024,Khulna,145,31.1,24.2,0.1,85
10/31/2024,Khulna,124,31.3,24.1,1,86
11/1/2024,Khulna,46,32.3,23.7,0.6,80
11/2/2024,Khulna,81,31.3,21.9,0,77
11/3/2024,Khulna,154,31.2,21.1,0,79
11/4/2024,Khulna,171,31.1,21.6,0,79
11/5/2024,Khulna,135,29.3,22.4,0.6,78
11/6/2024,Khulna,139,29.6,22.4,0.6,77
11/7/2024,Khulna,137,30.1,20.5,0,78
11/8/2024,Khulna,43,30.5,20.8,0,76
11/9/2024,Khulna,110,30.2,20.5,0,75
11/10/2024,Khulna,139,30.4,19.7,0,75
11/11/2024,Khulna,142,30.6,20.4,0,74
11/12/2024,Khulna,130,30.7,21.2,0,72
11/13/2024,Khulna,160,31.6,20.2,0,67
11/14/2024,Khulna,121,31.1,19.4,0,65
11/15/2024,Khulna,56,30.4,19,0,64
11/16/2024,Khulna,74,29.7,18.2,0,67
11/17/2024,Khulna,159,28.7,16.5,0,63
11/18/2024,Khulna,145,29.1,16.5,0,71
11/19/2024,Khulna,140,29.3,16.1,0,70
11/20/2024,Khulna,145,29.4,16.1,0,66
11/21/2024,Khulna,117,29.6,18.3,0,65
11/22/2024,Khulna,65,29.3,17.3,0,62
11/23/2024,Khulna,107,29.5,17.6,0,63
11/24/2024,Khulna,143,28.8,17.2,0,61
11/25/2024,Khulna,126,28.3,16.3,0,64
11/26/2024,Khulna,146,28,16.3,0,67
11/27/2024,Khulna,117,28.1,16.3,0,70
11/28/2024,Khulna,109,28.8,16.7,0,69
11/29/2024,Khulna,25,28.7,19.8,0,66
11/30/2024,Khulna,66,25.4,19.3,16.2,81
12/1/2024,Khulna,91,29.1,18.3,0,70
12/2/2024,Khulna,96,27.8,20.1,0.1,64
12/3/2024,Khulna,92,28.8,19,0,66
12/4/2024,Khulna,75,28.5,16.3,0,72
12/5/2024,Khulna,64,29.4,15.9,0,67
12/6/2024,Khulna,17,27.6,15.7,0,67
12/7/2024,Khulna,47,26.9,15.4,0,65
12/8/2024,Khulna,72,26.9,13.6,0,66
12/9/2024,Khulna,60,27.8,13.7,0,68
12/10/2024,Khulna,42,27,16,0,76
12/11/2024,Khulna,45,25,14.5,0,72
12/12/2024,Khulna,41,24.6,12.6,0,70
12/13/2024,Khulna,44,24.6,12.8,0,74
12/14/2024,Khulna,14,24.6,12.7,0,75
12/15/2024,Khulna,44,24.8,12.7,0,76
12/16/2024,Khulna,6,25.4,12.2,0,76
12/17/2024,Khulna,32,27.1,13.5,0,72
12/18/2024,Khulna,43,27.6,17.4,0,68
12/19/2024,Khulna,26,26.5,14.9,0,75
12/20/2024,Khulna,2,26.8,14,0,73
12/21/2024,Khulna,11,20.1,16.5,4.4,85
12/22/2024,Khulna,22,26.5,15,0,80
12/23/2024,Khulna,5,26.9,15.5,0,71
12/24/2024,Khulna,17,27,15.2,0,64
12/25/2024,Khulna,0,25.2,17.8,0,66
12/26/2024,Khulna,25,27.7,15.8,0,67
12/27/2024,Khulna,2,26.9,15.7,0,68
12/28/2024,Khulna,2,26.7,13.4,0,72
12/29/2024,Khulna,20,27.3,14.6,0,71
12/30/2024,Khulna,9,27.4,16.1,0,72
12/31/2024,Khulna,3,25.2,14.9,0,74
1/1/2025,Khulna,4,24.3,13.7,0,79
1/2/2025,Khulna,6,23.8,12.9,0,80
1/3/2025,Khulna,0,23.8,12.3,0,81
1/4/2025,Khulna,2,24.8,12.8,0,80
1/5/2025,Khulna,5,25.6,12.8,0,78
1/6/2025,Khulna,5,25.2,13.3,0,81
1/7/2025,Khulna,6,26,14.4,0,79
1/8/2025,Khulna,1,23.9,14.5,0.2,80
1/9/2025,Khulna,1,22.8,12.3,0,79
1/10/2025,Khulna,1,23.7,11.7,0,74
1/11/2025,Khulna,1,25.1,11.4,0,75
1/12/2025,Khulna,3,26.6,12.5,0,73
1/13/2025,Khulna,3,26.6,12.4,0,78
1/14/2025,Khulna,2,26.3,15,0,74
1/15/2025,Khulna,2,25.3,13.8,0,69
1/16/2025,Khulna,0,26.4,14.1,0,73
1/17/2025,Khulna,0,26.5,14.8,0,73
1/18/2025,Khulna,3,25.7,14.5,0,75
1/19/2025,Khulna,1,25,13.8,0,70
1/20/2025,Khulna,6,25.1,12.5,0,72
1/21/2025,Khulna,3,25.6,12.4,0,78
1/22/2025,Khulna,1,27,14.1,0,79
1/23/2025,Khulna,3,27.3,14.1,0,79
1/24/2025,Khulna,0,27.7,14.4,0,80
1/25/2025,Khulna,0,26,15.6,0,78
1/26/2025,Khulna,3,25.3,14.4,0,66
1/27/2025,Khulna,2,25.2,13.2,0,66
1/28/2025,Khulna,2,26.5,12.6,0,64
1/29/2025,Khulna,0,27.4,13.8,0,73
1/30/2025,Khulna,0,28.4,17.5,0.5,79
1/31/2025,Khulna,0,28.7,19.6,1.1,85
2/1/2025,Khulna,0,28.3,19.4,1,87
2/2/2025,Khulna,1,29.5,20.3,0.1,82
2/3/2025,Khulna,1,29.1,19.2,0,75
2/4/2025,Khulna,4,27.4,15.8,0,67
2/5/2025,Khulna,2,28.8,16.1,0,71
2/6/2025,Khulna,0,29.9,18,0,74
2/7/2025,Khulna,0,26.2,14.6,0,62
2/8/2025,Khulna,1,26.2,13.1,0,65
2/9/2025,Khulna,1,26.2,13.1,0,62
2/10/2025,Khulna,0,28.8,13.7,0,68
2/11/2025,Khulna,4,30,18.1,0.2,79
2/12/2025,Khulna,1,30.3,20.1,0.2,81
2/13/2025,Khulna,1,29.9,20.8,0.7,76
2/14/2025,Khulna,0,28,16.8,0,56
2/15/2025,Khulna,0,29,15,0,60
2/16/2025,Khulna,3,30.1,17.9,0,71
2/17/2025,Khulna,0,30.5,18.9,0.1,76
2/18/2025,Khulna,0,30.4,19.3,0.3,80
2/19/2025,Khulna,1,29.7,19.5,0,77
2/20/2025,Khulna,0,29.1,20.2,0.5,81
2/21/2025,Khulna,0,30.4,18.2,0,74
2/22/2025,Khulna,0,30.9,19.4,7.5,80
2/23/2025,Khulna,0,29,18.8,1.2,76
2/24/2025,Khulna,0,31.1,18,0,63
2/25/2025,Khulna,1,30.7,17.8,0,63
2/26/2025,Khulna,1,30.7,18.4,0,60
2/27/2025,Khulna,0,30.7,18.3,0,60
2/28/2025,Khulna,0,31.5,20,0,69
3/1/2025,Khulna,0,33.2,20.5,0,68
3/2/2025,Khulna,3,34.2,22.3,0,65
3/3/2025,Khulna,0,33.5,21.5,0,62
3/4/2025,Khulna,2,32.3,21.3,0.2,56
3/5/2025,Khulna,0,31.7,21.1,0,54
3/6/2025,Khulna,2,29.6,19.1,0,51
3/7/2025,Khulna,1,30.5,15.9,0,49
3/8/2025,Khulna,0,32.1,17.3,0,62
3/9/2025,Khulna,5,32.7,19.4,0,67
3/10/2025,Khulna,0,34.1,20.2,0,59
3/11/2025,Khulna,1,34,20.6,0,54
3/12/2025,Khulna,0,34.7,20.5,0,52
3/13/2025,Khulna,1,35.7,23.6,0,64
3/14/2025,Khulna,0,35.6,24.2,0,72
3/15/2025,Khulna,0,36.5,24.3,0,73
3/16/2025,Khulna,1,38.1,24.9,0,64
3/17/2025,Khulna,0,35.6,24.2,7.1,72
3/18/2025,Khulna,0,34.8,24.4,0.1,63
3/19/2025,Khulna,0,35.8,23.5,0,68
3/20/2025,Khulna,2,31.5,24.5,3.8,77
3/21/2025,Khulna,0,32.6,23.7,0.7,66
3/22/2025,Khulna,3,28.3,20.5,2.9,78
3/23/2025,Khulna,0,29.9,18.7,0,73
3/24/2025,Khulna,0,31.8,18.1,0,63
3/25/2025,Khulna,0,32.7,19.4,0,58
3/26/2025,Khulna,0,34.2,20.9,0,60
3/27/2025,Khulna,2,36.2,23.2,0,61
3/28/2025,Khulna,0,37.8,23.1,0,58
3/29/2025,Khulna,0,37.2,24.4,0,64
3/30/2025,Khulna,0,35.8,25.2,0,73
3/31/2025,Khulna,0,35.4,25.2,0,70
4/1/2025,Khulna,0,36.2,25,0,69
4/2/2025,Khulna,0,36.4,24.4,0,68
4/3/2025,Khulna,0,35.8,24.1,0,67
4/4/2025,Khulna,0,33.1,25.2,0,71
4/5/2025,Khulna,1,36.2,25.1,0,65
4/6/2025,Khulna,1,36.4,24.6,0.9,70
4/7/2025,Khulna,0,35.8,24.7,0,66
4/8/2025,Khulna,0,35,24.4,1.1,71
4/9/2025,Khulna,2,35.2,23.9,0,63
4/10/2025,Khulna,1,35.1,22.9,1.1,68
4/11/2025,Khulna,0,32.8,22.8,0.3,74
4/12/2025,Khulna,0,34.9,23.7,0.4,73
4/13/2025,Khulna,1,34.9,23.3,0,69
4/14/2025,Khulna,0,33.7,23.4,2.6,76
4/15/2025,Khulna,0,33.8,23.7,0.1,72
4/16/2025,Khulna,0,33.5,23.4,0.2,77
4/17/2025,Khulna,0,31,21.2,14.1,83
4/18/2025,Khulna,0,30.3,22.9,3.6,85
4/19/2025,Khulna,3,31.7,22,18.1,85
4/20/2025,Khulna,0,33.5,25.2,4.2,84
4/21/2025,Khulna,0,35.7,25.9,0,79
4/22/2025,Khulna,0,36.2,26.9,0.2,77
4/23/2025,Khulna,3,37,27,0.2,75
4/24/2025,Khulna,0,36.5,27.2,0,76
4/25/2025,Khulna,1,37.3,27.2,0.1,76
4/26/2025,Khulna,0,36.6,26.6,0,74
4/27/2025,Khulna,0,34.9,27.8,0.1,71
4/28/2025,Khulna,2,31.5,23.7,3.8,88
4/29/2025,Khulna,1,31.8,22.7,4.9,81
4/30/2025,Khulna,0,33.1,22,2.5,81
5/1/2025,Khulna,0,33.7,22,5.3,78
5/2/2025,Khulna,0,32.8,21.3,0.2,77
5/3/2025,Khulna,0,33.3,23.3,2.2,74
5/4/2025,Khulna,0,34.3,24,1.4,73
5/5/2025,Khulna,2,34.7,23.8,1,72
5/6/2025,Khulna,1,35.6,24.7,5.4,77
5/7/2025,Khulna,0,35.8,23.9,0,70
5/8/2025,Khulna,2,38.2,27.1,0,66
5/9/2025,Khulna,0,39.3,26.9,0,63
5/10/2025,Khulna,0,38.4,27.6,0,60
5/11/2025,Khulna,0,39.1,28.1,0.2,56
5/12/2025,Khulna,4,39.3,28.4,0.2,61
5/13/2025,Khulna,2,37.6,28,0.9,68
5/14/2025,Khulna,2,38.4,26.9,4.4,67
5/15/2025,Khulna,1,36.9,28.5,3.2,68
5/16/2025,Khulna,0,37.3,28.7,1.6,69
5/17/2025,Khulna,6,38.4,24.9,11.5,69
5/18/2025,Khulna,1,31.3,25.3,3.2,83
5/19/2025,Khulna,2,35,25.7,11.4,79
5/20/2025,Khulna,2,36.1,27,8.5,79
5/21/2025,Khulna,2,34.9,27,1.1,78
5/22/2025,Khulna,1,34,26.8,2.4,77
5/23/2025,Khulna,0,33.6,26.2,6.8,82
5/24/2025,Khulna,0,32.4,25,8.1,86
5/25/2025,Khulna,1,30.8,25.1,12.2,88
5/26/2025,Khulna,2,32.6,25.7,9.2,87
5/27/2025,Khulna,0,32.5,25.4,13.5,83
5/28/2025,Khulna,3,30,25.6,14.6,87
5/29/2025,Khulna,1,28,24.9,28.4,96
5/30/2025,Khulna,0,33,24.7,18,83
5/31/2025,Khulna,0,31.4,25.4,39.7,89
6/1/2025,Khulna,2,32.6,26.4,9.4,90
6/2/2025,Khulna,0,34,26.7,9.8,89
6/3/2025,Khulna,2,35.7,27.5,8.3,82
6/4/2025,Khulna,0,32.1,25.3,12.3,87
6/5/2025,Khulna,0,32.1,25.6,18.1,86
6/6/2025,Khulna,13,33.1,25.9,1.8,83
6/7/2025,Khulna,0,34.3,26.4,0.2,80
6/8/2025,Khulna,0,34.8,26.1,0.1,77
6/9/2025,Khulna,0,34.6,26.7,0.2,74
6/10/2025,Khulna,0,35,26.8,1.4,77
6/11/2025,Khulna,0,34.3,26.4,1.1,80
6/12/2025,Khulna,0,33.8,25.9,0.8,78
6/13/2025,Khulna,3,34.6,26.4,0.5,76
6/14/2025,Khulna,0,34.4,27.2,0.9,77
6/15/2025,Khulna,8,32.8,25.7,7.2,87
6/16/2025,Khulna,5,32.7,25.6,25.8,89
6/17/2025,Khulna,0,29.3,25.3,18.4,93
6/18/2025,Khulna,12,27.8,24.5,20.2,95
6/19/2025,Khulna,7,33.6,26.1,2.6,76
6/20/2025,Khulna,3,30.2,25.7,11.5,90
6/21/2025,Khulna,8,32.5,25.3,6.1,86
6/22/2025,Khulna,15,32.2,25.6,13.5,89
6/23/2025,Khulna,25,32.8,25.9,1,83
6/24/2025,Khulna,8,32.3,26.2,8.1,85
6/25/2025,Khulna,16,31.5,25.8,9,86
6/26/2025,Khulna,0,32.4,26.3,1.3,82
6/27/2025,Khulna,0,30.2,25.1,14.2,90
6/28/2025,Khulna,6,31.2,25.2,9.5,88
6/29/2025,Khulna,41,32.6,25.3,16.5,87
6/30/2025,Khulna,21,32.6,25.8,8.7,84
7/1/2025,Khulna,16,31.6,25.8,12.1,87
7/2/2025,Khulna,18,32.4,25.3,1.3,85
7/3/2025,Khulna,14,32.3,25.3,11.8,88
7/4/2025,Khulna,0,29.3,24.7,17.1,92
7/5/2025,Khulna,0,31.4,24.7,10.9,91
7/6/2025,Khulna,13,30.3,25.2,7.3,89
7/7/2025,Khulna,54,28.5,25,18.1,93
7/8/2025,Khulna,18,28.2,24.5,31.4,96
7/9/2025,Khulna,35,29,24.7,27.3,94
7/10/2025,Khulna,28,30.5,24.7,15.1,88
7/11/2025,Khulna,3,31.8,24.7,4.9,86
7/12/2025,Khulna,30,34.1,24.9,9,85
7/13/2025,Khulna,26,32.7,26.3,18.5,91
7/14/2025,Khulna,27,26.6,25.2,33.7,95
7/15/2025,Khulna,26,31.6,24.4,27.3,87
7/16/2025,Khulna,27,33.7,25.6,7,86
7/17/2025,Khulna,18,33.1,26.3,0.9,86
7/18/2025,Khulna,0,33,26.7,3.9,85
7/19/2025,Khulna,9,33.5,26.4,2.2,81
7/20/2025,Khulna,55,34.1,26.9,0.1,79
7/21/2025,Khulna,34,33.1,26.5,2.1,86
7/22/2025,Khulna,33,33.9,27.3,1.3,79
7/23/2025,Khulna,0,34.3,27,6.8,78
7/24/2025,Khulna,25,33.1,26.9,6.8,86
7/25/2025,Khulna,10,31.3,26,11.7,89
7/26/2025,Khulna,18,31.5,25.2,4.9,87
7/27/2025,Khulna,28,33,25.6,2.6,84
7/28/2025,Khulna,34,31.4,25.1,28.4,89
7/29/2025,Khulna,26,29,25.3,55,93
7/30/2025,Khulna,23,28.2,24.5,25.9,93
7/31/2025,Khulna,18,29.9,24.6,11,92
8/1/2025,Khulna,10,32.9,25.7,9.7,88
8/2/2025,Khulna,2,33.2,26,9.2,86
8/3/2025,Khulna,0,33.7,26.5,6.5,80
8/4/2025,Khulna,56,31.4,26.2,9.5,85
8/5/2025,Khulna,36,33.1,25.6,16.6,87
8/6/2025,Khulna,30,31.8,26.5,0.5,82
8/7/2025,Khulna,39,31.5,25.3,14.8,88
8/8/2025,Khulna,7,30.3,25,8.3,88
8/9/2025,Khulna,14,31.5,25.5,3.1,84
8/10/2025,Khulna,57,34,26.1,0.1,79
8/11/2025,Khulna,32,33.9,26.3,0.8,80
8/12/2025,Khulna,16,34.4,26.4,0.1,78
8/13/2025,Khulna,29,30.1,26.5,12,88
8/14/2025,Khulna,14,30.2,25.4,5.8,89
8/15/2025,Khulna,14,32.8,25.3,2,84
8/16/2025,Khulna,12,33,25.4,2.4,83
8/17/2025,Khulna,47,32.6,26.2,6,81
8/18/2025,Khulna,25,32.3,26.1,2.3,81
8/19/2025,Khulna,26,30.5,25.4,5.8,84
8/20/2025,Khulna,20,29.1,25.1,7.7,91
8/21/2025,Khulna,15,28.5,24.6,24.8,94
8/22/2025,Khulna,10,30.5,23.7,16.2,90
8/23/2025,Khulna,0,29.1,24.5,6.5,91
8/24/2025,Khulna,46,31.8,24.3,10.6,84
8/25/2025,Khulna,26,32.8,25,1.6,84
8/26/2025,Khulna,34,32.5,25,0.9,83
8/27/2025,Khulna,26,32,25.3,3.3,83
8/28/2025,Khulna,0,31.8,25.6,4.7,85
8/29/2025,Khulna,0,30,25.5,9.7,89
8/30/2025,Khulna,0,30.7,24.9,11.3,91
8/31/2025,Khulna,42,31.8,24.7,2.3,86
9/1/2025,Khulna,44,33.8,25.8,4.2,85
9/2/2025,Khulna,0,30.6,25.4,9.6,88
9/3/2025,Khulna,0,30.6,24.8,13.7,87
9/4/2025,Khulna,17,30.5,25.3,4.8,88
9/5/2025,Khulna,6,33,24.9,4.6,87
9/6/2025,Khulna,38,33,25.4,1.5,83
9/7/2025,Khulna,32,33.1,26,0.8,84
9/8/2025,Khulna,31,33.3,26.6,0.5,80
9/9/2025,Khulna,14,33.3,26.5,0.2,80
9/10/2025,Khulna,17,33.4,26.7,1.2,82
9/11/2025,Khulna,0,32,26.7,13.2,87
9/12/2025,Khulna,0,30.9,25.2,13.1,89
9/13/2025,Khulna,2,30.8,25.7,11.3,90
9/14/2025,Khulna,37,29.3,26.2,9.8,92
9/15/2025,Khulna,29,29.8,24.5,19.3,92
9/16/2025,Khulna,39,30.2,24.7,5.1,89
9/17/2025,Khulna,14,31.4,25.2,8.6,89
9/18/2025,Khulna,7,32.1,25.9,2.3,84
9/19/2025,Khulna,11,32,26,2.4,87
9/20/2025,Khulna,5,32.4,26.2,1.1,87
9/21/2025,Khulna,52,33.4,25.5,0.6,84
9/22/2025,Khulna,25,28.4,25.6,14.6,94
9/23/2025,Khulna,32,31.8,25,2.3,88
9/24/2025,Khulna,41,31.7,25.1,6.8,89
9/25/2025,Khulna,33,32.9,25.2,11.2,88
9/26/2025,Khulna,0,32.4,25.9,1.2,85
9/27/2025,Khulna,0,30.6,25.6,11.5,88
9/28/2025,Khulna,100,30.6,25.6,7.1,89
9/29/2025,Khulna,41,33,25.6,0.1,84
9/30/2025,Khulna,0,33.1,26,4,85
10/1/2025,Khulna,0,31.5,25,7.1,87
10/2/2025,Khulna,0,28,24.5,21.2,94
10/3/2025,Khulna,0,31.2,24.6,5.3,89
10/4/2025,Khulna,0,31.9,25,7.9,88
10/5/2025,Khulna,72,31.3,25,5.1,89
10/6/2025,Khulna,57,29.4,24.9,1.8,90
10/7/2025,Khulna,41,30.5,24.6,17.9,93
10/8/2025,Khulna,45,31,24.6,1.3,90
10/9/2025,Khulna,48,30.7,24.9,1.6,89
10/10/2025,Khulna,0,31,24.6,18.1,91
10/11/2025,Khulna,0,30.4,24.3,12.1,93
10/12/2025,Khulna,93,31.4,24.3,0,83
10/13/2025,Khulna,60,30.9,23.3,0,80
10/14/2025,Khulna,26,31.1,22.7,0,77
10/15/2025,Khulna,62,31.2,22.5,0,81
10/16/2025,Khulna,55,31.6,22.9,0,79
10/17/2025,Khulna,0,32.4,23.4,0,80
10/18/2025,Khulna,43,32.1,24.4,1.7,85
10/19/2025,Khulna,71,33,23.3,0.7,79
10/20/2025,Khulna,55,33.4,24.4,0,77
10/21/2025,Khulna,40,33.1,22.7,0,74
10/22/2025,Khulna,41,33.1,22.5,0,76
10/23/2025,Khulna,49,32.5,24.1,0,77
10/24/2025,Khulna,12,31.9,24.2,0.1,80
10/25/2025,Khulna,31,32.6,24,0.1,79
10/26/2025,Khulna,67,32.5,23.7,0,79
10/27/2025,Khulna,62,32.9,24.2,0,78
10/28/2025,Khulna,49,33,24.3,1.2,83
10/29/2025,Khulna,50,31.5,24.3,11.3,90
10/30/2025,Khulna,46,30.5,23.2,16.8,90
10/31/2025,Khulna,0,31.8,24.7,0,84
1/1/2022,Mymensingh,0,23.6,13.6,0,77
1/2/2022,Mymensingh,0,24.4,13.4,0,78
1/3/2022,Mymensingh,0,23.9,13.4,0,80
1/4/2022,Mymensingh,0,23.9,12.3,0,83
1/5/2022,Mymensingh,0,23.9,12.1,0,85
1/6/2022,Mymensingh,0,24.2,12.5,0,82
1/7/2022,Mymensingh,0,25.3,12.8,0,80
1/8/2022,Mymensingh,0,25.8,14,0,76
1/9/2022,Mymensingh,0,25.6,13.5,0,78
1/10/2022,Mymensingh,0,25.9,14.3,0,77
1/11/2022,Mymensingh,0,25.5,16,0.2,77
1/12/2022,Mymensingh,0,25,15.9,4,84
1/13/2022,Mymensingh,0,23.4,14.9,2.1,88
1/14/2022,Mymensingh,0,20.8,13.6,0,84
1/15/2022,Mymensingh,0,23.5,12.5,0,80
1/16/2022,Mymensingh,0,22.7,13.2,0,83
1/17/2022,Mymensingh,0,23.6,12.2,0,81
1/18/2022,Mymensingh,0,24,12.7,0,85
1/19/2022,Mymensingh,0,23.2,13.4,0.4,86
1/20/2022,Mymensingh,0,22.1,13.1,0.3,85
1/21/2022,Mymensingh,0,22,12.5,0.1,82
1/22/2022,Mymensingh,0,23.6,12.9,0.4,79
1/23/2022,Mymensingh,0,22.1,13.9,0,81
1/24/2022,Mymensingh,0,23,15.3,1.6,77
1/25/2022,Mymensingh,0,23.5,13.9,0,81
1/26/2022,Mymensingh,0,23.3,13.4,0.7,85
1/27/2022,Mymensingh,0,21.9,13.6,2.4,72
1/28/2022,Mymensingh,0,19.6,9.6,0,67
1/29/2022,Mymensingh,0,21.1,9.5,0,68
1/30/2022,Mymensingh,0,21.1,10,0,72
1/31/2022,Mymensingh,0,22.2,10.1,0,70
2/1/2022,Mymensingh,0,24,12,0.3,81
2/2/2022,Mymensingh,0,23,12.5,0,80
2/3/2022,Mymensingh,0,24.4,14.7,0.2,70
2/4/2022,Mymensingh,0,20.3,15.1,38.4,86
2/5/2022,Mymensingh,0,22,12.1,7.1,80
2/6/2022,Mymensingh,0,20.1,10.3,0,84
2/7/2022,Mymensingh,0,21.1,9.2,0,78
2/8/2022,Mymensingh,0,22.7,10.8,0,74
2/9/2022,Mymensingh,0,23.7,10.7,0,75
2/10/2022,Mymensingh,0,18.8,13.7,5.4,88
2/11/2022,Mymensingh,0,23.1,11.6,0.6,81
2/12/2022,Mymensingh,0,22.2,10.8,0,71
2/13/2022,Mymensingh,0,24.5,11,0,73
2/14/2022,Mymensingh,0,25.2,12.6,0,75
2/15/2022,Mymensingh,0,25,11.5,0,75
2/16/2022,Mymensingh,0,24.9,12.9,0,68
2/17/2022,Mymensingh,0,25.3,12.1,0,68
2/18/2022,Mymensingh,0,26.1,12.9,0,64
2/19/2022,Mymensingh,0,25.7,11.7,0,61
2/20/2022,Mymensingh,0,23.5,12.7,3.4,71
2/21/2022,Mymensingh,0,25.4,13,0,75
2/22/2022,Mymensingh,0,26.1,12.8,0,70
2/23/2022,Mymensingh,0,27.2,13.9,0,67
2/24/2022,Mymensingh,0,27.9,14.5,4.2,73
2/25/2022,Mymensingh,0,25.5,16.7,12.7,86
2/26/2022,Mymensingh,0,26.6,15.8,2.1,81
2/27/2022,Mymensingh,0,27.3,15.2,0,77
2/28/2022,Mymensingh,0,27.6,16.6,0.2,82
3/1/2022,Mymensingh,0,27.6,15.2,0,71
3/2/2022,Mymensingh,0,28,14.9,0,71
3/3/2022,Mymensingh,0,28.3,14.9,0,72
3/4/2022,Mymensingh,0,28.1,15.4,0,70
3/5/2022,Mymensingh,0,29,17.4,0,67
3/6/2022,Mymensingh,0,29.4,15,0,67
3/7/2022,Mymensingh,0,31.5,16,0,65
3/8/2022,Mymensingh,0,31.7,19.2,0,64
3/9/2022,Mymensingh,0,31.4,18.6,0,64
3/10/2022,Mymensingh,0,31.3,18.6,0,63
3/11/2022,Mymensingh,0,30.3,16.8,0,68
3/12/2022,Mymensingh,0,30.9,17.9,0,65
3/13/2022,Mymensingh,0,31.1,17.5,0,64
3/14/2022,Mymensingh,0,33,19.4,0,65
3/15/2022,Mymensingh,0,32.7,19.5,0,66
3/16/2022,Mymensingh,0,33,18.8,0,66
3/17/2022,Mymensingh,0,33.6,19.9,0,62
3/18/2022,Mymensingh,0,33.3,21.3,0,63
3/19/2022,Mymensingh,0,33.5,21.5,0,61
3/20/2022,Mymensingh,0,33.2,19.2,0,61
3/21/2022,Mymensingh,0,33.2,19.6,0,64
3/22/2022,Mymensingh,0,34.2,21.3,0,69
3/23/2022,Mymensingh,0,34.6,21.4,0,66
3/24/2022,Mymensingh,0,34.6,22.3,0,65
3/25/2022,Mymensingh,0,34.1,22.3,3,78
3/26/2022,Mymensingh,1,34.7,22.4,1.4,77
3/27/2022,Mymensingh,0,30.6,22.2,3.4,79
3/28/2022,Mymensingh,0,30.4,21.6,2,83
3/29/2022,Mymensingh,0,30.8,21.4,1,82
3/30/2022,Mymensingh,0,28.1,21.8,16.4,86
3/31/2022,Mymensingh,0,32,21.5,8.3,83
4/1/2022,Mymensingh,0,30.2,21.9,16.2,90
4/2/2022,Mymensingh,0,30.3,22.3,1.3,85
4/3/2022,Mymensingh,0,30.1,22.7,6.2,87
4/4/2022,Mymensingh,0,33.9,22.3,39.8,78
4/5/2022,Mymensingh,0,32,23.8,0.3,76
4/6/2022,Mymensingh,0,31.6,23.4,0.4,82
4/7/2022,Mymensingh,0,32,23,0,81
4/8/2022,Mymensingh,0,33.4,22.7,3.6,82
4/9/2022,Mymensingh,0,31.8,22,1.3,85
4/10/2022,Mymensingh,0,29.2,21.1,21.1,88
4/11/2022,Mymensingh,0,30.2,21,13.1,84
4/12/2022,Mymensingh,0,28.2,20.9,43.7,90
4/13/2022,Mymensingh,0,30.9,23.6,4.9,87
4/14/2022,Mymensingh,0,33.8,23.1,2.8,79
4/15/2022,Mymensingh,0,34.2,24.6,0,79
4/16/2022,Mymensingh,0,32.6,23,1.3,82
4/17/2022,Mymensingh,0,33.9,22.8,3.2,79
4/18/2022,Mymensingh,0,31.9,23.7,1.1,85
4/19/2022,Mymensingh,0,30.8,21.5,18.6,84
4/20/2022,Mymensingh,0,26.5,20.4,56.6,92
4/21/2022,Mymensingh,0,29.9,19.5,2.8,84
4/22/2022,Mymensingh,0,27.8,22.6,2.1,89
4/23/2022,Mymensingh,0,33.6,22.3,4.7,86
4/24/2022,Mymensingh,0,34.5,23,0.9,82
4/25/2022,Mymensingh,0,34.4,25.1,2.4,81
4/26/2022,Mymensingh,0,34.1,25.6,0.1,79
4/27/2022,Mymensingh,0,34.7,23.3,8.2,77
4/28/2022,Mymensingh,0,32.8,22.4,0.5,80
4/29/2022,Mymensingh,0,31.7,23.9,13.1,86
4/30/2022,Mymensingh,0,32.1,22.7,0.4,76
5/1/2022,Mymensingh,0,31.3,22.1,12.1,82
5/2/2022,Mymensingh,0,29.9,22.3,1.8,82
5/3/2022,Mymensingh,0,30.8,21.9,2.1,83
5/4/2022,Mymensingh,0,30.8,21,2.5,82
5/5/2022,Mymensingh,0,30.6,21.8,0.5,82
5/6/2022,Mymensingh,0,31.7,22.5,5.6,81
5/7/2022,Mymensingh,0,32,23.3,0.2,80
5/8/2022,Mymensingh,0,32.6,23.7,0.1,77
5/9/2022,Mymensingh,0,31,24,0.2,80
5/10/2022,Mymensingh,0,28.3,23.6,57.1,90
5/11/2022,Mymensingh,0,29.8,23.5,58.5,90
5/12/2022,Mymensingh,0,30.9,24,23.5,89
5/13/2022,Mymensingh,0,29.8,23.7,94.2,93
5/14/2022,Mymensingh,0,32.3,23.8,20,88
5/15/2022,Mymensingh,0,32.5,24.8,7.6,87
5/16/2022,Mymensingh,0,31.6,24,18.8,89
5/17/2022,Mymensingh,0,31.5,23.3,14.4,88
5/18/2022,Mymensingh,0,29.7,24.7,9.1,89
5/19/2022,Mymensingh,0,30.4,24.3,18.9,90
5/20/2022,Mymensingh,0,30.8,22.9,19.7,88
5/21/2022,Mymensingh,0,31.3,22.5,41.6,89
5/22/2022,Mymensingh,0,31.1,22.5,26.8,85
5/23/2022,Mymensingh,0,31.1,23.2,13,83
5/24/2022,Mymensingh,0,33.2,23.1,12.4,78
5/25/2022,Mymensingh,0,31.8,24.1,5.5,85
5/26/2022,Mymensingh,0,30.8,22.8,6.3,86
5/27/2022,Mymensingh,0,30.1,23.3,3.5,85
5/28/2022,Mymensingh,0,31.8,23.5,1.7,82
5/29/2022,Mymensingh,0,31.5,23.3,18.3,86
5/30/2022,Mymensingh,0,31.9,24.3,0.9,84
5/31/2022,Mymensingh,0,32,25,4.4,83
6/1/2022,Mymensingh,0,31.5,24.6,1.6,85
6/2/2022,Mymensingh,0,31.2,24.5,7.8,85
6/3/2022,Mymensingh,0,28.7,24.4,22.8,92
6/4/2022,Mymensingh,0,31,23.9,5.3,89
6/5/2022,Mymensingh,0,30.9,24.1,4.2,88
6/6/2022,Mymensingh,1,31.1,23.5,10.1,88
6/7/2022,Mymensingh,1,28.7,24.1,59.4,94
6/8/2022,Mymensingh,0,32.3,24.2,9.2,89
6/9/2022,Mymensingh,0,26.4,24.3,70.1,95
6/10/2022,Mymensingh,0,30.3,24.1,37.5,90
6/11/2022,Mymensingh,0,30.8,24.7,5.1,87
6/12/2022,Mymensingh,0,31.7,25.5,12.3,87
6/13/2022,Mymensingh,0,31.3,25.7,13.7,88
6/14/2022,Mymensingh,0,32.1,25.4,18.3,91
6/15/2022,Mymensingh,0,30.5,25.1,27.8,90
6/16/2022,Mymensingh,0,29,23,35.1,92
6/17/2022,Mymensingh,0,27.3,24.3,91,95
6/18/2022,Mymensingh,0,28.4,23.8,39.9,93
6/19/2022,Mymensingh,0,30.5,23.9,51.5,91
6/20/2022,Mymensingh,1,29.2,23.8,19.6,92
6/21/2022,Mymensingh,0,31.2,24.1,3.4,87
6/22/2022,Mymensingh,0,32.1,24.2,12.1,86
6/23/2022,Mymensingh,1,31.5,25.1,2.5,84
6/24/2022,Mymensingh,1,32.2,25.5,3.4,82
6/25/2022,Mymensingh,2,31.1,25.5,2.3,82
6/26/2022,Mymensingh,1,32.2,25.7,3.6,83
6/27/2022,Mymensingh,0,31.8,24.5,10.2,83
6/28/2022,Mymensingh,0,31.2,25.3,10.3,87
6/29/2022,Mymensingh,0,30.3,24.2,22.7,91
6/30/2022,Mymensingh,0,29.5,24.1,23.1,91
7/1/2022,Mymensingh,0,31,24,11.8,86
7/2/2022,Mymensingh,0,32.7,25.5,1.5,80
7/3/2022,Mymensingh,1,32.7,25.9,9.3,82
7/4/2022,Mymensingh,0,32.3,25.9,1.5,82
7/5/2022,Mymensingh,2,32.5,25.8,11.2,83
7/6/2022,Mymensingh,0,31.8,25.2,14.3,85
7/7/2022,Mymensingh,0,33.8,25.4,1,78
7/8/2022,Mymensingh,0,33.2,26.2,2.1,81
7/9/2022,Mymensingh,0,33.3,25.8,1.2,78
7/10/2022,Mymensingh,0,34,25.5,6.1,77
7/11/2022,Mymensingh,0,33.2,26.1,3.1,77
7/12/2022,Mymensingh,2,34.6,26.6,0,73
7/13/2022,Mymensingh,0,34.9,26.5,0.6,73
7/14/2022,Mymensingh,1,35,25.1,9.5,78
7/15/2022,Mymensingh,1,33.8,26.2,2.2,78
7/16/2022,Mymensingh,0,34.2,26.7,5.8,77
7/17/2022,Mymensingh,0,34.5,26.4,1.6,78
7/18/2022,Mymensingh,2,33.2,26.6,1.5,78
7/19/2022,Mymensingh,0,32.5,26.2,9,83
7/20/2022,Mymensingh,2,32.4,25.3,27.3,88
7/21/2022,Mymensingh,0,33,25.3,25.1,85
7/22/2022,Mymensingh,1,33.2,25.6,7.3,85
7/23/2022,Mymensingh,2,33.1,25.5,19.5,87
7/24/2022,Mymensingh,1,28.7,24.9,20.2,92
7/25/2022,Mymensingh,0,30.7,25,13.3,86
7/26/2022,Mymensingh,0,30.8,25,7.1,86
7/27/2022,Mymensingh,0,32,25.1,6.7,84
7/28/2022,Mymensingh,1,31.8,25,28.3,88
7/29/2022,Mymensingh,0,32.8,25,5,85
7/30/2022,Mymensingh,0,31.9,24.9,36.2,90
7/31/2022,Mymensingh,0,29.7,25.2,43.7,92
8/1/2022,Mymensingh,1,31.8,24.8,18.1,90
8/2/2022,Mymensingh,0,32.2,25.1,5.7,87
8/3/2022,Mymensingh,1,32.7,25.7,24.8,88
8/4/2022,Mymensingh,1,32.7,25.3,9.6,84
8/5/2022,Mymensingh,0,33.2,25.9,10.6,82
8/6/2022,Mymensingh,0,31.3,25.5,13.8,89
8/7/2022,Mymensingh,0,33.7,25.6,9.5,80
8/8/2022,Mymensingh,0,33.5,26.1,3,81
8/9/2022,Mymensingh,3,33.1,26.6,0.8,76
8/10/2022,Mymensingh,0,32.8,26.3,0.9,77
8/11/2022,Mymensingh,0,33.3,25.8,0.3,74
8/12/2022,Mymensingh,0,33.4,25.9,0.4,77
8/13/2022,Mymensingh,1,31.9,26.5,2.6,81
8/14/2022,Mymensingh,1,30.3,26.1,23.6,84
8/15/2022,Mymensingh,0,32.3,25.9,0.6,81
8/16/2022,Mymensingh,2,32.3,25.6,3.9,83
8/17/2022,Mymensingh,0,33.3,26,1.2,83
8/18/2022,Mymensingh,4,35.9,27.1,4.1,78
8/19/2022,Mymensingh,0,33.5,26.1,12,80
8/20/2022,Mymensingh,1,32.6,27,2.4,79
8/21/2022,Mymensingh,2,32.8,25.9,0.8,81
8/22/2022,Mymensingh,0,33.4,25.9,4.6,84
8/23/2022,Mymensingh,1,32.4,25.7,11.4,86
8/24/2022,Mymensingh,0,32.9,25.3,2.7,81
8/25/2022,Mymensingh,2,32.3,25,0,76
8/26/2022,Mymensingh,0,32.4,25.5,1.1,81
8/27/2022,Mymensingh,3,31.7,26.8,0.6,80
8/28/2022,Mymensingh,0,30.8,25.1,16.9,87
8/29/2022,Mymensingh,2,32.2,25.4,6.6,85
8/30/2022,Mymensingh,1,32.5,25.7,8.6,85
8/31/2022,Mymensingh,1,31.7,25.6,26.6,87
9/1/2022,Mymensingh,1,31,25.6,32.7,90
9/2/2022,Mymensingh,0,31.7,25.1,6.6,88
9/3/2022,Mymensingh,7,31.7,24.9,32.7,90
9/4/2022,Mymensingh,1,30.2,24.7,25,91
9/5/2022,Mymensingh,5,29.4,24.7,31.1,92
9/6/2022,Mymensingh,1,31,24.2,15.1,89
9/7/2022,Mymensingh,4,32.6,25.3,10,86
9/8/2022,Mymensingh,1,32.4,26.2,1.3,85
9/9/2022,Mymensingh,0,34.4,25.7,1.5,79
9/10/2022,Mymensingh,5,32.1,25.4,15.3,87
9/11/2022,Mymensingh,1,29.9,24.8,3.8,88
9/12/2022,Mymensingh,7,28.4,24.8,14.4,91
9/13/2022,Mymensingh,9,25.8,23.9,47.2,95
9/14/2022,Mymensingh,3,29,23.9,9.9,90
9/15/2022,Mymensingh,3,29,24.1,36.1,90
9/16/2022,Mymensingh,4,29.7,24.3,3.1,90
9/17/2022,Mymensingh,5,30.9,24.8,3.3,87
9/18/2022,Mymensingh,5,31.8,25.4,1.5,85
9/19/2022,Mymensingh,4,31.8,24.9,32.8,88
9/20/2022,Mymensingh,7,31.4,25.2,2.2,85
9/21/2022,Mymensingh,1,31.4,25,3.6,86
9/22/2022,Mymensingh,7,31.5,24.1,13.2,88
9/23/2022,Mymensingh,5,31.1,24.5,12,88
9/24/2022,Mymensingh,8,30.2,24.1,27.3,89
9/25/2022,Mymensingh,7,29.9,24.6,6.2,89
9/26/2022,Mymensingh,3,31.2,24.5,2.2,88
9/27/2022,Mymensingh,7,30.6,25,5.4,90
9/28/2022,Mymensingh,1,30.9,24.6,3.6,89
9/29/2022,Mymensingh,4,30.9,25,12.3,87
9/30/2022,Mymensingh,10,33.9,25.1,0,82
10/1/2022,Mymensingh,1,33.3,25.4,0,85
10/2/2022,Mymensingh,6,31.3,25.6,3.9,86
10/3/2022,Mymensingh,4,29.4,25.1,18.4,91
10/4/2022,Mymensingh,0,31.7,24.9,1.2,83
10/5/2022,Mymensingh,4,29.5,25.4,9.1,87
10/6/2022,Mymensingh,10,31.3,24,3.1,87
10/7/2022,Mymensingh,0,31.1,24.1,0.4,86
10/8/2022,Mymensingh,5,31.6,24.8,6.1,86
10/9/2022,Mymensingh,6,30.9,23.6,15.5,88
10/10/2022,Mymensingh,15,30.9,23.6,14.9,90
10/11/2022,Mymensingh,8,29.4,23.1,17.6,92
10/12/2022,Mymensingh,8,28.2,23.4,14,92
10/13/2022,Mymensingh,15,29.2,23,13.1,91
10/14/2022,Mymensingh,1,30.1,23.2,1.1,86
10/15/2022,Mymensingh,20,31.4,22.9,0,78
10/16/2022,Mymensingh,16,31.5,22.2,0,76
10/17/2022,Mymensingh,5,31.3,22.7,0,80
10/18/2022,Mymensingh,21,31,22.5,0.4,82
10/19/2022,Mymensingh,13,31.1,22.5,0,79
10/20/2022,Mymensingh,16,31.6,21.7,0.3,75
10/21/2022,Mymensingh,6,32.1,21.3,0,78
10/22/2022,Mymensingh,19,33,22.3,0,74
10/23/2022,Mymensingh,14,28.4,23.2,1.8,84
10/24/2022,Mymensingh,20,24.7,20.6,77.5,91
10/25/2022,Mymensingh,17,26.6,20.6,34.4,84
10/26/2022,Mymensingh,27,28.6,20,1.4,82
10/27/2022,Mymensingh,21,28.9,19.3,0,81
10/28/2022,Mymensingh,19,29.3,17.7,0,82
10/29/2022,Mymensingh,12,29.9,18.6,0,79
10/30/2022,Mymensingh,17,30.5,19.4,0,81
10/31/2022,Mymensingh,20,30.7,21.3,0,83
11/1/2022,Mymensingh,28,31.5,21.6,0,80
11/2/2022,Mymensingh,6,30.2,21.5,0,79
11/3/2022,Mymensingh,21,28.6,19.9,0,80
11/4/2022,Mymensingh,9,28.7,18.2,0,79
11/5/2022,Mymensingh,13,29.5,19.2,0.2,79
11/6/2022,Mymensingh,20,29.4,20.1,0.2,79
11/7/2022,Mymensingh,25,29.3,20.6,0,78
11/8/2022,Mymensingh,14,29.1,19,0,78
11/9/2022,Mymensingh,14,29.7,18.6,0,78
11/10/2022,Mymensingh,14,29.2,18.8,0,76
11/11/2022,Mymensingh,9,29,18.3,0,75
11/12/2022,Mymensingh,18,28.3,17.9,0,78
11/13/2022,Mymensingh,27,27.8,17.3,0,78
11/14/2022,Mymensingh,13,28.1,16.9,0,78
11/15/2022,Mymensingh,9,27.9,16.9,0,79
11/16/2022,Mymensingh,16,27.9,17,0,79
11/17/2022,Mymensingh,14,27.8,16.5,0,74
11/18/2022,Mymensingh,14,28,16.7,0,74
11/19/2022,Mymensingh,10,28.9,15.1,0,76
11/20/2022,Mymensingh,9,29.4,15.3,0,73
11/21/2022,Mymensingh,13,27.9,17.3,0,74
11/22/2022,Mymensingh,13,27.5,15.7,0,75
11/23/2022,Mymensingh,7,28,16,0,75
11/24/2022,Mymensingh,4,28,16.3,0,76
11/25/2022,Mymensingh,8,29,15.8,0,79
11/26/2022,Mymensingh,7,28,15.7,0,76
11/27/2022,Mymensingh,6,27.8,15,0,74
11/28/2022,Mymensingh,9,28.1,15.4,0,74
11/29/2022,Mymensingh,8,28.5,15.2,0,75
11/30/2022,Mymensingh,9,29,16.5,0,74
12/1/2022,Mymensingh,7,28.4,16,0,77
12/2/2022,Mymensingh,3,28.4,17,0,74
12/3/2022,Mymensingh,5,27.3,15.8,0,71
12/4/2022,Mymensingh,9,27.3,15.5,0,75
12/5/2022,Mymensingh,5,27.8,14.9,0,76
12/6/2022,Mymensingh,2,27.2,16.2,0,76
12/7/2022,Mymensingh,8,27,15.9,0,73
12/8/2022,Mymensingh,4,27,14.1,0,76
12/9/2022,Mymensingh,1,26.7,13.9,0,73
12/10/2022,Mymensingh,3,26.3,13.4,0,74
12/11/2022,Mymensingh,4,26.5,14.7,0,77
12/12/2022,Mymensingh,1,26.2,14.4,0,75
12/13/2022,Mymensingh,3,25.9,14.6,0,75
12/14/2022,Mymensingh,5,26.2,16,0,76
12/15/2022,Mymensingh,1,25.7,14.6,0,76
12/16/2022,Mymensingh,1,25.6,14.6,0,78
12/17/2022,Mymensingh,0,26.2,15.1,0,80
12/18/2022,Mymensingh,1,26.8,13.6,0,78
12/19/2022,Mymensingh,1,25.7,13,0,77
12/20/2022,Mymensingh,2,25.8,14,0,77
12/21/2022,Mymensingh,2,25.8,15,0,80
12/22/2022,Mymensingh,0,25.4,15.6,0,80
12/23/2022,Mymensingh,3,24.7,13.9,0,79
12/24/2022,Mymensingh,3,25.2,13.8,0,79
12/25/2022,Mymensingh,3,25.5,14.1,0,74
12/26/2022,Mymensingh,1,24.8,16,1.4,80
12/27/2022,Mymensingh,1,24.2,15.7,0.7,85
12/28/2022,Mymensingh,0,23.2,13.7,0.1,85
12/29/2022,Mymensingh,1,21.8,11.2,0,82
12/30/2022,Mymensingh,0,22.2,10.7,0,82
12/31/2022,Mymensingh,1,22.5,11.2,0,79
1/1/2023,Mymensingh,3,23.1,11,0,84
1/2/2023,Mymensingh,1,23.5,11.3,0,84
1/3/2023,Mymensingh,0,23.3,11.5,0,86
1/4/2023,Mymensingh,0,23,13,0,85
1/5/2023,Mymensingh,0,22.6,12.4,0,84
1/6/2023,Mymensingh,0,23.3,11.9,0,84
1/7/2023,Mymensingh,0,23.6,11.2,0,86
1/8/2023,Mymensingh,0,24.5,12.1,0,86
1/9/2023,Mymensingh,0,24.9,12.5,0,86
1/10/2023,Mymensingh,0,24.5,13.2,0,82
1/11/2023,Mymensingh,0,23.4,11.8,0,80
1/12/2023,Mymensingh,0,22.5,10.6,0,81
1/13/2023,Mymensingh,0,23.5,11.3,0,77
1/14/2023,Mymensingh,0,24.4,12.2,0.2,80
1/15/2023,Mymensingh,0,24.2,13.7,0,77
1/16/2023,Mymensingh,0,22.4,13.5,0,77
1/17/2023,Mymensingh,0,21.7,11.1,0,78
1/18/2023,Mymensingh,0,21.4,8.3,0,74
1/19/2023,Mymensingh,0,21.4,7.7,0,77
1/20/2023,Mymensingh,0,22.5,9.7,0,81
1/21/2023,Mymensingh,0,23.2,9.9,0,77
1/22/2023,Mymensingh,0,24.3,10.5,0,79
1/23/2023,Mymensingh,0,25,12.2,0,78
1/24/2023,Mymensingh,0,25.7,13,0,79
1/25/2023,Mymensingh,0,25.6,12.9,0,77
1/26/2023,Mymensingh,0,26.3,13.8,0,80
1/27/2023,Mymensingh,0,25.9,14.2,0,84
1/28/2023,Mymensingh,0,26,14.8,0,84
1/29/2023,Mymensingh,0,26.1,14.6,0,83
1/30/2023,Mymensingh,0,26.8,14.2,0,82
1/31/2023,Mymensingh,0,26.8,14.7,0,76
2/1/2023,Mymensingh,0,25.8,17.7,0,77
2/2/2023,Mymensingh,0,24.6,13.8,0,75
2/3/2023,Mymensingh,0,25.8,13.9,0,76
2/4/2023,Mymensingh,0,25.4,14.2,0,76
2/5/2023,Mymensingh,0,24.2,12.8,0,79
2/6/2023,Mymensingh,0,25.1,11.6,0,75
2/7/2023,Mymensingh,0,26.6,12.9,0,71
2/8/2023,Mymensingh,0,27.2,15.3,0.4,76
2/9/2023,Mymensingh,0,26.8,15.1,0.1,79
2/10/2023,Mymensingh,0,26.3,13.8,0,76
2/11/2023,Mymensingh,0,27.3,14,0,73
2/12/2023,Mymensingh,0,28.3,15.8,0,72
2/13/2023,Mymensingh,0,25.7,14.9,0,44
2/14/2023,Mymensingh,0,25.3,10.8,0,58
2/15/2023,Mymensingh,0,25.7,12.9,0,67
2/16/2023,Mymensingh,0,26.7,12.2,0,63
2/17/2023,Mymensingh,0,27.8,14.1,0,63
2/18/2023,Mymensingh,0,28.8,15.4,0,65
2/19/2023,Mymensingh,0,28.6,16,0,69
2/20/2023,Mymensingh,0,29,17.7,0,71
2/21/2023,Mymensingh,0,28.7,18.6,1.8,76
2/22/2023,Mymensingh,0,31.1,19.1,1,76
2/23/2023,Mymensingh,0,31.6,19.2,0,68
2/24/2023,Mymensingh,0,29.6,17.4,1.4,82
2/25/2023,Mymensingh,0,30.4,16.5,0,66
2/26/2023,Mymensingh,0,29.8,14.9,0,58
2/27/2023,Mymensingh,1,30.2,15.5,0,65
2/28/2023,Mymensingh,0,30.1,16.8,0,59
3/1/2023,Mymensingh,0,30.5,15.9,0,58
3/2/2023,Mymensingh,0,31,17.6,0,62
3/3/2023,Mymensingh,1,30.9,17.6,0,62
3/4/2023,Mymensingh,0,31.4,17.4,0,64
3/5/2023,Mymensingh,0,31.5,18.3,0,63
3/6/2023,Mymensingh,0,31.7,19.2,0,59
3/7/2023,Mymensingh,0,31.1,16.9,0,52
3/8/2023,Mymensingh,0,31,16.3,0,56
3/9/2023,Mymensingh,0,31.7,18.6,0,60
3/10/2023,Mymensingh,0,31.2,18.5,0,56
3/11/2023,Mymensingh,0,31.7,18.6,0,55
3/12/2023,Mymensingh,0,32.8,19.5,0,49
3/13/2023,Mymensingh,0,33.1,18,0,53
3/14/2023,Mymensingh,0,31.9,18.8,0.6,68
3/15/2023,Mymensingh,0,29.5,19.3,7.2,82
3/16/2023,Mymensingh,0,28.1,18,4.4,84
3/17/2023,Mymensingh,0,28.7,17,1.1,81
3/18/2023,Mymensingh,0,28,18.5,0.6,76
3/19/2023,Mymensingh,0,25.6,19.3,19.1,85
3/20/2023,Mymensingh,0,26,18.4,9.9,88
3/21/2023,Mymensingh,0,25.4,17.1,0.4,88
3/22/2023,Mymensingh,0,27.1,17.9,2.7,83
3/23/2023,Mymensingh,0,28.9,18.3,0.5,79
3/24/2023,Mymensingh,0,29.1,18.5,0.1,84
3/25/2023,Mymensingh,0,29.8,18,0.1,79
3/26/2023,Mymensingh,0,31.7,19.6,4.4,83
3/27/2023,Mymensingh,0,30.3,21.3,3.5,78
3/28/2023,Mymensingh,0,31.4,19.7,0,75
3/29/2023,Mymensingh,0,30.5,20.5,1.7,77
3/30/2023,Mymensingh,0,28.6,20.4,4.8,87
3/31/2023,Mymensingh,0,29.6,19.2,12.1,85
4/1/2023,Mymensingh,0,27.7,20.3,6.9,83
4/2/2023,Mymensingh,0,27.5,18.6,4,85
4/3/2023,Mymensingh,0,30.1,18.7,0.3,78
4/4/2023,Mymensingh,0,33,19.4,0,77
4/5/2023,Mymensingh,0,32.9,20.4,0,78
4/6/2023,Mymensingh,0,33.1,20.7,0.1,75
4/7/2023,Mymensingh,0,34.5,19.6,0,71
4/8/2023,Mymensingh,0,34.8,19.9,0,64
4/9/2023,Mymensingh,0,35.3,21.1,0,60
4/10/2023,Mymensingh,0,36.1,20.6,0,51
4/11/2023,Mymensingh,0,36.5,20.3,0,47
4/12/2023,Mymensingh,0,36.6,20.2,0,50
4/13/2023,Mymensingh,0,37.4,20.6,0,54
4/14/2023,Mymensingh,0,38.4,22.3,0,59
4/15/2023,Mymensingh,0,36.9,23.5,0,61
4/16/2023,Mymensingh,0,38.6,24.5,0.1,57
4/17/2023,Mymensingh,1,37.7,24.6,0,63
4/18/2023,Mymensingh,0,37.9,24.5,4.7,75
4/19/2023,Mymensingh,0,37.7,25.9,0.1,70
4/20/2023,Mymensingh,0,38.2,25.5,2.3,66
4/21/2023,Mymensingh,0,30.4,21.5,12,80
4/22/2023,Mymensingh,0,32.9,22.2,1.2,78
4/23/2023,Mymensingh,0,29.5,21.8,6,77
4/24/2023,Mymensingh,0,32.4,19.6,0,67
4/25/2023,Mymensingh,0,33.6,21,0,62
4/26/2023,Mymensingh,0,34.3,22.2,0.1,58
4/27/2023,Mymensingh,0,35.8,22.9,0.5,64
4/28/2023,Mymensingh,0,33.5,21.4,0,68
4/29/2023,Mymensingh,0,34.8,23,11.5,71
4/30/2023,Mymensingh,0,32,22.3,11.9,77
5/1/2023,Mymensingh,0,31.2,22.5,1.9,78
5/2/2023,Mymensingh,1,32.2,23.3,0.1,74
5/3/2023,Mymensingh,1,31.4,22.5,11.2,77
5/4/2023,Mymensingh,1,31.1,22.7,21.4,83
5/5/2023,Mymensingh,0,29.9,22.1,6.4,86
5/6/2023,Mymensingh,0,34,22.5,0,69
5/7/2023,Mymensingh,0,36,23,0,67
5/8/2023,Mymensingh,0,38.1,23.1,0,54
5/9/2023,Mymensingh,1,39.1,23.8,0,46
5/10/2023,Mymensingh,1,38.3,26.1,0,61
5/11/2023,Mymensingh,0,37.5,24.3,0.1,68
5/12/2023,Mymensingh,0,35.9,24.4,1.2,69
5/13/2023,Mymensingh,0,37.2,24.4,0,61
5/14/2023,Mymensingh,0,33.6,24.2,0,58
5/15/2023,Mymensingh,0,33.7,22.7,3.3,58
5/16/2023,Mymensingh,0,37.1,22.4,21.6,71
5/17/2023,Mymensingh,0,28.4,21.5,16.4,88
5/18/2023,Mymensingh,0,30.4,21.6,12.6,84
5/19/2023,Mymensingh,0,29.8,22.3,18,87
5/20/2023,Mymensingh,0,33.1,21.8,21.5,84
5/21/2023,Mymensingh,0,31.9,21.7,10.7,87
5/22/2023,Mymensingh,1,32.4,22.4,4.6,83
5/23/2023,Mymensingh,1,30.9,22.3,35.6,86
5/24/2023,Mymensingh,0,30.7,23,1.4,81
5/25/2023,Mymensingh,2,33,22.6,4.1,78
5/26/2023,Mymensingh,0,32.3,23.5,0.6,77
5/27/2023,Mymensingh,0,30.6,23.1,16.1,86
5/28/2023,Mymensingh,0,31.8,22.4,0.3,81
5/29/2023,Mymensingh,0,33.7,23.2,0,74
5/30/2023,Mymensingh,1,34.6,24.4,0,71
5/31/2023,Mymensingh,0,35.5,25.1,0,69
6/1/2023,Mymensingh,0,35.2,27.4,3.3,73
6/2/2023,Mymensingh,1,37.5,26.3,0,67
6/3/2023,Mymensingh,0,35.2,26.2,9.4,78
6/4/2023,Mymensingh,1,33.8,26.3,13.8,79
6/5/2023,Mymensingh,1,35.9,26.1,0.2,73
6/6/2023,Mymensingh,0,37.2,26.7,0,67
6/7/2023,Mymensingh,0,36.4,27.3,5.9,72
6/8/2023,Mymensingh,0,35.2,27.1,2,76
6/9/2023,Mymensingh,1,33.3,25.7,4.6,85
6/10/2023,Mymensingh,0,33.7,25.8,15.8,83
6/11/2023,Mymensingh,2,32.2,25.2,7.4,82
6/12/2023,Mymensingh,1,32.4,24.8,7.6,86
6/13/2023,Mymensingh,2,33.3,25.5,5.5,84
6/14/2023,Mymensingh,1,35.2,23.8,40.3,89
6/15/2023,Mymensingh,3,29.3,24.5,60.3,90
6/16/2023,Mymensingh,5,31.3,25.5,43.8,91
6/17/2023,Mymensingh,3,31.4,25.7,36,90
6/18/2023,Mymensingh,9,31.7,25.8,3.6,87
6/19/2023,Mymensingh,7,28.2,25.4,9,92
6/20/2023,Mymensingh,3,31.3,24,11,88
6/21/2023,Mymensingh,0,32.6,25.5,11.2,90
6/22/2023,Mymensingh,3,31.6,24.4,30.3,89
6/23/2023,Mymensingh,0,32,25.1,1.5,84
6/24/2023,Mymensingh,7,33,26.3,1,79
6/25/2023,Mymensingh,9,32.8,25.8,1.9,80
6/26/2023,Mymensingh,12,32.3,26.3,5.7,80
6/27/2023,Mymensingh,0,28.5,25.3,15.8,90
6/28/2023,Mymensingh,2,29.9,24.7,19.8,91
6/29/2023,Mymensingh,1,29.8,24.6,46.6,93
6/30/2023,Mymensingh,1,29.2,24.7,57.3,93
7/1/2023,Mymensingh,12,27.4,24.8,52.4,94
7/2/2023,Mymensingh,11,29.9,24.3,54.9,94
7/3/2023,Mymensingh,10,32.6,25.4,19.4,90
7/4/2023,Mymensingh,6,32.6,25.1,6.8,88
7/5/2023,Mymensingh,13,33,25.2,8.9,84
7/6/2023,Mymensingh,7,30.8,26.1,12.5,85
7/7/2023,Mymensingh,9,31.4,25.2,18.7,85
7/8/2023,Mymensingh,7,32.9,26.1,4,83
7/9/2023,Mymensingh,11,32.2,26,12.8,83
7/10/2023,Mymensingh,17,30.3,25.6,40.5,90
7/11/2023,Mymensingh,15,33.2,26.1,6.8,84
7/12/2023,Mymensingh,16,31.9,26.2,4.4,83
7/13/2023,Mymensingh,19,30.9,25.5,22.5,88
7/14/2023,Mymensingh,24,32,25.7,8,85
7/15/2023,Mymensingh,19,32.3,26.4,4.6,81
7/16/2023,Mymensingh,46,31.3,26.3,1.1,81
7/17/2023,Mymensingh,32,31.7,26,0.9,81
7/18/2023,Mymensingh,41,34.3,25.6,0,78
7/19/2023,Mymensingh,44,34.7,26.7,0.4,74
7/20/2023,Mymensingh,52,34.7,26.7,0,74
7/21/2023,Mymensingh,52,33.6,26.4,24.6,83
7/22/2023,Mymensingh,47,34.3,26.3,3.1,78
7/23/2023,Mymensingh,44,33.6,27.3,0,79
7/24/2023,Mymensingh,69,34.1,25.8,1.9,79
7/25/2023,Mymensingh,48,34.2,25.7,1.7,80
7/26/2023,Mymensingh,93,32.4,25.5,9,83
7/27/2023,Mymensingh,93,32.1,26.5,11.3,84
7/28/2023,Mymensingh,73,32,26.3,4.8,85
7/29/2023,Mymensingh,93,32.6,25.5,9.2,86
7/30/2023,Mymensingh,62,34.2,26.3,0.8,80
7/31/2023,Mymensingh,88,34.1,27.5,8.4,83
8/1/2023,Mymensingh,79,36.4,26.9,6.7,76
8/2/2023,Mymensingh,69,32,27.2,4.5,78
8/3/2023,Mymensingh,95,31.7,26.6,9.4,85
8/4/2023,Mymensingh,78,32.4,26.3,3.6,87
8/5/2023,Mymensingh,80,33,26.4,21.4,86
8/6/2023,Mymensingh,73,30.4,25.5,50.1,91
8/7/2023,Mymensingh,105,28.4,25.5,29.6,94
8/8/2023,Mymensingh,89,28.9,25.4,117.1,94
8/9/2023,Mymensingh,102,32,25.4,4.3,86
8/10/2023,Mymensingh,82,32.3,25.6,5.5,87
8/11/2023,Mymensingh,97,32.8,26,3.5,85
8/12/2023,Mymensingh,76,32.3,26.3,27.8,91
8/13/2023,Mymensingh,83,30.9,25.6,21.6,92
8/14/2023,Mymensingh,82,32.6,25.3,1.1,86
8/15/2023,Mymensingh,68,33.2,25.8,10.6,84
8/16/2023,Mymensingh,73,32.7,25.6,8.4,86
8/17/2023,Mymensingh,81,34.5,26.2,4,84
8/18/2023,Mymensingh,55,33.5,25.6,9.8,81
8/19/2023,Mymensingh,61,32.7,26.4,2,80
8/20/2023,Mymensingh,57,32.6,26.6,1.4,81
8/21/2023,Mymensingh,63,32.9,26.6,0.3,80
8/22/2023,Mymensingh,59,30.2,25.2,5.1,87
8/23/2023,Mymensingh,58,29.3,24.7,29.9,94
8/24/2023,Mymensingh,61,29.5,24.9,14.2,91
8/25/2023,Mymensingh,59,31,24.7,37.4,91
8/26/2023,Mymensingh,46,31.3,25.3,26.6,89
8/27/2023,Mymensingh,68,32.5,25.1,38.1,89
8/28/2023,Mymensingh,62,32,24.4,6.1,88
8/29/2023,Mymensingh,74,33.4,23.8,3.7,82
8/30/2023,Mymensingh,65,34.7,25.1,0,77
8/31/2023,Mymensingh,73,34.1,26.1,0.3,76
9/1/2023,Mymensingh,56,33.1,26.3,3.2,86
9/2/2023,Mymensingh,56,32.1,26.6,8.3,88
9/3/2023,Mymensingh,69,33.9,26.3,4.3,85
9/4/2023,Mymensingh,91,33.4,25.6,14.1,84
9/5/2023,Mymensingh,64,36,27.1,0.1,78
9/6/2023,Mymensingh,75,33.8,26.8,5.3,83
9/7/2023,Mymensingh,87,31.7,25.3,44.6,89
9/8/2023,Mymensingh,89,30.1,25.6,9.9,89
9/9/2023,Mymensingh,70,32.2,24.2,18.2,86
9/10/2023,Mymensingh,81,33.4,26.1,3.7,82
9/11/2023,Mymensingh,81,33.4,27,3.2,85
9/12/2023,Mymensingh,75,31.4,25.5,22,91
9/13/2023,Mymensingh,90,31.6,25.2,8,87
9/14/2023,Mymensingh,70,32.6,26.2,1.7,82
9/15/2023,Mymensingh,80,32.4,26.1,1,82
9/16/2023,Mymensingh,60,33.4,25.1,0,80
9/17/2023,Mymensingh,98,34.3,26.2,0.3,79
9/18/2023,Mymensingh,93,31.7,25.9,1.2,84
9/19/2023,Mymensingh,65,30.6,25.5,27.2,89
9/20/2023,Mymensingh,75,30.9,25,33,90
9/21/2023,Mymensingh,64,29.5,24.7,19.1,92
9/22/2023,Mymensingh,67,28.8,24.3,29.8,92
9/23/2023,Mymensingh,49,30.9,24.2,27.1,92
9/24/2023,Mymensingh,50,31.9,24.4,14.8,90
9/25/2023,Mymensingh,68,30.6,24.9,9.9,90
9/26/2023,Mymensingh,76,32.3,25.1,2.5,85
9/27/2023,Mymensingh,70,32.8,25.6,0.2,83
9/28/2023,Mymensingh,57,34.6,26.3,0,79
9/29/2023,Mymensingh,41,35,26.5,0.3,82
9/30/2023,Mymensingh,45,30.6,25.9,12.5,88
10/1/2023,Mymensingh,65,32.1,25.9,6.6,85
10/2/2023,Mymensingh,57,31.8,24.9,7.6,88
10/3/2023,Mymensingh,52,31,25,9.7,88
10/4/2023,Mymensingh,43,27,24.9,19.3,94
10/5/2023,Mymensingh,55,27.1,24,89.2,95
10/6/2023,Mymensingh,23,27,24.2,125.3,94
10/7/2023,Mymensingh,54,29.1,23.7,11.2,91
10/8/2023,Mymensingh,52,29.7,24.1,6.3,91
10/9/2023,Mymensingh,44,29.7,23.3,7.3,92
10/10/2023,Mymensingh,45,30.7,23.4,0.6,87
10/11/2023,Mymensingh,56,31.6,24.5,0.6,86
10/12/2023,Mymensingh,54,31.2,23.6,1,87
10/13/2023,Mymensingh,33,30.7,23.3,1.1,86
10/14/2023,Mymensingh,33,31.1,22,0,80
10/15/2023,Mymensingh,54,30.7,21.7,0,79
10/16/2023,Mymensingh,39,31,21.5,0,77
10/17/2023,Mymensingh,42,31,21.3,0,79
10/18/2023,Mymensingh,52,30.7,21.5,0,80
10/19/2023,Mymensingh,57,30.4,21.6,0,80
10/20/2023,Mymensingh,46,30.8,21,0,78
10/21/2023,Mymensingh,31,31.2,20.1,0,80
10/22/2023,Mymensingh,56,31.8,19.9,0,77
10/23/2023,Mymensingh,57,30.8,22.7,10.3,83
10/24/2023,Mymensingh,35,28.4,22.8,5.7,86
10/25/2023,Mymensingh,30,30.3,22,0,84
10/26/2023,Mymensingh,44,29.7,21.6,0.1,84
10/27/2023,Mymensingh,37,30.2,20.6,0,79
10/28/2023,Mymensingh,29,30.8,19.4,0,69
10/29/2023,Mymensingh,43,30.5,20.6,0,70
10/30/2023,Mymensingh,19,30.9,19.8,0,74
10/31/2023,Mymensingh,31,31.9,19.7,0,74
11/1/2023,Mymensingh,31,33,21.8,0,71
11/2/2023,Mymensingh,29,31.9,21.5,0,70
11/3/2023,Mymensingh,28,30.6,21,0,71
11/4/2023,Mymensingh,31,30.6,20,0,73
11/5/2023,Mymensingh,49,30.5,19.7,0,69
11/6/2023,Mymensingh,53,30.6,17.4,0,70
11/7/2023,Mymensingh,39,29.9,19.4,0,72
11/8/2023,Mymensingh,34,28.5,18.8,0.7,76
11/9/2023,Mymensingh,41,29.5,17.7,0,73
11/10/2023,Mymensingh,29,29.6,17.6,0,70
11/11/2023,Mymensingh,21,30,17.9,0,75
11/12/2023,Mymensingh,48,30,17.8,0,70
11/13/2023,Mymensingh,40,30.4,17.6,0,73
11/14/2023,Mymensingh,30,30.3,18.1,0,70
11/15/2023,Mymensingh,34,29.7,17.2,0,69
11/16/2023,Mymensingh,34,30.1,19.9,2.8,76
11/17/2023,Mymensingh,27,25.2,19.5,1.6,87
11/18/2023,Mymensingh,23,28.5,17.7,0,80
11/19/2023,Mymensingh,36,29.5,18.5,0,79
11/20/2023,Mymensingh,39,29.4,19.3,0,73
11/21/2023,Mymensingh,26,29.5,18.1,0,71
11/22/2023,Mymensingh,19,28.4,18.6,0,69
11/23/2023,Mymensingh,22,28.2,17.3,0,70
11/24/2023,Mymensingh,25,27.8,17.1,0,77
11/25/2023,Mymensingh,23,28.5,17.4,0,69
11/26/2023,Mymensingh,18,29.4,15.3,0,68
11/27/2023,Mymensingh,26,30,17,0,66
11/28/2023,Mymensingh,27,29.6,17.5,0,69
11/29/2023,Mymensingh,22,28.7,17.6,0,73
11/30/2023,Mymensingh,26,29.4,16.8,0,72
12/1/2023,Mymensingh,15,29,16.3,0,75
12/2/2023,Mymensingh,7,28.8,18.7,0,71
12/3/2023,Mymensingh,17,29.1,17.7,0,76
12/4/2023,Mymensingh,18,28.9,16.6,0,75
12/5/2023,Mymensingh,19,25.1,18.9,0,80
12/6/2023,Mymensingh,17,28,20.1,0,78
12/7/2023,Mymensingh,9,21.8,19.5,11.7,92
12/8/2023,Mymensingh,6,25.5,18.8,0.6,87
12/9/2023,Mymensingh,11,25.3,16.3,0.1,85
12/10/2023,Mymensingh,15,25.3,14.6,0,81
12/11/2023,Mymensingh,20,25.3,14,0,81
12/12/2023,Mymensingh,7,25.1,16,0,79
12/13/2023,Mymensingh,10,24.7,13.4,0,77
12/14/2023,Mymensingh,16,24.3,12.7,0,75
12/15/2023,Mymensingh,9,24.7,12.6,0,77
12/16/2023,Mymensingh,3,24.9,14,0,81
12/17/2023,Mymensingh,7,25.3,13.9,0,79
12/18/2023,Mymensingh,9,25.3,13.3,0,79
12/19/2023,Mymensingh,2,25.1,14.2,0,79
12/20/2023,Mymensingh,9,25.6,13.1,0,77
12/21/2023,Mymensingh,13,26.7,13.6,0,76
12/22/2023,Mymensingh,5,27.1,14.6,0,74
12/23/2023,Mymensingh,5,24,15.3,0,79
12/24/2023,Mymensingh,10,26,15.7,0,74
12/25/2023,Mymensingh,7,25.2,14.5,0,78
12/26/2023,Mymensingh,8,26.3,14.8,0,74
12/27/2023,Mymensingh,5,26.7,14.7,0,75
12/28/2023,Mymensingh,9,26.8,15,0,74
12/29/2023,Mymensingh,1,27.1,14.5,0,75
12/30/2023,Mymensingh,2,27.3,14.4,0,75
12/31/2023,Mymensingh,0,26.2,15.7,0,80
1/1/2024,Mymensingh,3,25.1,15.3,0,82
1/2/2024,Mymensingh,5,24,13.9,0,83
1/3/2024,Mymensingh,0,24.5,13.6,0,85
1/4/2024,Mymensingh,1,24.3,13.7,0,85
1/5/2024,Mymensingh,0,24.3,12.2,0,83
1/6/2024,Mymensingh,0,24.9,13,0,79
1/7/2024,Mymensingh,0,25,13.8,0,78
1/8/2024,Mymensingh,0,24.6,15.1,0,81
1/9/2024,Mymensingh,2,24.2,13.9,0,83
1/10/2024,Mymensingh,0,22.6,12.2,0,86
1/11/2024,Mymensingh,0,21.9,11.4,0,86
1/12/2024,Mymensingh,0,22.1,11.6,0,86
1/13/2024,Mymensingh,1,22.2,11.9,0,87
1/14/2024,Mymensingh,1,22.5,11.5,0,87
1/15/2024,Mymensingh,0,22.7,12.3,0,87
1/16/2024,Mymensingh,0,21.3,10.1,0.1,85
1/17/2024,Mymensingh,0,20.8,10,0,82
1/18/2024,Mymensingh,0,21.2,9.6,0,83
1/19/2024,Mymensingh,0,22.6,12.4,0,85
1/20/2024,Mymensingh,0,23.1,13.2,0,83
1/21/2024,Mymensingh,1,21.6,11.4,0,83
1/22/2024,Mymensingh,0,20.7,8.8,0,85
1/23/2024,Mymensingh,0,21.7,10.6,0,87
1/24/2024,Mymensingh,0,22,10.7,0,85
1/25/2024,Mymensingh,1,22.3,10.2,0,80
1/26/2024,Mymensingh,1,22.5,12.3,0,80
1/27/2024,Mymensingh,0,22.3,11.8,0,79
1/28/2024,Mymensingh,0,22.6,10.5,0,75
1/29/2024,Mymensingh,1,23.3,10.5,0,76
1/30/2024,Mymensingh,0,23.6,11.5,0,70
1/31/2024,Mymensingh,0,23.8,12.8,0.8,79
2/1/2024,Mymensingh,0,25.2,13.2,1.9,81
2/2/2024,Mymensingh,1,24.6,14.4,0.4,84
2/3/2024,Mymensingh,0,23.7,12.7,0,74
2/4/2024,Mymensingh,0,24.2,11,0,73
2/5/2024,Mymensingh,0,24.9,12.6,0,70
2/6/2024,Mymensingh,1,25.2,15.1,0.9,81
2/7/2024,Mymensingh,0,23.8,13.5,0.8,75
2/8/2024,Mymensingh,0,22.8,11.2,0,68
2/9/2024,Mymensingh,0,23.4,9.7,0,69
2/10/2024,Mymensingh,0,26,12.3,0,70
2/11/2024,Mymensingh,0,26.6,13.2,0,70
2/12/2024,Mymensingh,0,27.1,13.9,0,66
2/13/2024,Mymensingh,0,27.5,12.4,0,65
2/14/2024,Mymensingh,0,27.1,14.9,0,71
2/15/2024,Mymensingh,0,27.9,17.2,1,77
2/16/2024,Mymensingh,0,28.5,15.3,0,71
2/17/2024,Mymensingh,0,26.9,15.8,0,69
2/18/2024,Mymensingh,1,27.4,14.7,0,66
2/19/2024,Mymensingh,0,27.9,13.6,0,61
2/20/2024,Mymensingh,0,28.3,16.2,2,77
2/21/2024,Mymensingh,0,29.8,18.2,2.5,82
2/22/2024,Mymensingh,0,25,18.3,14.7,84
2/23/2024,Mymensingh,0,26.3,17,4.4,81
2/24/2024,Mymensingh,0,27.4,16.1,0,77
2/25/2024,Mymensingh,0,25,14.4,0.4,69
2/26/2024,Mymensingh,3,26.7,13,0,68
2/27/2024,Mymensingh,0,26.6,14.3,0,65
2/28/2024,Mymensingh,0,26.8,14.2,0,64
2/29/2024,Mymensingh,0,28.2,14,0,68
3/1/2024,Mymensingh,0,28.2,14.7,0,63
3/2/2024,Mymensingh,1,28.4,13.8,0,67
3/3/2024,Mymensingh,1,29.7,15.8,0,63
3/4/2024,Mymensingh,0,29.3,18.9,0.1,70
3/5/2024,Mymensingh,0,29.3,16.8,0.8,66
3/6/2024,Mymensingh,0,27.9,14.2,0,61
3/7/2024,Mymensingh,2,28,13.3,0,58
3/8/2024,Mymensingh,0,29.3,15.1,0,55
3/9/2024,Mymensingh,0,29,14.8,0,50
3/10/2024,Mymensingh,0,29.1,14.6,0,52
3/11/2024,Mymensingh,0,30.8,15.5,0,53
3/12/2024,Mymensingh,0,32.5,16.2,0,55
3/13/2024,Mymensingh,0,33,17.2,0,60
3/14/2024,Mymensingh,0,32,19.3,0.1,66
3/15/2024,Mymensingh,1,33.4,20.1,0,69
3/16/2024,Mymensingh,0,32.7,18.5,0,60
3/17/2024,Mymensingh,0,33.6,18.5,0,62
3/18/2024,Mymensingh,0,32.6,20.1,0,61
3/19/2024,Mymensingh,0,31.1,20.1,3.7,65
3/20/2024,Mymensingh,0,23,19.7,4,80
3/21/2024,Mymensingh,2,27.5,18.1,2.6,79
3/22/2024,Mymensingh,0,27.2,16.6,0.4,78
3/23/2024,Mymensingh,0,29.4,17,0.3,73
3/24/2024,Mymensingh,0,29.6,19,3.5,79
3/25/2024,Mymensingh,0,30.7,19.4,26.9,82
3/26/2024,Mymensingh,0,31.6,19.3,0,68
3/27/2024,Mymensingh,0,32.3,18.9,0.3,67
3/28/2024,Mymensingh,0,32.7,19.3,1,71
3/29/2024,Mymensingh,0,32.8,20.7,0.4,71
3/30/2024,Mymensingh,0,32.9,22.3,1.2,77
3/31/2024,Mymensingh,0,33.6,21.6,17,78
4/1/2024,Mymensingh,1,38,22.7,0,58
4/2/2024,Mymensingh,0,37.2,22.8,0,53
4/3/2024,Mymensingh,0,36.6,23.9,0,57
4/4/2024,Mymensingh,0,38.8,23.4,0,58
4/5/2024,Mymensingh,0,37.5,23.1,0.8,66
4/6/2024,Mymensingh,0,39.7,24.9,0,53
4/7/2024,Mymensingh,2,36,26.8,2.4,59
4/8/2024,Mymensingh,0,33,23.3,0,66
4/9/2024,Mymensingh,0,36.5,20.7,0,57
4/10/2024,Mymensingh,0,36.3,20.8,0,51
4/11/2024,Mymensingh,3,35,20.9,0.1,66
4/12/2024,Mymensingh,0,35.9,22.4,0,55
4/13/2024,Mymensingh,0,36.1,22.2,0,53
4/14/2024,Mymensingh,0,35.9,22,0.1,60
4/15/2024,Mymensingh,3,37.1,22.8,0.5,60
4/16/2024,Mymensingh,1,37.1,25.2,2.5,65
4/17/2024,Mymensingh,0,37,25.5,2.8,64
4/18/2024,Mymensingh,0,36.8,24.3,0,64
4/19/2024,Mymensingh,0,37.8,24.6,0.3,71
4/20/2024,Mymensingh,0,38.8,25.2,0,61
4/21/2024,Mymensingh,2,39.5,26,0,63
4/22/2024,Mymensingh,0,38.8,26.5,0.4,57
4/23/2024,Mymensingh,0,37.8,23.7,0,49
4/24/2024,Mymensingh,1,39.3,24.7,0,48
4/25/2024,Mymensingh,0,39.9,24.3,0,52
4/26/2024,Mymensingh,0,40.6,25.6,0,56
4/27/2024,Mymensingh,2,38.9,26,0.1,62
4/28/2024,Mymensingh,0,40.2,26.7,0.1,55
4/29/2024,Mymensingh,0,41,26.1,0,62
4/30/2024,Mymensingh,0,41.5,26.3,0,58
5/1/2024,Mymensingh,0,40.9,27.2,0,53
5/2/2024,Mymensingh,1,34.3,24.2,1.1,72
5/3/2024,Mymensingh,0,37.4,24,0,60
5/4/2024,Mymensingh,0,37.1,25,0.2,63
5/5/2024,Mymensingh,1,30.8,22.4,18.9,82
5/6/2024,Mymensingh,2,29.5,20.9,47.8,86
5/7/2024,Mymensingh,0,31.2,22,0.1,74
5/8/2024,Mymensingh,1,27,21,2.4,84
5/9/2024,Mymensingh,0,30.8,22.6,3.7,78
5/10/2024,Mymensingh,2,30.5,22.4,3.9,82
5/11/2024,Mymensingh,1,31.4,22,4.1,82
5/12/2024,Mymensingh,0,32.1,23.2,0.2,77
5/13/2024,Mymensingh,0,32.6,24.4,3.1,75
5/14/2024,Mymensingh,1,33.6,25.2,0,72
5/15/2024,Mymensingh,0,35.4,26.3,0,69
5/16/2024,Mymensingh,0,36.5,25.5,0,62
5/17/2024,Mymensingh,1,38.4,26.3,0,60
5/18/2024,Mymensingh,0,34.9,25.2,25.7,78
5/19/2024,Mymensingh,2,33,24.6,6.7,79
5/20/2024,Mymensingh,0,32.4,24.4,8.8,84
5/21/2024,Mymensingh,2,34.5,24.3,0.6,73
5/22/2024,Mymensingh,0,33.3,25.3,6.8,76
5/23/2024,Mymensingh,0,35.5,26,0,71
5/24/2024,Mymensingh,0,35.9,26.2,0,72
5/25/2024,Mymensingh,2,36.9,26.9,1.5,70
5/26/2024,Mymensingh,0,35.9,26.5,2.6,74
5/27/2024,Mymensingh,0,28,25.9,115.4,89
5/28/2024,Mymensingh,0,32.3,24,7.1,82
5/29/2024,Mymensingh,0,33.5,24.9,14.4,90
5/30/2024,Mymensingh,0,33.7,26.3,23.4,90
5/31/2024,Mymensingh,0,34.4,24.6,3.3,84
6/1/2024,Mymensingh,1,33.4,26.3,1,80
6/2/2024,Mymensingh,0,33.1,24.2,4.3,82
6/3/2024,Mymensingh,0,30.6,23.3,13.4,88
6/4/2024,Mymensingh,2,29,24.1,6.4,89
6/5/2024,Mymensingh,0,32.3,23.8,11.3,83
6/6/2024,Mymensingh,2,33.5,23.6,29.8,84
6/7/2024,Mymensingh,0,34.1,25.5,11.6,84
6/8/2024,Mymensingh,0,32.2,25.3,3.9,86
6/9/2024,Mymensingh,1,33.7,26.1,1.1,84
6/10/2024,Mymensingh,2,32.9,24.8,1.8,86
6/11/2024,Mymensingh,0,34.7,26.5,4.9,80
6/12/2024,Mymensingh,0,32.8,24.8,22.8,86
6/13/2024,Mymensingh,0,28.9,24.5,16.8,92
6/14/2024,Mymensingh,0,32.4,25.5,5.8,88
6/15/2024,Mymensingh,1,32.9,26.6,12.5,86
6/16/2024,Mymensingh,0,30.9,26.3,17.5,90
6/17/2024,Mymensingh,0,31.9,25.7,15,88
6/18/2024,Mymensingh,1,31.2,25.8,13.7,90
6/19/2024,Mymensingh,0,29.1,24.6,38.9,93
6/20/2024,Mymensingh,1,32.4,25.3,10.6,85
6/21/2024,Mymensingh,0,32.3,25.4,0.7,83
6/22/2024,Mymensingh,2,31.6,25.5,16.6,86
6/23/2024,Mymensingh,0,33.6,26.5,1.2,79
6/24/2024,Mymensingh,0,32.2,25.8,6.7,85
6/25/2024,Mymensingh,1,32.9,26.2,9.2,83
6/26/2024,Mymensingh,0,32.9,26.9,15.4,86
6/27/2024,Mymensingh,0,32.4,25.9,15.4,84
6/28/2024,Mymensingh,0,31.9,26.9,10.4,84
6/29/2024,Mymensingh,1,30.2,26.2,12.4,87
6/30/2024,Mymensingh,0,30.9,25.8,34,89
7/1/2024,Mymensingh,1,29.4,25.5,75.6,94
7/2/2024,Mymensingh,0,30.1,25.3,23,92
7/3/2024,Mymensingh,1,31.8,24.9,9.3,88
7/4/2024,Mymensingh,0,29.9,25.6,21.4,89
7/5/2024,Mymensingh,0,30.7,25.4,11.8,88
7/6/2024,Mymensingh,0,32.5,26.1,8.4,84
7/7/2024,Mymensingh,3,33.7,25.6,1.1,78
7/8/2024,Mymensingh,1,32.2,25.8,14.2,84
7/9/2024,Mymensingh,1,33.2,26,7.6,85
7/10/2024,Mymensingh,3,32.1,26.4,8.3,86
7/11/2024,Mymensingh,2,32.1,25.6,19.1,88
7/12/2024,Mymensingh,1,31.6,25.1,29,85
7/13/2024,Mymensingh,3,32.7,25.7,1.3,82
7/14/2024,Mymensingh,2,33.6,26.2,1.2,79
7/15/2024,Mymensingh,0,33.5,26.9,1.6,81
7/16/2024,Mymensingh,1,32.4,26.9,3.2,83
7/17/2024,Mymensingh,0,33.8,26.6,0.5,80
7/18/2024,Mymensingh,3,35.2,27.5,0.4,77
7/19/2024,Mymensingh,3,33.9,26.5,5.8,81
7/20/2024,Mymensingh,3,33.4,27.2,0.9,77
7/21/2024,Mymensingh,3,32.7,25.9,25.1,83
7/22/2024,Mymensingh,3,32.1,26.2,6.1,84
7/23/2024,Mymensingh,3,31.8,26.2,4.5,81
7/24/2024,Mymensingh,3,33.3,26.1,10.2,83
7/25/2024,Mymensingh,9,33.9,26.4,0.6,79
7/26/2024,Mymensingh,0,34.7,26.7,6.4,78
7/27/2024,Mymensingh,0,34.5,27.6,1.1,76
7/28/2024,Mymensingh,4,34.6,27.2,0.9,75
7/29/2024,Mymensingh,2,33.2,27.2,1.4,79
7/30/2024,Mymensingh,0,31.6,26.8,10.2,84
7/31/2024,Mymensingh,3,32.6,26.3,10,85
8/1/2024,Mymensingh,7,27.7,25.4,31.9,92
8/2/2024,Mymensingh,1,26.1,24.4,65.9,96
8/3/2024,Mymensingh,1,29.8,24.6,33.9,91
8/4/2024,Mymensingh,4,31.9,24.8,8.7,83
8/5/2024,Mymensingh,1,32.2,25.7,7.8,84
8/6/2024,Mymensingh,0,31.9,25.5,16.8,85
8/7/2024,Mymensingh,3,32.7,25.5,7.4,84
8/8/2024,Mymensingh,2,30.8,25.3,12.5,86
8/9/2024,Mymensingh,2,29.6,25.4,12.1,87
8/10/2024,Mymensingh,3,31.6,25.1,12.7,86
8/11/2024,Mymensingh,3,30.9,25,36.9,89
8/12/2024,Mymensingh,4,30.4,25.3,8.1,90
8/13/2024,Mymensingh,2,32.2,25.7,12.3,87
8/14/2024,Mymensingh,5,33.7,26,2.6,84
8/15/2024,Mymensingh,6,33.6,25.7,0.2,80
8/16/2024,Mymensingh,0,32.3,25.1,7.1,83
8/17/2024,Mymensingh,8,32.8,25.8,0.5,79
8/18/2024,Mymensingh,4,30.7,25.6,4.6,83
8/19/2024,Mymensingh,6,29.3,24.9,15.6,88
8/20/2024,Mymensingh,11,30.6,23.9,8.9,88
8/21/2024,Mymensingh,7,27.1,24.6,31.6,95
8/22/2024,Mymensingh,5,30.5,24.9,19.6,92
8/23/2024,Mymensingh,0,31.6,25.3,4.6,87
8/24/2024,Mymensingh,5,32.3,25.1,1.6,82
8/25/2024,Mymensingh,7,30.8,24.5,10.4,83
8/26/2024,Mymensingh,1,29.6,25.8,0.8,82
8/27/2024,Mymensingh,16,32.1,24.5,3.6,82
8/28/2024,Mymensingh,9,32.7,25,0.6,83
8/29/2024,Mymensingh,8,32.5,25.5,5,83
8/30/2024,Mymensingh,0,33.8,26.2,0.9,79
8/31/2024,Mymensingh,16,32.7,26.6,1,80
9/1/2024,Mymensingh,3,31.7,25,12.1,86
9/2/2024,Mymensingh,8,33.1,24.8,0.8,80
9/3/2024,Mymensingh,5,30.5,25.6,11.2,88
9/4/2024,Mymensingh,3,31.7,24.9,2.6,87
9/5/2024,Mymensingh,7,31.2,24.7,12.8,89
9/6/2024,Mymensingh,0,33.7,25.3,0.1,83
9/7/2024,Mymensingh,8,33,26.3,2.1,82
9/8/2024,Mymensingh,9,33.4,25.6,0.7,81
9/9/2024,Mymensingh,6,32.8,25.9,6.8,83
9/10/2024,Mymensingh,17,31.8,25.8,1.3,84
9/11/2024,Mymensingh,22,32.5,26.3,5.4,86
9/12/2024,Mymensingh,8,34.5,26.3,0.2,79
9/13/2024,Mymensingh,0,33.9,26.3,15.5,77
9/14/2024,Mymensingh,24,29,25.3,9.2,81
9/15/2024,Mymensingh,0,28,25,23.7,90
9/16/2024,Mymensingh,10,31.3,25.5,8.9,85
9/17/2024,Mymensingh,13,33,24.6,0,81
9/18/2024,Mymensingh,18,33.8,26.1,0,80
9/19/2024,Mymensingh,35,34.8,27.1,0,79
9/20/2024,Mymensingh,18,35.1,27.2,0,77
9/21/2024,Mymensingh,9,35.5,28,0,77
9/22/2024,Mymensingh,18,35,28.2,0,77
9/23/2024,Mymensingh,36,36.2,27.9,0.1,81
9/24/2024,Mymensingh,27,31.8,26.4,10.2,84
9/25/2024,Mymensingh,35,29.3,24.8,17.1,91
9/26/2024,Mymensingh,23,27.9,24.1,34.4,94
9/27/2024,Mymensingh,22,31.1,24.4,5,88
9/28/2024,Mymensingh,32,30.9,24.5,4.5,90
9/29/2024,Mymensingh,46,30.6,24.8,17.4,91
9/30/2024,Mymensingh,27,31.8,24.6,11.9,90
10/1/2024,Mymensingh,35,31,24.8,12.4,90
10/2/2024,Mymensingh,24,31.7,25,16.1,92
10/3/2024,Mymensingh,42,26.4,24.9,74,95
10/4/2024,Mymensingh,19,26.4,24.5,46.1,95
10/5/2024,Mymensingh,38,26.9,24.3,9.2,93
10/6/2024,Mymensingh,19,30.4,23.6,22.3,88
10/7/2024,Mymensingh,21,30.3,24,4.6,89
10/8/2024,Mymensingh,17,29.5,23.8,14.4,92
10/9/2024,Mymensingh,32,29.8,23.5,9.2,90
10/10/2024,Mymensingh,29,29.7,24.2,7.5,91
10/11/2024,Mymensingh,16,30.6,23.2,14.2,90
10/12/2024,Mymensingh,45,29.9,23.4,2.2,90
10/13/2024,Mymensingh,20,30.7,23.8,0.4,85
10/14/2024,Mymensingh,32,31,23.1,0,82
10/15/2024,Mymensingh,30,29.7,22.4,0.9,82
10/16/2024,Mymensingh,41,30.9,22.2,0,80
10/17/2024,Mymensingh,32,29.5,22.8,3.7,88
10/18/2024,Mymensingh,28,28.9,22.5,23.4,90
10/19/2024,Mymensingh,25,29.3,22.5,0.7,88
10/20/2024,Mymensingh,38,29.7,21.4,0,83
10/21/2024,Mymensingh,31,30,20.6,0,84
10/22/2024,Mymensingh,39,32.1,22.4,0,79
10/23/2024,Mymensingh,37,29.2,24,4.1,85
10/24/2024,Mymensingh,25,26,22.6,10.5,87
10/25/2024,Mymensingh,12,30.2,22.9,14.6,85
10/26/2024,Mymensingh,44,29.7,24.3,0.9,85
10/27/2024,Mymensingh,51,30.4,23.4,0,85
10/28/2024,Mymensingh,36,31,22.7,0,82
10/29/2024,Mymensingh,28,30.7,23.2,0.7,86
10/30/2024,Mymensingh,44,29.9,23.4,1.5,88
10/31/2024,Mymensingh,44,30,23.3,3.9,90
11/1/2024,Mymensingh,25,29.7,22.3,0.9,89
11/2/2024,Mymensingh,40,30.2,21.9,0,86
11/3/2024,Mymensingh,31,30.3,20.7,0,84
11/4/2024,Mymensingh,33,29.9,20,0,80
11/5/2024,Mymensingh,39,29.8,21.8,0.6,82
11/6/2024,Mymensingh,45,28.4,20.5,0,85
11/7/2024,Mymensingh,40,29.1,19.9,0,79
11/8/2024,Mymensingh,20,29.3,19.7,0,79
11/9/2024,Mymensingh,41,29.2,19.4,0,78
11/10/2024,Mymensingh,48,29.6,20.1,0,75
11/11/2024,Mymensingh,45,29.8,18.6,0,75
11/12/2024,Mymensingh,43,29.1,18.4,0,74
11/13/2024,Mymensingh,35,28.9,19.6,0,79
11/14/2024,Mymensingh,35,29.5,19,0,76
11/15/2024,Mymensingh,20,29,19.4,0,76
11/16/2024,Mymensingh,46,28.6,18.4,0,77
11/17/2024,Mymensingh,44,27.8,17.3,0,74
11/18/2024,Mymensingh,36,28,16.9,0,79
11/19/2024,Mymensingh,35,27.9,16.9,0,74
11/20/2024,Mymensingh,36,28.3,16.4,0,73
11/21/2024,Mymensingh,39,27.3,17.4,0,72
11/22/2024,Mymensingh,22,26.4,17,0.2,82
11/23/2024,Mymensingh,27,26.6,17.9,0.1,81
11/24/2024,Mymensingh,35,26.5,17.2,0.1,79
11/25/2024,Mymensingh,41,26.5,15.3,0,79
11/26/2024,Mymensingh,38,26,15.9,0.2,81
11/27/2024,Mymensingh,37,26.8,16,0,77
11/28/2024,Mymensingh,18,27.1,16,0,76
11/29/2024,Mymensingh,22,27.8,16.3,0,82
11/30/2024,Mymensingh,18,28.1,18.2,0,73
12/1/2024,Mymensingh,33,26.7,15.7,0,78
12/2/2024,Mymensingh,18,26.6,15.1,0,78
12/3/2024,Mymensingh,30,26.3,14.9,0,82
12/4/2024,Mymensingh,22,25.8,16.1,0,79
12/5/2024,Mymensingh,17,25.8,15.3,0,79
12/6/2024,Mymensingh,10,24.7,15,0,74
12/7/2024,Mymensingh,18,24.3,12.7,0,73
12/8/2024,Mymensingh,20,24.3,12.9,0,74
12/9/2024,Mymensingh,7,22.4,12.6,0,82
12/10/2024,Mymensingh,12,23.9,14.2,0,85
12/11/2024,Mymensingh,13,24.3,14.8,0,78
12/12/2024,Mymensingh,7,23.7,12.7,0,84
12/13/2024,Mymensingh,8,23.8,13.4,0,83
12/14/2024,Mymensingh,6,24.2,13.8,0,81
12/15/2024,Mymensingh,15,24.8,12.8,0,80
12/16/2024,Mymensingh,7,25.3,12,0,83
12/17/2024,Mymensingh,10,26.1,12.1,0,81
12/18/2024,Mymensingh,9,24.3,13,0,81
12/19/2024,Mymensingh,16,24.7,13.2,0,78
12/20/2024,Mymensingh,3,24.7,12.2,0,76
12/21/2024,Mymensingh,5,23.8,14.3,0,78
12/22/2024,Mymensingh,7,24.9,14.5,0,83
12/23/2024,Mymensingh,4,25.2,12.3,0,79
12/24/2024,Mymensingh,1,25.1,12.4,0,77
12/25/2024,Mymensingh,5,25.1,13.1,0,75
12/26/2024,Mymensingh,2,25.9,13.8,0,77
12/27/2024,Mymensingh,2,25.1,14,0,78
12/28/2024,Mymensingh,3,25.6,13.1,0,80
12/29/2024,Mymensingh,4,25.3,14.1,0,79
12/30/2024,Mymensingh,1,24.7,13.9,0,81
12/31/2024,Mymensingh,1,24.2,15,0,82
1/1/2025,Mymensingh,4,23.5,14.9,0,86
1/2/2025,Mymensingh,1,23.1,13.3,0,87
1/3/2025,Mymensingh,1,24.3,13.1,0,84
1/4/2025,Mymensingh,1,25.9,13.8,0,81
1/5/2025,Mymensingh,2,26.8,14,0,75
1/6/2025,Mymensingh,3,27.1,15.5,0,76
1/7/2025,Mymensingh,2,25.4,15.8,0.5,77
1/8/2025,Mymensingh,1,22.1,13.8,0.2,82
1/9/2025,Mymensingh,1,22.4,12.3,0,81
1/10/2025,Mymensingh,1,23.4,12,0,79
1/11/2025,Mymensingh,1,24.8,12.3,0,77
1/12/2025,Mymensingh,0,25.8,12.7,0,75
1/13/2025,Mymensingh,0,25.5,14.7,0,76
1/14/2025,Mymensingh,0,25.4,14.4,0,75
1/15/2025,Mymensingh,0,25.9,15.1,0,75
1/16/2025,Mymensingh,0,26.3,13.7,0,75
1/17/2025,Mymensingh,1,26,14.3,0,75
1/18/2025,Mymensingh,1,25.5,14.6,0,78
1/19/2025,Mymensingh,1,24.5,14,0,75
1/20/2025,Mymensingh,0,23.9,13.2,0,81
1/21/2025,Mymensingh,1,23.9,12.8,0,80
1/22/2025,Mymensingh,3,24.5,13.2,0,80
1/23/2025,Mymensingh,2,23.9,12.3,0,85
1/24/2025,Mymensingh,0,23.4,10.9,0,84
1/25/2025,Mymensingh,0,24.4,13.4,0,75
1/26/2025,Mymensingh,1,23.4,11.5,0,74
1/27/2025,Mymensingh,2,24,13.1,0,79
1/28/2025,Mymensingh,0,24.7,13.6,0.2,75
1/29/2025,Mymensingh,0,24.8,12.8,0,74
1/30/2025,Mymensingh,1,24.9,13.8,0.7,79
1/31/2025,Mymensingh,0,26.8,17.4,0.9,86
2/1/2025,Mymensingh,0,26.4,16.5,0,83
2/2/2025,Mymensingh,0,26.3,15.7,0.1,83
2/3/2025,Mymensingh,0,26.5,14.8,0,78
2/4/2025,Mymensingh,1,25.6,13.8,0,76
2/5/2025,Mymensingh,0,26.5,14.2,0,76
2/6/2025,Mymensingh,1,27.1,15,0,79
2/7/2025,Mymensingh,0,24.2,12.7,0,70
2/8/2025,Mymensingh,1,24,11.4,0,72
2/9/2025,Mymensingh,0,24.4,13,0,77
2/10/2025,Mymensingh,0,25.1,14,0,73
2/11/2025,Mymensingh,0,26.7,14,0,77
2/12/2025,Mymensingh,3,28.1,14.2,0,72
2/13/2025,Mymensingh,1,28.1,13.5,0.1,73
2/14/2025,Mymensingh,0,25.1,13.3,0,62
2/15/2025,Mymensingh,0,25.9,12.6,0,67
2/16/2025,Mymensingh,0,26.7,13.4,0,72
2/17/2025,Mymensingh,0,27.9,15.3,1.8,79
2/18/2025,Mymensingh,0,27.2,16.6,0.1,84
2/19/2025,Mymensingh,0,27.5,16.8,0,82
2/20/2025,Mymensingh,0,28.5,16.6,0,77
2/21/2025,Mymensingh,0,28.6,17.2,0,74
2/22/2025,Mymensingh,1,29.2,16.9,0.1,75
2/23/2025,Mymensingh,0,26.4,16.4,3.2,81
2/24/2025,Mymensingh,0,27.7,15.3,0,74
2/25/2025,Mymensingh,0,27.7,15.6,0,67
2/26/2025,Mymensingh,0,27.5,15.7,0,69
2/27/2025,Mymensingh,0,28.3,16.3,0,66
2/28/2025,Mymensingh,0,28.2,16.6,0,73
3/1/2025,Mymensingh,0,30.5,17.7,0.6,73
3/2/2025,Mymensingh,0,30.7,17.4,0,67
3/3/2025,Mymensingh,0,30.7,19,0,63
3/4/2025,Mymensingh,0,29.1,17.2,0,57
3/5/2025,Mymensingh,0,28.5,17.6,0,56
3/6/2025,Mymensingh,0,27.8,15.7,0,55
3/7/2025,Mymensingh,0,27.5,15.4,0,61
3/8/2025,Mymensingh,0,29.5,14.5,0,61
3/9/2025,Mymensingh,0,30.1,17.2,0,61
3/10/2025,Mymensingh,0,31.1,17.5,0,58
3/11/2025,Mymensingh,0,30.6,19.6,15.7,66
3/12/2025,Mymensingh,0,30.5,18.8,0,67
3/13/2025,Mymensingh,0,33.4,19.5,0,65
3/14/2025,Mymensingh,0,33.4,19.9,0,73
3/15/2025,Mymensingh,1,31.8,20.9,0.5,82
3/16/2025,Mymensingh,1,35.3,22.2,0.2,64
3/17/2025,Mymensingh,0,30.7,21.9,0.2,53
3/18/2025,Mymensingh,0,32.8,22.2,0,53
3/19/2025,Mymensingh,5,33.2,18.8,0,51
3/20/2025,Mymensingh,0,30.2,21,0,63
3/21/2025,Mymensingh,0,25.8,20.6,2.9,85
3/22/2025,Mymensingh,0,26.1,18.2,0,83
3/23/2025,Mymensingh,0,29.1,17.2,0,76
3/24/2025,Mymensingh,0,30.9,17.1,0,63
3/25/2025,Mymensingh,0,31.8,19.3,0,58
3/26/2025,Mymensingh,0,32.3,18.9,0,63
3/27/2025,Mymensingh,1,33.3,20.6,0,64
3/28/2025,Mymensingh,0,35.7,21.2,0,64
3/29/2025,Mymensingh,0,34.7,21.3,0,56
3/30/2025,Mymensingh,0,34.6,19.9,0,60
3/31/2025,Mymensingh,0,34.1,21.8,0.3,59
4/1/2025,Mymensingh,0,34.8,23.6,1,70
4/2/2025,Mymensingh,1,34.6,23.3,0.2,71
4/3/2025,Mymensingh,0,34.8,23.5,0,65
4/4/2025,Mymensingh,0,33.1,23.2,0,65
4/5/2025,Mymensingh,0,33.3,21.3,0,70
4/6/2025,Mymensingh,0,30.7,20.5,13.6,82
4/7/2025,Mymensingh,0,32.4,20.9,0,72
4/8/2025,Mymensingh,0,32.1,22.8,0,73
4/9/2025,Mymensingh,3,31.5,22.1,0,77
4/10/2025,Mymensingh,0,31.4,22.7,25.1,85
4/11/2025,Mymensingh,0,30.8,22,1,82
4/12/2025,Mymensingh,0,31.2,21.7,0.2,80
4/13/2025,Mymensingh,0,32.3,23.5,0,71
4/14/2025,Mymensingh,1,32.9,22.5,0.1,70
4/15/2025,Mymensingh,0,33.3,22.8,5.2,75
4/16/2025,Mymensingh,0,29.7,22.3,7.4,80
4/17/2025,Mymensingh,0,27.9,21,4.2,87
4/18/2025,Mymensingh,2,28.7,21.2,13.6,87
4/19/2025,Mymensingh,0,30,20.8,41.5,84
4/20/2025,Mymensingh,0,29.8,21.8,3.2,85
4/21/2025,Mymensingh,0,30,22.3,12.3,87
4/22/2025,Mymensingh,2,30.6,24.4,2.3,90
4/23/2025,Mymensingh,2,34.3,24.4,1.3,81
4/24/2025,Mymensingh,0,34.5,25.3,1,78
4/25/2025,Mymensingh,0,34.7,26.5,1.1,79
4/26/2025,Mymensingh,1,34.3,25.6,12.9,78
4/27/2025,Mymensingh,1,32.6,24.5,1.6,78
4/28/2025,Mymensingh,1,28.9,23,18.1,84
4/29/2025,Mymensingh,1,29.2,21.3,2.8,82
4/30/2025,Mymensingh,1,30.5,21.4,0,76
5/1/2025,Mymensingh,1,29.9,21.5,2.7,80
5/2/2025,Mymensingh,0,30.5,21.7,0.5,80
5/3/2025,Mymensingh,0,30.9,22.1,0,77
5/4/2025,Mymensingh,2,32,21.2,1.1,76
5/5/2025,Mymensingh,1,32.9,22.8,0,77
5/6/2025,Mymensingh,2,30.4,23.5,8.9,80
5/7/2025,Mymensingh,1,32.8,23.5,3.9,73
5/8/2025,Mymensingh,0,35.5,24.2,0.4,71
5/9/2025,Mymensingh,2,36.8,26.1,0.1,63
5/10/2025,Mymensingh,0,38.5,25.4,0.1,58
5/11/2025,Mymensingh,0,35.5,26.2,0.8,66
5/12/2025,Mymensingh,1,31.4,25.4,8.6,77
5/13/2025,Mymensingh,0,30.7,24.2,6.1,84
5/14/2025,Mymensingh,0,31.6,24.1,1.6,86
5/15/2025,Mymensingh,4,32.3,24,3.6,85
5/16/2025,Mymensingh,0,30.7,25.1,1.2,87
5/17/2025,Mymensingh,0,31.3,23.8,12.9,84
5/18/2025,Mymensingh,2,31,22.6,15.4,85
5/19/2025,Mymensingh,0,30.2,22.5,25.3,88
5/20/2025,Mymensingh,1,30,23.6,43.8,92
5/21/2025,Mymensingh,0,29.1,23.1,22.4,89
5/22/2025,Mymensingh,0,30.8,23.2,5.7,86
5/23/2025,Mymensingh,0,31.4,22.9,4.8,84
5/24/2025,Mymensingh,1,31.3,24.5,10.5,89
5/25/2025,Mymensingh,3,33.3,25,7.1,82
5/26/2025,Mymensingh,2,31.9,25.4,1.3,82
5/27/2025,Mymensingh,0,33.4,24.8,4.7,80
5/28/2025,Mymensingh,1,33,26.5,7.6,82
5/29/2025,Mymensingh,0,27.6,25.2,42.9,92
5/30/2025,Mymensingh,0,27.8,24.7,40.9,93
5/31/2025,Mymensingh,0,27,24.4,34.2,94
6/1/2025,Mymensingh,0,31.1,23.7,80.2,92
6/2/2025,Mymensingh,1,32.7,24.1,13.3,84
6/3/2025,Mymensingh,1,31.6,24,5.9,87
6/4/2025,Mymensingh,0,27.3,22.7,44.9,94
6/5/2025,Mymensingh,1,31.1,23.3,1,86
6/6/2025,Mymensingh,7,31.9,24.1,3.2,84
6/7/2025,Mymensingh,2,32.7,24.9,2.3,85
6/8/2025,Mymensingh,1,33.4,24.9,0,80
6/9/2025,Mymensingh,0,34.3,25.6,0.3,76
6/10/2025,Mymensingh,0,34.5,26.1,10.4,81
6/11/2025,Mymensingh,2,33.9,24.9,1.7,82
6/12/2025,Mymensingh,0,33.5,26.2,0.6,79
6/13/2025,Mymensingh,0,33.7,26.8,0.1,80
6/14/2025,Mymensingh,0,32.2,26.2,2.6,85
6/15/2025,Mymensingh,7,31.9,25.5,27.2,87
6/16/2025,Mymensingh,1,31.3,25.9,18.9,87
6/17/2025,Mymensingh,1,31.4,25.6,16,87
6/18/2025,Mymensingh,1,29.5,25.5,16.1,91
6/19/2025,Mymensingh,4,31.8,24.8,6.2,85
6/20/2025,Mymensingh,0,30.1,25.1,22.3,90
6/21/2025,Mymensingh,0,31.6,24.9,13.3,91
6/22/2025,Mymensingh,2,31.5,24.7,39.5,89
6/23/2025,Mymensingh,1,31.7,25.2,32.1,89
6/24/2025,Mymensingh,0,32.4,25.4,13,86
6/25/2025,Mymensingh,5,32.1,25.6,19.6,86
6/26/2025,Mymensingh,2,31.9,25.3,11.3,84
6/27/2025,Mymensingh,0,31.7,25.4,7.8,83
6/28/2025,Mymensingh,6,32.5,26.1,1.7,82
6/29/2025,Mymensingh,10,33.4,26.3,0.9,80
6/30/2025,Mymensingh,0,32.4,25.8,3.8,84
7/1/2025,Mymensingh,8,32.2,25.9,3.8,84
7/2/2025,Mymensingh,10,31.7,26.5,7.3,84
7/3/2025,Mymensingh,5,31.6,25.7,11.7,86
7/4/2025,Mymensingh,5,31.8,25.4,23,90
7/5/2025,Mymensingh,0,31.4,25.4,16.8,88
7/6/2025,Mymensingh,7,32,25.5,7.6,84
7/7/2025,Mymensingh,10,31.2,25.4,14,85
7/8/2025,Mymensingh,11,28.4,24.8,16.2,92
7/9/2025,Mymensingh,4,26.2,24.6,74.5,96
7/10/2025,Mymensingh,5,30.5,24.5,2.9,89
7/11/2025,Mymensingh,0,32.3,24.9,4.6,85
7/12/2025,Mymensingh,11,33.8,26,0.9,82
7/13/2025,Mymensingh,9,34.9,27.1,5.6,82
7/14/2025,Mymensingh,3,30.4,25.4,21.3,91
7/15/2025,Mymensingh,3,30.8,25.6,12.5,91
7/16/2025,Mymensingh,10,32.2,24.6,6,89
7/17/2025,Mymensingh,8,31.9,24.7,6.5,88
7/18/2025,Mymensingh,1,31.4,25.5,11.1,88
7/19/2025,Mymensingh,6,32.8,25.4,15.4,85
7/20/2025,Mymensingh,11,30.1,24.8,31.2,91
7/21/2025,Mymensingh,3,33.2,26.1,1.1,83
7/22/2025,Mymensingh,8,33.1,25.8,10.7,87
7/23/2025,Mymensingh,9,34.8,25.6,6.9,79
7/24/2025,Mymensingh,3,34.8,26.6,11.3,84
7/25/2025,Mymensingh,0,33.5,26.6,7.4,81
7/26/2025,Mymensingh,3,31.5,25.9,3.2,85
7/27/2025,Mymensingh,11,30.8,25,25.1,91
7/28/2025,Mymensingh,5,30.6,25.3,10.3,90
7/29/2025,Mymensingh,1,31.1,25.1,3.7,87
7/30/2025,Mymensingh,5,31.9,25.7,8.1,86
7/31/2025,Mymensingh,4,30.1,25.4,6.9,89
8/1/2025,Mymensingh,0,31.9,25.5,4.2,87
8/2/2025,Mymensingh,8,31.8,25.6,11.6,90
8/3/2025,Mymensingh,3,31.6,24.9,38.7,91
8/4/2025,Mymensingh,6,29.4,24.5,47,94
8/5/2025,Mymensingh,11,31.2,24,36.4,90
8/6/2025,Mymensingh,14,31.3,24.8,30.5,91
8/7/2025,Mymensingh,19,30.1,25.5,8.9,92
8/8/2025,Mymensingh,3,30.1,25.3,9.7,89
8/9/2025,Mymensingh,6,30.1,25.1,6.9,87
8/10/2025,Mymensingh,8,32.1,25.3,6,86
8/11/2025,Mymensingh,8,32.5,25.4,2.1,83
8/12/2025,Mymensingh,7,31.7,26.2,1.4,88
8/13/2025,Mymensingh,12,29.1,25.2,14,93
8/14/2025,Mymensingh,6,31.1,24.8,12,90
8/15/2025,Mymensingh,4,32.4,25.2,1.1,87
8/16/2025,Mymensingh,5,32.7,25.5,8.2,85
8/17/2025,Mymensingh,8,33.3,25.7,7,84
8/18/2025,Mymensingh,7,32.5,25,20.6,84
8/19/2025,Mymensingh,15,31.5,25.5,14.4,86
8/20/2025,Mymensingh,8,30.2,24.5,18.2,88
8/21/2025,Mymensingh,2,29.7,24.6,16.1,90
8/22/2025,Mymensingh,4,30.5,24.5,19.6,90
8/23/2025,Mymensingh,3,30.9,25.4,6.5,85
8/24/2025,Mymensingh,12,30.9,25.2,15.9,88
8/25/2025,Mymensingh,4,32.4,24.9,0.5,84
8/26/2025,Mymensingh,11,32.9,26,2.4,85
8/27/2025,Mymensingh,7,32.3,25.5,19.8,86
8/28/2025,Mymensingh,30,31.1,25,14.6,89
8/29/2025,Mymensingh,0,30.3,25.2,20.9,90
8/30/2025,Mymensingh,3,31.4,25.3,22.1,90
8/31/2025,Mymensingh,16,32.4,25.4,11.4,89
9/1/2025,Mymensingh,14,35.1,25.7,0,81
9/2/2025,Mymensingh,10,32.5,26.2,11.1,82
9/3/2025,Mymensingh,24,32.9,25.5,11.2,82
9/4/2025,Mymensingh,10,32.1,25.5,5.3,86
9/5/2025,Mymensingh,0,32.5,25.7,3.8,87
9/6/2025,Mymensingh,20,32.5,25.2,6.5,88
9/7/2025,Mymensingh,17,31.2,25.8,8.5,89
9/8/2025,Mymensingh,14,32,25.2,9.6,87
9/9/2025,Mymensingh,0,32.6,25.8,5.7,87
9/10/2025,Mymensingh,15,32.3,24.7,39.2,89
9/11/2025,Mymensingh,12,31,24.8,10.2,91
9/12/2025,Mymensingh,12,29.8,24.7,21.8,93
9/13/2025,Mymensingh,9,30,24.5,29.9,93
9/14/2025,Mymensingh,21,28.7,24.6,29.8,94
9/15/2025,Mymensingh,6,29.1,24.5,6.9,92
9/16/2025,Mymensingh,19,29.2,24.2,10.8,92
9/17/2025,Mymensingh,19,29.9,24.2,7.2,91
9/18/2025,Mymensingh,12,29.7,24.3,14,92
9/19/2025,Mymensingh,9,31.2,24.6,13.5,92
9/20/2025,Mymensingh,21,31.6,25.8,4.6,91
9/21/2025,Mymensingh,22,33.6,25.9,0.2,84
9/22/2025,Mymensingh,33,30.2,25.2,15.6,88
9/23/2025,Mymensingh,17,32.1,25.3,0.5,83
9/24/2025,Mymensingh,30,31.9,25.5,6.3,89
9/25/2025,Mymensingh,0,33.3,24.9,0.1,84
9/26/2025,Mymensingh,23,34.9,26.2,0.1,83
9/27/2025,Mymensingh,15,32.3,26,2.7,87
9/28/2025,Mymensingh,37,32.5,25.7,0.3,85
9/29/2025,Mymensingh,35,32.3,25.8,1,86
9/30/2025,Mymensingh,28,33.7,26.3,0.5,82
10/1/2025,Mymensingh,28,27.8,24.2,24.8,92
10/2/2025,Mymensingh,0,28.7,23.9,33.9,94
10/3/2025,Mymensingh,18,28.9,24.7,3.3,92
10/4/2025,Mymensingh,37,31.4,24.8,15.1,89
10/5/2025,Mymensingh,41,29.8,24.1,32.1,95
10/6/2025,Mymensingh,35,29.3,24.2,16.8,94
10/7/2025,Mymensingh,34,30.4,23.7,1.2,90
10/8/2025,Mymensingh,33,30,24.2,7.4,90
10/9/2025,Mymensingh,40,30.5,24.3,0.3,89
10/10/2025,Mymensingh,21,30.7,24.9,7.5,92
10/11/2025,Mymensingh,15,27.9,24.5,10.8,91
10/12/2025,Mymensingh,46,29.8,23.8,1.2,87
10/13/2025,Mymensingh,39,30.7,22.9,0,85
10/14/2025,Mymensingh,19,31.3,23.6,0.1,83
10/15/2025,Mymensingh,50,31.7,24.3,0.1,82
10/16/2025,Mymensingh,24,31.7,24.4,0.1,83
10/17/2025,Mymensingh,24,32.2,24.6,0,84
10/18/2025,Mymensingh,33,32,24.6,0,82
10/19/2025,Mymensingh,56,32.6,23.6,0,77
10/20/2025,Mymensingh,33,32.8,22.3,0,79
10/21/2025,Mymensingh,46,32.6,22.6,0,78
10/22/2025,Mymensingh,41,32,23.6,0,82
10/23/2025,Mymensingh,49,31.8,24.1,0.3,83
10/24/2025,Mymensingh,34,31.6,23,0.1,78
10/25/2025,Mymensingh,47,31.2,22,0,79
10/26/2025,Mymensingh,56,31.1,23.4,0,80
10/27/2025,Mymensingh,41,31.6,23.8,0,76
10/28/2025,Mymensingh,49,31.4,23.2,0.2,82
10/29/2025,Mymensingh,51,30.9,24.6,3.3,87
10/30/2025,Mymensingh,57,30,23.8,8.3,86
10/31/2025,Mymensingh,25,30.6,23.5,8.7,88
1/1/2022,Rajshahi,0,23.5,13.1,0.1,79
1/2/2022,Rajshahi,0,24,13.6,0,79
1/3/2022,Rajshahi,0,23.4,12.9,0,80
1/4/2022,Rajshahi,0,23.2,11.5,0,82
1/5/2022,Rajshahi,0,22.7,11.8,0,86
1/6/2022,Rajshahi,0,23.3,11.7,0,83
1/7/2022,Rajshahi,0,25.2,12.6,0,82
1/8/2022,Rajshahi,0,25.8,13.8,0,79
1/9/2022,Rajshahi,0,26.2,13.1,0,80
1/10/2022,Rajshahi,0,25,15.1,0,80
1/11/2022,Rajshahi,0,25.6,16.2,4.3,83
1/12/2022,Rajshahi,0,24,16.6,4.1,86
1/13/2022,Rajshahi,0,23.4,15.2,3,85
1/14/2022,Rajshahi,0,21.5,12.9,0.8,84
1/15/2022,Rajshahi,0,23.3,14.8,0,76
1/16/2022,Rajshahi,0,21.7,12.5,0,70
1/17/2022,Rajshahi,0,22.8,11.7,0,77
1/18/2022,Rajshahi,0,22.4,12,0,80
1/19/2022,Rajshahi,0,21.9,12.2,0,83
1/20/2022,Rajshahi,0,21.1,11.5,0,82
1/21/2022,Rajshahi,0,21.5,11.4,0,82
1/22/2022,Rajshahi,0,23.6,12.1,0.4,82
1/23/2022,Rajshahi,0,20.7,14.8,6.9,93
1/24/2022,Rajshahi,0,23.3,14.3,4.8,80
1/25/2022,Rajshahi,0,22,13.6,0.6,85
1/26/2022,Rajshahi,0,22,14.6,0.8,86
1/27/2022,Rajshahi,0,21.3,12.8,0,67
1/28/2022,Rajshahi,0,20,10.4,0,69
1/29/2022,Rajshahi,0,20.8,9.9,0,76
1/30/2022,Rajshahi,0,21.6,10.5,0,75
1/31/2022,Rajshahi,0,23.4,10.5,0,74
2/1/2022,Rajshahi,0,24.1,10.9,0,74
2/2/2022,Rajshahi,0,24.6,11,0,72
2/3/2022,Rajshahi,0,24.2,14.7,1,79
2/4/2022,Rajshahi,0,17.3,14.4,39.6,93
2/5/2022,Rajshahi,0,21.2,11.3,0.1,76
2/6/2022,Rajshahi,0,21.1,10,0,81
2/7/2022,Rajshahi,0,21.5,10.8,0,78
2/8/2022,Rajshahi,0,23.5,10.7,0,75
2/9/2022,Rajshahi,0,24.6,11.6,0,80
2/10/2022,Rajshahi,0,21.6,15.6,8,90
2/11/2022,Rajshahi,0,22.8,14.3,0,77
2/12/2022,Rajshahi,0,22.9,11.7,0,71
2/13/2022,Rajshahi,0,23.6,11,0,77
2/14/2022,Rajshahi,0,24.2,11.3,0,73
2/15/2022,Rajshahi,0,24.4,11.8,0,71
2/16/2022,Rajshahi,0,24.7,11.9,0,71
2/17/2022,Rajshahi,0,25.9,12.8,0,73
2/18/2022,Rajshahi,0,26.3,14.6,0,65
2/19/2022,Rajshahi,0,26.7,12.7,0,62
2/20/2022,Rajshahi,0,22.3,13.2,1,74
2/21/2022,Rajshahi,0,26.1,12,0.1,72
2/22/2022,Rajshahi,0,26.2,12.5,0,69
2/23/2022,Rajshahi,0,27,14.1,0,68
2/24/2022,Rajshahi,0,28.4,15.1,0,78
2/25/2022,Rajshahi,0,26.5,17.5,6.7,84
2/26/2022,Rajshahi,0,28,17.1,0.2,74
2/27/2022,Rajshahi,0,27.5,14.9,6.4,81
2/28/2022,Rajshahi,0,29.2,17.6,0,74
3/1/2022,Rajshahi,0,29.2,16.7,0,64
3/2/2022,Rajshahi,0,29.2,16.8,0,68
3/3/2022,Rajshahi,0,29,16.5,0,67
3/4/2022,Rajshahi,0,31.2,15.7,0,66
3/5/2022,Rajshahi,0,31.1,16.6,0,60
3/6/2022,Rajshahi,0,30.2,16.3,0,60
3/7/2022,Rajshahi,0,32.1,17.4,0,60
3/8/2022,Rajshahi,0,32.4,18.7,0,61
3/9/2022,Rajshahi,0,31.5,17.7,0,58
3/10/2022,Rajshahi,0,31.1,17.8,0,61
3/11/2022,Rajshahi,0,32.1,18.8,0,59
3/12/2022,Rajshahi,0,32.6,19.5,0,54
3/13/2022,Rajshahi,0,32.3,18.1,0,59
3/14/2022,Rajshahi,0,34.3,20,0,55
3/15/2022,Rajshahi,0,33.4,18.9,0,63
3/16/2022,Rajshahi,0,35.1,19.8,0,58
3/17/2022,Rajshahi,0,35.4,20.4,0,62
3/18/2022,Rajshahi,0,35.3,21.5,0,60
3/19/2022,Rajshahi,0,35.7,22,0,56
3/20/2022,Rajshahi,0,36,22.3,0,54
3/21/2022,Rajshahi,0,34.6,22.7,0.6,71
3/22/2022,Rajshahi,0,34.4,22.1,0.3,77
3/23/2022,Rajshahi,0,33.9,22.4,0.8,76
3/24/2022,Rajshahi,0,37.1,22.3,0,60
3/25/2022,Rajshahi,0,35.4,23.8,0.1,70
3/26/2022,Rajshahi,0,37.6,24.2,0.3,64
3/27/2022,Rajshahi,0,35.8,24.4,0,63
3/28/2022,Rajshahi,0,36.4,22.9,0,66
3/29/2022,Rajshahi,1,34.7,23.1,0.1,71
3/30/2022,Rajshahi,0,34.9,24,0.2,71
3/31/2022,Rajshahi,0,35.9,24.3,1.7,72
4/1/2022,Rajshahi,0,36.6,24.9,0.6,70
4/2/2022,Rajshahi,0,34.6,26,2.3,77
4/3/2022,Rajshahi,0,33.8,24.7,3.3,79
4/4/2022,Rajshahi,0,36.5,22.2,15.6,72
4/5/2022,Rajshahi,0,35.7,25,0,69
4/6/2022,Rajshahi,0,35.7,25.1,0,70
4/7/2022,Rajshahi,0,35.6,24,0,73
4/8/2022,Rajshahi,0,35.8,24.4,2.5,73
4/9/2022,Rajshahi,0,34.8,24.3,0.2,75
4/10/2022,Rajshahi,0,35.5,25,1,74
4/11/2022,Rajshahi,0,33.4,24.5,0,74
4/12/2022,Rajshahi,0,33.2,24.5,0.5,78
4/13/2022,Rajshahi,0,36.4,25.6,0,73
4/14/2022,Rajshahi,0,38.3,25.8,0,71
4/15/2022,Rajshahi,0,41.4,25.8,0,61
4/16/2022,Rajshahi,0,37.1,25.5,0,70
4/17/2022,Rajshahi,0,36.1,25.4,3.3,75
4/18/2022,Rajshahi,0,35.6,24.9,5.4,77
4/19/2022,Rajshahi,0,35.4,24.3,6.7,75
4/20/2022,Rajshahi,0,31.8,22.5,2.3,81
4/21/2022,Rajshahi,0,30.7,22.5,0.8,79
4/22/2022,Rajshahi,0,30.3,22.8,7.1,86
4/23/2022,Rajshahi,0,39.6,24.1,0.4,67
4/24/2022,Rajshahi,0,40.8,25.2,0,54
4/25/2022,Rajshahi,0,41.1,24.6,0,52
4/26/2022,Rajshahi,0,41.7,25.7,0,66
4/27/2022,Rajshahi,0,38,25.4,0.1,70
4/28/2022,Rajshahi,0,36.6,25.4,9.6,75
4/29/2022,Rajshahi,0,37.5,26.1,18.3,74
4/30/2022,Rajshahi,0,35.5,24.9,6.6,72
5/1/2022,Rajshahi,0,34.2,24.3,0.8,71
5/2/2022,Rajshahi,0,32.1,23.4,0.8,77
5/3/2022,Rajshahi,0,30.9,22,15.2,81
5/4/2022,Rajshahi,0,30.3,22.8,0.9,78
5/5/2022,Rajshahi,0,31.1,22.7,0.7,79
5/6/2022,Rajshahi,0,32.4,22,7.6,79
5/7/2022,Rajshahi,0,31,24.1,0.6,79
5/8/2022,Rajshahi,0,32.2,22.2,7.3,79
5/9/2022,Rajshahi,0,32.8,24.7,0.7,80
5/10/2022,Rajshahi,0,29.8,25.1,9.7,86
5/11/2022,Rajshahi,0,31,25.5,23,88
5/12/2022,Rajshahi,0,33.3,25.6,8.8,81
5/13/2022,Rajshahi,0,34.1,25.9,28.8,83
5/14/2022,Rajshahi,0,36.2,26.7,0,75
5/15/2022,Rajshahi,0,35.5,27.2,1,77
5/16/2022,Rajshahi,0,36.1,27.1,0.5,78
5/17/2022,Rajshahi,0,35.7,27.1,0.2,74
5/18/2022,Rajshahi,0,36.1,25.9,25.8,74
5/19/2022,Rajshahi,0,36,26,5.7,76
5/20/2022,Rajshahi,0,34.3,26.2,7.7,83
5/21/2022,Rajshahi,0,34.6,23.4,4.8,82
5/22/2022,Rajshahi,0,32.5,25.5,1.2,81
5/23/2022,Rajshahi,0,32.4,23.4,9.9,81
5/24/2022,Rajshahi,0,33.2,23.5,0.1,79
5/25/2022,Rajshahi,0,33.4,24,7.6,81
5/26/2022,Rajshahi,0,32.4,23.4,1.2,82
5/27/2022,Rajshahi,0,33.3,23.7,0,77
5/28/2022,Rajshahi,0,33.6,24.3,14.9,81
5/29/2022,Rajshahi,0,32.5,25,2,83
5/30/2022,Rajshahi,0,33.1,25.1,3.3,83
5/31/2022,Rajshahi,0,32.3,25.8,9.1,82
6/1/2022,Rajshahi,0,33.5,24.7,1,79
6/2/2022,Rajshahi,0,33.3,26.2,1.5,81
6/3/2022,Rajshahi,0,33.9,26.5,2.6,80
6/4/2022,Rajshahi,0,36.6,25.1,12.6,80
6/5/2022,Rajshahi,0,36.1,24.7,0.1,80
6/6/2022,Rajshahi,0,35,26.2,1.1,84
6/7/2022,Rajshahi,0,35,25.6,0.4,81
6/8/2022,Rajshahi,0,35.1,26.1,14.6,80
6/9/2022,Rajshahi,0,33.7,26,2.2,87
6/10/2022,Rajshahi,0,34.7,25.8,0.3,80
6/11/2022,Rajshahi,0,35.6,27,14.3,80
6/12/2022,Rajshahi,0,36.1,26.9,0,80
6/13/2022,Rajshahi,0,36.7,26.8,0.3,78
6/14/2022,Rajshahi,0,36.2,27.8,10.7,79
6/15/2022,Rajshahi,0,33.7,28.3,0.2,76
6/16/2022,Rajshahi,0,32.2,27.5,13.1,81
6/17/2022,Rajshahi,0,29.9,25.6,24.8,86
6/18/2022,Rajshahi,0,30.3,25.9,17.3,85
6/19/2022,Rajshahi,0,31.3,24.7,19.3,87
6/20/2022,Rajshahi,0,31.7,26,9.4,86
6/21/2022,Rajshahi,0,31.1,24,46.1,90
6/22/2022,Rajshahi,0,32.4,24.9,3.2,87
6/23/2022,Rajshahi,0,31.6,25.6,1.8,83
6/24/2022,Rajshahi,0,32.1,25.8,1.6,82
6/25/2022,Rajshahi,0,31.7,25.9,1.3,82
6/26/2022,Rajshahi,0,32.2,26,2.9,82
6/27/2022,Rajshahi,0,32.6,26.2,5.6,82
6/28/2022,Rajshahi,0,31.6,26.8,0,80
6/29/2022,Rajshahi,0,32.5,26.6,9.2,84
6/30/2022,Rajshahi,0,31.5,24.7,7.1,87
7/1/2022,Rajshahi,0,32.3,25.6,16.1,87
7/2/2022,Rajshahi,0,32.4,25.3,4.1,85
7/3/2022,Rajshahi,0,31.9,26.1,2.3,83
7/4/2022,Rajshahi,0,32.4,26.1,1.2,82
7/5/2022,Rajshahi,0,33.2,26.8,4.9,82
7/6/2022,Rajshahi,0,32.3,26.9,7,81
7/7/2022,Rajshahi,0,33.4,26.5,0.9,80
7/8/2022,Rajshahi,0,32.8,26.2,1.4,81
7/9/2022,Rajshahi,0,33.3,26.3,1,78
7/10/2022,Rajshahi,0,33.3,26.4,0.5,78
7/11/2022,Rajshahi,0,33.2,26.7,1.9,78
7/12/2022,Rajshahi,0,33.8,26.8,1,76
7/13/2022,Rajshahi,0,34.6,27.2,0.1,71
7/14/2022,Rajshahi,0,34.2,27.6,0.1,69
7/15/2022,Rajshahi,0,33.9,27,7.1,76
7/16/2022,Rajshahi,0,33.3,26.9,3,77
7/17/2022,Rajshahi,0,34.1,27,2.2,76
7/18/2022,Rajshahi,0,33.5,26.7,0.8,77
7/19/2022,Rajshahi,0,33.5,26.7,3,79
7/20/2022,Rajshahi,0,33,26.4,7.4,82
7/21/2022,Rajshahi,0,33.5,27,1.8,82
7/22/2022,Rajshahi,0,33.8,27,3.3,82
7/23/2022,Rajshahi,0,32.5,26.7,2.1,81
7/24/2022,Rajshahi,1,30.9,26.1,14.4,85
7/25/2022,Rajshahi,0,30.4,25.5,5.8,86
7/26/2022,Rajshahi,0,31.7,25.8,4.7,87
7/27/2022,Rajshahi,0,32.9,25.8,1.3,82
7/28/2022,Rajshahi,0,32.4,25.8,8,86
7/29/2022,Rajshahi,0,32.7,25.5,21.4,87
7/30/2022,Rajshahi,0,32.8,25.9,7.8,87
7/31/2022,Rajshahi,1,32,25.1,31.7,89
8/1/2022,Rajshahi,0,31.9,25.4,20.8,90
8/2/2022,Rajshahi,0,32.5,25.2,5.6,87
8/3/2022,Rajshahi,0,32.4,26.1,10.4,88
8/4/2022,Rajshahi,0,32.5,25.5,7.2,86
8/5/2022,Rajshahi,0,33.8,26.1,0.6,81
8/6/2022,Rajshahi,0,31.3,26.8,5.2,86
8/7/2022,Rajshahi,0,33.3,25.8,0.7,81
8/8/2022,Rajshahi,0,32.8,26.8,8.6,79
8/9/2022,Rajshahi,0,32.3,26.6,1,77
8/10/2022,Rajshahi,0,31.3,26.6,2,78
8/11/2022,Rajshahi,0,29.3,26,4,84
8/12/2022,Rajshahi,0,32.6,25.2,1.4,81
8/13/2022,Rajshahi,0,33,26,19.1,82
8/14/2022,Rajshahi,0,29.6,26,8.5,83
8/15/2022,Rajshahi,0,30.5,25.4,4.4,85
8/16/2022,Rajshahi,0,32.6,25.3,0.3,83
8/17/2022,Rajshahi,0,33.4,26.4,0.5,78
8/18/2022,Rajshahi,0,35.5,27.5,15.6,77
8/19/2022,Rajshahi,1,32.3,26,19.5,81
8/20/2022,Rajshahi,0,31.6,26.4,15.7,82
8/21/2022,Rajshahi,0,31.9,25.8,3.3,82
8/22/2022,Rajshahi,0,33.8,26.1,0.5,81
8/23/2022,Rajshahi,0,30.4,26.1,27.7,92
8/24/2022,Rajshahi,0,32.2,26.1,0.5,81
8/25/2022,Rajshahi,0,32.3,25.6,0.6,79
8/26/2022,Rajshahi,0,33.8,25.5,0,79
8/27/2022,Rajshahi,0,33.1,26.6,6.4,85
8/28/2022,Rajshahi,1,31.1,26.1,11.8,89
8/29/2022,Rajshahi,0,32.2,25.7,4.7,85
8/30/2022,Rajshahi,0,33.8,26.5,3.7,83
8/31/2022,Rajshahi,0,32.5,25.7,21.4,86
9/1/2022,Rajshahi,0,33,25.2,12,89
9/2/2022,Rajshahi,0,32.2,25.9,18.4,90
9/3/2022,Rajshahi,0,33,25.9,13.3,88
9/4/2022,Rajshahi,0,32.2,25.3,16.5,87
9/5/2022,Rajshahi,0,31,26.3,4.8,89
9/6/2022,Rajshahi,0,31,24.9,13.5,90
9/7/2022,Rajshahi,0,32.3,25.7,10.5,88
9/8/2022,Rajshahi,3,33.5,26.1,1.7,84
9/9/2022,Rajshahi,4,33.5,25.8,7.2,85
9/10/2022,Rajshahi,0,31.9,26.5,2.9,86
9/11/2022,Rajshahi,1,31,25.3,17.8,88
9/12/2022,Rajshahi,9,27.9,24.3,21.8,92
9/13/2022,Rajshahi,3,27.7,24.2,38.2,94
9/14/2022,Rajshahi,15,27.5,24.3,18.7,93
9/15/2022,Rajshahi,15,29.4,24,25.3,91
9/16/2022,Rajshahi,9,31.3,24.1,9.5,87
9/17/2022,Rajshahi,8,32.1,24.6,27.1,87
9/18/2022,Rajshahi,12,32.5,25.3,1.4,86
9/19/2022,Rajshahi,26,32.1,26,16.6,88
9/20/2022,Rajshahi,10,30.8,25.5,6,82
9/21/2022,Rajshahi,16,30.9,25.8,6.7,85
9/22/2022,Rajshahi,18,31.6,25.6,3.2,85
9/23/2022,Rajshahi,2,31.6,25.2,1.9,85
9/24/2022,Rajshahi,15,32,25.5,0.6,82
9/25/2022,Rajshahi,12,31.3,25,4.7,87
9/26/2022,Rajshahi,23,31.5,25,11.2,88
9/27/2022,Rajshahi,22,31.2,25.1,5.4,87
9/28/2022,Rajshahi,30,31.5,25.5,8.4,88
9/29/2022,Rajshahi,20,31.2,24.7,19,88
9/30/2022,Rajshahi,16,33.2,25.6,0,83
10/1/2022,Rajshahi,28,33.7,26.1,0,81
10/2/2022,Rajshahi,22,30.9,25.2,16.7,88
10/3/2022,Rajshahi,28,29.3,25.2,12.5,89
10/4/2022,Rajshahi,27,29.4,25,15.6,90
10/5/2022,Rajshahi,8,31.5,24.6,3.2,88
10/6/2022,Rajshahi,12,31.3,24.6,2.4,87
10/7/2022,Rajshahi,25,31.8,23.7,0.1,83
10/8/2022,Rajshahi,18,32.4,25.1,0,81
10/9/2022,Rajshahi,15,32.6,25.6,0.6,79
10/10/2022,Rajshahi,19,32.3,24.1,10.4,85
10/11/2022,Rajshahi,18,30.8,24.7,14.5,90
10/12/2022,Rajshahi,41,27.8,24.1,8.8,92
10/13/2022,Rajshahi,40,29,23.6,16.5,92
10/14/2022,Rajshahi,33,30.8,23.1,0.4,84
10/15/2022,Rajshahi,32,31.5,23.6,0,80
10/16/2022,Rajshahi,42,32.1,23.6,0,72
10/17/2022,Rajshahi,26,31.7,22.7,0,74
10/18/2022,Rajshahi,51,31.4,22.7,0,73
10/19/2022,Rajshahi,43,31.3,22.7,0,71
10/20/2022,Rajshahi,52,30.8,22,0,74
10/21/2022,Rajshahi,29,32.1,21.2,0,73
10/22/2022,Rajshahi,25,32.1,22.3,0,73
10/23/2022,Rajshahi,41,30.7,21.8,6,79
10/24/2022,Rajshahi,30,25.4,21.3,42.8,91
10/25/2022,Rajshahi,40,28.1,20.6,0.4,80
10/26/2022,Rajshahi,54,29.4,21.2,0.8,84
10/27/2022,Rajshahi,34,30.5,22.2,0.3,77
10/28/2022,Rajshahi,23,30,19.7,0,74
10/29/2022,Rajshahi,37,30,19.7,0,76
10/30/2022,Rajshahi,36,30,19.4,0,76
10/31/2022,Rajshahi,33,30.1,19.7,0,74
11/1/2022,Rajshahi,59,31.2,20.8,0,71
11/2/2022,Rajshahi,67,29.9,21,0,71
11/3/2022,Rajshahi,54,29.9,20.8,0,72
11/4/2022,Rajshahi,25,29.9,19.4,0,75
11/5/2022,Rajshahi,22,29.2,19.5,0,71
11/6/2022,Rajshahi,47,29.1,19.1,0,75
11/7/2022,Rajshahi,36,29.2,21.7,0,76
11/8/2022,Rajshahi,33,29.2,20,0,74
11/9/2022,Rajshahi,31,29.5,19.2,0,74
11/10/2022,Rajshahi,29,29.1,19.4,0,77
11/11/2022,Rajshahi,13,29.4,19,0,77
11/12/2022,Rajshahi,41,29.6,19.1,0,74
11/13/2022,Rajshahi,35,28.5,17.2,0,68
11/14/2022,Rajshahi,19,28.1,15.7,0,68
11/15/2022,Rajshahi,23,28,16.8,0,72
11/16/2022,Rajshahi,22,27.9,16.3,0,68
11/17/2022,Rajshahi,23,28.3,16.8,0,74
11/18/2022,Rajshahi,9,28.3,18,0,69
11/19/2022,Rajshahi,20,27.9,17.5,0,69
11/20/2022,Rajshahi,18,27.9,16.6,0,74
11/21/2022,Rajshahi,10,27.5,16.6,0,72
11/22/2022,Rajshahi,17,27.7,15.1,0,72
11/23/2022,Rajshahi,15,27.9,16.5,0,70
11/24/2022,Rajshahi,19,27.3,15.5,0,67
11/25/2022,Rajshahi,15,28.1,16.8,0,70
11/26/2022,Rajshahi,14,27.6,16.4,0,72
11/27/2022,Rajshahi,13,27.2,16.3,0,73
11/28/2022,Rajshahi,12,27.3,15.5,0,74
11/29/2022,Rajshahi,5,27.5,16.5,0,77
11/30/2022,Rajshahi,9,28.2,15.4,0,77
12/1/2022,Rajshahi,9,28.2,17.2,0,70
12/2/2022,Rajshahi,4,27.7,15.8,0,66
12/3/2022,Rajshahi,10,26.7,14.8,0,66
12/4/2022,Rajshahi,9,26.8,15,0,70
12/5/2022,Rajshahi,8,27.3,15.9,0,71
12/6/2022,Rajshahi,7,26.9,16.3,0,69
12/7/2022,Rajshahi,5,26.1,15.4,0,68
12/8/2022,Rajshahi,10,26.5,15.1,0,71
12/9/2022,Rajshahi,4,26.3,15.4,0,73
12/10/2022,Rajshahi,2,26.5,15.3,0,72
12/11/2022,Rajshahi,4,26.9,15.2,0,71
12/12/2022,Rajshahi,2,26.6,14.5,0,72
12/13/2022,Rajshahi,3,26.8,15.9,0,76
12/14/2022,Rajshahi,3,26.6,14.6,0,76
12/15/2022,Rajshahi,7,24.8,14,0,74
12/16/2022,Rajshahi,1,24.1,12.9,0,71
12/17/2022,Rajshahi,1,24.8,12.6,0,74
12/18/2022,Rajshahi,5,26,14.8,0,80
12/19/2022,Rajshahi,5,25.8,15.2,0,78
12/20/2022,Rajshahi,2,25.8,15.4,0,77
12/21/2022,Rajshahi,0,25.6,15,0,75
12/22/2022,Rajshahi,1,25.1,14.7,0,78
12/23/2022,Rajshahi,3,25.2,13.4,0,76
12/24/2022,Rajshahi,1,25.1,13,0,74
12/25/2022,Rajshahi,0,26.3,14,0,78
12/26/2022,Rajshahi,0,26.2,16.2,0,79
12/27/2022,Rajshahi,0,25.3,16.6,0.2,81
12/28/2022,Rajshahi,0,23,13.2,0,76
12/29/2022,Rajshahi,3,22.4,11.1,0,74
12/30/2022,Rajshahi,2,22.5,11.1,0,77
12/31/2022,Rajshahi,1,22.9,11.3,0,82
1/1/2023,Rajshahi,1,23.5,12.9,0,83
1/2/2023,Rajshahi,1,23.8,12.1,0,81
1/3/2023,Rajshahi,0,23.3,12.7,0,81
1/4/2023,Rajshahi,0,22,11.8,0,80
1/5/2023,Rajshahi,0,21.2,10.6,0,82
1/6/2023,Rajshahi,0,21.5,10.9,0,82
1/7/2023,Rajshahi,0,21.7,10.7,0,82
1/8/2023,Rajshahi,0,21.6,10.2,0,82
1/9/2023,Rajshahi,0,22.9,10.9,0,79
1/10/2023,Rajshahi,0,22.8,10.9,0,78
1/11/2023,Rajshahi,0,20.9,9.8,0,83
1/12/2023,Rajshahi,0,21.4,10.3,0,77
1/13/2023,Rajshahi,0,24.2,10.1,0,82
1/14/2023,Rajshahi,1,26.6,12.3,0,80
1/15/2023,Rajshahi,1,24.1,13.2,0,76
1/16/2023,Rajshahi,0,21.8,12,0,77
1/17/2023,Rajshahi,0,21.3,10.6,0,76
1/18/2023,Rajshahi,1,21.4,10.8,0,72
1/19/2023,Rajshahi,0,21.8,9.1,0,75
1/20/2023,Rajshahi,0,22.2,8.9,0,76
1/21/2023,Rajshahi,0,23.8,9.4,0,78
1/22/2023,Rajshahi,0,25.7,11.9,0,80
1/23/2023,Rajshahi,0,26.3,13.9,0,81
1/24/2023,Rajshahi,0,25.9,13.9,0,81
1/25/2023,Rajshahi,1,26.7,14.3,0,81
1/26/2023,Rajshahi,0,27.1,16.4,0,80
1/27/2023,Rajshahi,0,26.5,16.2,0,79
1/28/2023,Rajshahi,0,25.8,16.6,0,79
1/29/2023,Rajshahi,0,24.9,12,0,79
1/30/2023,Rajshahi,1,26.8,14.6,0,81
1/31/2023,Rajshahi,1,27,16.2,0,74
2/1/2023,Rajshahi,0,26.4,16.2,0,67
2/2/2023,Rajshahi,0,23.3,12.4,0,76
2/3/2023,Rajshahi,0,24.7,13,0,78
2/4/2023,Rajshahi,0,24.6,13.7,0,77
2/5/2023,Rajshahi,0,24.9,13.7,0,76
2/6/2023,Rajshahi,0,26.5,13.4,0,73
2/7/2023,Rajshahi,0,27.6,14.4,0,67
2/8/2023,Rajshahi,0,27.5,14.8,0,64
2/9/2023,Rajshahi,0,26.6,15.7,0,69
2/10/2023,Rajshahi,0,26.4,13.1,0,68
2/11/2023,Rajshahi,0,28.9,14.5,0,74
2/12/2023,Rajshahi,0,29.3,15.5,0,64
2/13/2023,Rajshahi,0,25.1,14.2,0,45
2/14/2023,Rajshahi,0,24.5,11.3,0,63
2/15/2023,Rajshahi,0,25.1,12.4,0,60
2/16/2023,Rajshahi,0,26.5,13,0,65
2/17/2023,Rajshahi,0,27.4,14.1,0,66
2/18/2023,Rajshahi,0,28.5,15.8,0,66
2/19/2023,Rajshahi,0,29.2,16.4,0,70
2/20/2023,Rajshahi,0,30.9,17.4,0,70
2/21/2023,Rajshahi,0,30.9,19.1,0,71
2/22/2023,Rajshahi,0,33.3,17.4,0,66
2/23/2023,Rajshahi,0,32.7,17.4,0,59
2/24/2023,Rajshahi,0,31.5,19,0,53
2/25/2023,Rajshahi,0,30.6,16.5,0,59
2/26/2023,Rajshahi,0,30.7,16.3,0,55
2/27/2023,Rajshahi,0,31.4,17.9,0,56
2/28/2023,Rajshahi,0,30.3,16.5,0,59
3/1/2023,Rajshahi,0,31.5,17.5,0,59
3/2/2023,Rajshahi,0,32.1,17.9,0,57
3/3/2023,Rajshahi,0,32.5,18,0,58
3/4/2023,Rajshahi,0,32.1,18.3,0,60
3/5/2023,Rajshahi,0,32.9,19.3,0,59
3/6/2023,Rajshahi,0,33.1,20.2,0,49
3/7/2023,Rajshahi,0,31.9,18.2,0,48
3/8/2023,Rajshahi,0,32.4,20.1,0,49
3/9/2023,Rajshahi,0,32.6,18.5,0,56
3/10/2023,Rajshahi,0,33.3,19.7,0,54
3/11/2023,Rajshahi,0,33.1,19.6,0.1,52
3/12/2023,Rajshahi,0,33.3,19.7,0,50
3/13/2023,Rajshahi,0,33.8,19.7,0,50
3/14/2023,Rajshahi,0,34,20.8,0.2,60
3/15/2023,Rajshahi,0,33.4,19.8,0,64
3/16/2023,Rajshahi,0,31.4,19.5,5.5,82
3/17/2023,Rajshahi,0,28.6,19.1,1.5,80
3/18/2023,Rajshahi,0,28.5,19.4,3.8,79
3/19/2023,Rajshahi,0,26.4,19.7,6.1,87
3/20/2023,Rajshahi,0,25.9,18.5,19.6,87
3/21/2023,Rajshahi,0,27.4,18,7.3,85
3/22/2023,Rajshahi,0,28.2,19.1,0.1,81
3/23/2023,Rajshahi,0,30.2,18.3,0,70
3/24/2023,Rajshahi,0,31.4,18.4,0,73
3/25/2023,Rajshahi,0,31.2,19.8,0.4,79
3/26/2023,Rajshahi,0,32.6,20.8,1.1,73
3/27/2023,Rajshahi,0,32.8,21.7,0.6,66
3/28/2023,Rajshahi,0,33,20.3,0,60
3/29/2023,Rajshahi,0,31.5,21,1.2,71
3/30/2023,Rajshahi,0,34.4,21.3,0,71
3/31/2023,Rajshahi,0,30.2,20.5,5.7,82
4/1/2023,Rajshahi,0,26.3,19.3,20.1,85
4/2/2023,Rajshahi,0,29.8,19.3,0.6,78
4/3/2023,Rajshahi,0,31.8,19.5,0,63
4/4/2023,Rajshahi,0,34.3,19,0,62
4/5/2023,Rajshahi,0,34.2,21.2,0,58
4/6/2023,Rajshahi,0,34.5,21.3,0,52
4/7/2023,Rajshahi,0,35.8,21.1,0,46
4/8/2023,Rajshahi,0,36.3,20.1,0,52
4/9/2023,Rajshahi,0,36.4,21.4,0,49
4/10/2023,Rajshahi,0,36.8,21.3,0,50
4/11/2023,Rajshahi,0,37.3,21.9,0,49
4/12/2023,Rajshahi,0,36.8,21,0,48
4/13/2023,Rajshahi,0,38.9,21,0,42
4/14/2023,Rajshahi,0,39.8,21.8,0,50
4/15/2023,Rajshahi,0,38.9,23.9,0,53
4/16/2023,Rajshahi,0,40.4,23.8,0,54
4/17/2023,Rajshahi,0,42,25.9,0,44
4/18/2023,Rajshahi,0,41.4,26.1,0,57
4/19/2023,Rajshahi,0,42.7,27.3,0,51
4/20/2023,Rajshahi,0,42,25.7,0,50
4/21/2023,Rajshahi,0,39.9,25.3,0,44
4/22/2023,Rajshahi,0,34.3,23.5,0.6,51
4/23/2023,Rajshahi,0,33.7,23.8,0.4,61
4/24/2023,Rajshahi,0,32.7,21.4,2.9,71
4/25/2023,Rajshahi,0,34,21.9,0.9,70
4/26/2023,Rajshahi,0,35.5,23.6,0.4,67
4/27/2023,Rajshahi,0,35.8,23.6,2.6,71
4/28/2023,Rajshahi,0,35.6,22.4,0,67
4/29/2023,Rajshahi,0,36.8,23.5,1.7,70
4/30/2023,Rajshahi,0,33.2,23.6,6.9,76
5/1/2023,Rajshahi,0,30.6,22.9,2.1,81
5/2/2023,Rajshahi,0,33.5,22.2,0.6,75
5/3/2023,Rajshahi,0,31.1,22.9,0.9,78
5/4/2023,Rajshahi,0,31.3,23.1,29.2,83
5/5/2023,Rajshahi,0,32.8,22.4,0,76
5/6/2023,Rajshahi,0,35.8,24,0,63
5/7/2023,Rajshahi,0,37.6,25,0,55
5/8/2023,Rajshahi,0,38.7,24.1,0,45
5/9/2023,Rajshahi,0,39.4,24.8,0,41
5/10/2023,Rajshahi,0,40.6,26.6,0,46
5/11/2023,Rajshahi,0,39,26.3,0,62
5/12/2023,Rajshahi,0,37.3,26.1,0.5,64
5/13/2023,Rajshahi,0,37,25.9,0,57
5/14/2023,Rajshahi,0,36.8,25.5,0,54
5/15/2023,Rajshahi,0,36.8,23.3,0.2,59
5/16/2023,Rajshahi,0,37,24,1,74
5/17/2023,Rajshahi,0,37.6,26,14.5,79
5/18/2023,Rajshahi,0,33.7,23.7,3.9,81
5/19/2023,Rajshahi,0,34.9,24.8,1.7,81
5/20/2023,Rajshahi,0,38.1,25.1,0,69
5/21/2023,Rajshahi,0,36.8,26.6,9.4,74
5/22/2023,Rajshahi,0,36.4,25.9,7,77
5/23/2023,Rajshahi,0,34.6,24.8,4.1,82
5/24/2023,Rajshahi,0,32.6,23.5,0.2,75
5/25/2023,Rajshahi,0,33.7,24.5,14.8,79
5/26/2023,Rajshahi,0,32.9,24.2,3.8,80
5/27/2023,Rajshahi,0,33,23.3,0,80
5/28/2023,Rajshahi,0,32.5,23.4,0.6,81
5/29/2023,Rajshahi,1,35,24.2,0,71
5/30/2023,Rajshahi,0,35.8,25.5,0,66
5/31/2023,Rajshahi,0,37.6,27.6,0,62
6/1/2023,Rajshahi,0,40.5,28.7,0,50
6/2/2023,Rajshahi,0,40.8,25.7,0,52
6/3/2023,Rajshahi,0,40.7,27.9,0,56
6/4/2023,Rajshahi,0,40.4,28.1,0,61
6/5/2023,Rajshahi,1,40,27.6,0,59
6/6/2023,Rajshahi,0,38.9,28.1,0.7,57
6/7/2023,Rajshahi,0,38.1,28.4,0.5,63
6/8/2023,Rajshahi,0,39.2,29.5,0,62
6/9/2023,Rajshahi,0,33.4,27.1,12.7,84
6/10/2023,Rajshahi,0,37,26.7,1.6,69
6/11/2023,Rajshahi,2,36.5,27.4,6.2,74
6/12/2023,Rajshahi,1,34.2,27.4,2,79
6/13/2023,Rajshahi,1,36.9,27,45.7,80
6/14/2023,Rajshahi,1,40.2,28.1,0.3,65
6/15/2023,Rajshahi,1,39.4,29.9,2.4,63
6/16/2023,Rajshahi,1,41.4,30.2,0.2,64
6/17/2023,Rajshahi,0,38.4,28.6,16.7,80
6/18/2023,Rajshahi,0,36.5,28.8,3.4,81
6/19/2023,Rajshahi,0,35,26.4,7.3,81
6/20/2023,Rajshahi,1,33.1,27.3,14.7,83
6/21/2023,Rajshahi,2,31.3,26.8,47.8,90
6/22/2023,Rajshahi,0,33.5,26.7,9.5,85
6/23/2023,Rajshahi,1,33.1,26.4,1,80
6/24/2023,Rajshahi,0,33.2,27,0.7,78
6/25/2023,Rajshahi,6,32.7,26.7,1.8,78
6/26/2023,Rajshahi,7,32.1,25.9,8.4,82
6/27/2023,Rajshahi,0,29.2,24.9,12.7,89
6/28/2023,Rajshahi,1,31.8,24.9,19.6,89
6/29/2023,Rajshahi,2,31,24.7,51,90
6/30/2023,Rajshahi,0,30,26.1,20.7,92
7/1/2023,Rajshahi,0,32.5,25,46.1,91
7/2/2023,Rajshahi,4,31.2,25.3,22.1,90
7/3/2023,Rajshahi,1,31.8,26.3,19.9,91
7/4/2023,Rajshahi,6,33.2,25,14,86
7/5/2023,Rajshahi,6,32.2,26.9,11.1,85
7/6/2023,Rajshahi,6,31.6,26.6,13.5,85
7/7/2023,Rajshahi,4,31.9,25.9,11.7,85
7/8/2023,Rajshahi,3,32.4,26.2,1.1,84
7/9/2023,Rajshahi,9,32.7,26.1,2.4,84
7/10/2023,Rajshahi,3,33,26.9,5.7,86
7/11/2023,Rajshahi,11,33.1,26.9,8.3,83
7/12/2023,Rajshahi,14,32.8,26.7,4.8,83
7/13/2023,Rajshahi,23,31.7,26.4,4.3,85
7/14/2023,Rajshahi,15,32.4,26.5,25.7,87
7/15/2023,Rajshahi,18,32.3,26.2,6.4,85
7/16/2023,Rajshahi,29,31.3,26.1,2.8,82
7/17/2023,Rajshahi,33,31.8,26.3,1.6,82
7/18/2023,Rajshahi,29,33.7,26.1,3.3,79
7/19/2023,Rajshahi,43,33.7,26.9,0.3,79
7/20/2023,Rajshahi,40,34.3,26.7,0,77
7/21/2023,Rajshahi,21,33.4,27.2,22.1,82
7/22/2023,Rajshahi,28,33.2,26.8,1.8,82
7/23/2023,Rajshahi,68,33.2,27,1.2,80
7/24/2023,Rajshahi,64,34.2,26.4,0.1,76
7/25/2023,Rajshahi,77,34.2,26.5,4.7,80
7/26/2023,Rajshahi,84,33.6,26.7,2.1,81
7/27/2023,Rajshahi,105,32.9,26.8,2,80
7/28/2023,Rajshahi,36,33.6,26.3,1,78
7/29/2023,Rajshahi,46,33,27.1,8.7,82
7/30/2023,Rajshahi,97,33.9,27,3,80
7/31/2023,Rajshahi,100,34.1,27.4,8.4,84
8/1/2023,Rajshahi,107,35.4,26.6,12.7,80
8/2/2023,Rajshahi,100,32.6,26.8,7.3,82
8/3/2023,Rajshahi,97,31,26.4,1.7,86
8/4/2023,Rajshahi,55,31.6,26.5,4.7,86
8/5/2023,Rajshahi,84,31.3,26.7,19.1,86
8/6/2023,Rajshahi,110,31.2,26.3,18.4,88
8/7/2023,Rajshahi,124,30.9,25.7,43.1,92
8/8/2023,Rajshahi,130,29.4,26.2,30,90
8/9/2023,Rajshahi,117,32.7,26,19,85
8/10/2023,Rajshahi,139,32.9,25.7,0.8,84
8/11/2023,Rajshahi,54,33.6,26.6,4.4,85
8/12/2023,Rajshahi,130,32.7,26.2,4.8,88
8/13/2023,Rajshahi,110,31.8,26.7,13.3,89
8/14/2023,Rajshahi,112,32.8,25.5,14.7,89
8/15/2023,Rajshahi,103,34,26.3,1.9,85
8/16/2023,Rajshahi,108,32.2,27.2,10.9,89
8/17/2023,Rajshahi,114,33.5,26.8,6.5,85
8/18/2023,Rajshahi,69,33.4,26.2,2.3,81
8/19/2023,Rajshahi,63,33,26.5,1.2,81
8/20/2023,Rajshahi,105,32.9,26.6,0.7,81
8/21/2023,Rajshahi,120,33.7,26.6,0.8,79
8/22/2023,Rajshahi,98,33.4,26.2,4.1,83
8/23/2023,Rajshahi,95,31.2,24.9,17.9,91
8/24/2023,Rajshahi,87,30.4,25.7,6.7,90
8/25/2023,Rajshahi,62,30.4,25,46.5,91
8/26/2023,Rajshahi,97,30.1,25.9,27.6,91
8/27/2023,Rajshahi,98,34.2,25.9,0.1,80
8/28/2023,Rajshahi,90,34,26.3,0.3,76
8/29/2023,Rajshahi,108,34.4,25.7,0,76
8/30/2023,Rajshahi,106,34.3,26.1,0.9,79
8/31/2023,Rajshahi,115,34.5,27.4,0.3,80
9/1/2023,Rajshahi,68,34.9,27.3,1.1,77
9/2/2023,Rajshahi,90,34.8,27.3,1.1,78
9/3/2023,Rajshahi,124,33.4,26.5,12.1,86
9/4/2023,Rajshahi,110,33.3,26.4,2.2,83
9/5/2023,Rajshahi,132,35.4,26.6,0.8,78
9/6/2023,Rajshahi,96,33.4,26.5,4.8,84
9/7/2023,Rajshahi,133,31.6,26.4,8.5,86
9/8/2023,Rajshahi,106,31,25.5,38.7,90
9/9/2023,Rajshahi,115,32.5,25,10.3,88
9/10/2023,Rajshahi,207,34,25.9,0,81
9/11/2023,Rajshahi,146,33.6,26.6,0.5,82
9/12/2023,Rajshahi,158,33,26.5,5.8,87
9/13/2023,Rajshahi,156,31.5,26.2,8.8,88
9/14/2023,Rajshahi,170,32.7,26.8,1.2,80
9/15/2023,Rajshahi,46,32.4,26.3,3.3,82
9/16/2023,Rajshahi,146,33.1,25.8,1.4,84
9/17/2023,Rajshahi,195,33.6,25.5,1.1,83
9/18/2023,Rajshahi,180,31.9,27.2,14.6,90
9/19/2023,Rajshahi,191,30.4,26.1,12.3,87
9/20/2023,Rajshahi,192,29.7,25.5,21,89
9/21/2023,Rajshahi,223,30.1,25.6,36.7,91
9/22/2023,Rajshahi,110,29,25.5,16,91
9/23/2023,Rajshahi,187,29.4,24.4,26.1,92
9/24/2023,Rajshahi,190,29.3,24,43.2,92
9/25/2023,Rajshahi,172,31.8,25,4.1,88
9/26/2023,Rajshahi,189,32.2,24.8,0.7,88
9/27/2023,Rajshahi,162,33.1,25.4,1,84
9/28/2023,Rajshahi,165,33.4,26.1,0.7,85
9/29/2023,Rajshahi,78,34.7,27,3.8,82
9/30/2023,Rajshahi,156,29.6,25.7,17.6,89
10/1/2023,Rajshahi,206,31.7,26.1,5.5,85
10/2/2023,Rajshahi,225,31.8,25.6,4.8,85
10/3/2023,Rajshahi,229,31.6,25.5,13.6,88
10/4/2023,Rajshahi,199,28.8,24.5,34,93
10/5/2023,Rajshahi,210,26.9,24.5,64.7,96
10/6/2023,Rajshahi,103,30.1,24.5,2.3,88
10/7/2023,Rajshahi,171,31.5,23.6,2,88
10/8/2023,Rajshahi,203,32.7,24.2,0.6,85
10/9/2023,Rajshahi,225,33.1,25,1.1,79
10/10/2023,Rajshahi,175,32.1,24.2,4.6,83
10/11/2023,Rajshahi,206,31.8,24.1,1.7,85
10/12/2023,Rajshahi,217,33.5,24.3,0,76
10/13/2023,Rajshahi,102,33.4,21.6,0,70
10/14/2023,Rajshahi,197,32.8,22,0,72
10/15/2023,Rajshahi,223,31.9,22.2,0,75
10/16/2023,Rajshahi,197,31.5,22.2,0,75
10/17/2023,Rajshahi,226,31.5,22.1,0.1,78
10/18/2023,Rajshahi,219,31.2,22.1,0.1,80
10/19/2023,Rajshahi,219,31.2,21.8,0,77
10/20/2023,Rajshahi,64,31.6,20.4,0,72
10/21/2023,Rajshahi,226,30.9,20.1,0,72
10/22/2023,Rajshahi,174,31.3,21.1,0,74
10/23/2023,Rajshahi,194,31.1,21.8,0.1,76
10/24/2023,Rajshahi,126,29.7,22.5,0.2,84
10/25/2023,Rajshahi,191,31.1,22.4,0.1,80
10/26/2023,Rajshahi,215,31.1,21.9,0,76
10/27/2023,Rajshahi,155,30.9,20.2,0,70
10/28/2023,Rajshahi,201,30.4,21.3,0,70
10/29/2023,Rajshahi,196,30.7,19.6,0,72
10/30/2023,Rajshahi,167,30.5,19.4,0,73
10/31/2023,Rajshahi,165,30.7,19.7,0,73
11/1/2023,Rajshahi,188,31.7,20.6,0,74
11/2/2023,Rajshahi,175,31.8,21.6,0,71
11/3/2023,Rajshahi,126,29.7,21.9,1.5,80
11/4/2023,Rajshahi,169,29.4,21.3,0.3,81
11/5/2023,Rajshahi,193,30.8,20.8,0,74
11/6/2023,Rajshahi,152,30.8,18.8,0,69
11/7/2023,Rajshahi,246,30,18.3,0,67
11/8/2023,Rajshahi,184,30,18.2,0,69
11/9/2023,Rajshahi,210,30.2,17.9,0,70
11/10/2023,Rajshahi,135,29.9,19.1,0,70
11/11/2023,Rajshahi,194,29.7,18.5,0,74
11/12/2023,Rajshahi,217,30.4,18.2,0,71
11/13/2023,Rajshahi,186,30,18.6,0,72
11/14/2023,Rajshahi,173,29.9,19.4,0,74
11/15/2023,Rajshahi,195,29.6,19.5,0,70
11/16/2023,Rajshahi,128,29.3,19.8,1.5,75
11/17/2023,Rajshahi,94,29.5,20.5,0.1,77
11/18/2023,Rajshahi,95,28,19,0,79
11/19/2023,Rajshahi,146,29.1,18.8,0,78
11/20/2023,Rajshahi,145,29.6,18.8,0,71
11/21/2023,Rajshahi,131,29.6,20.2,0,68
11/22/2023,Rajshahi,143,27.9,17.8,0,68
11/23/2023,Rajshahi,92,27.7,17,0,72
11/24/2023,Rajshahi,32,28.4,17.6,0,73
11/25/2023,Rajshahi,93,28.6,17.8,0,67
11/26/2023,Rajshahi,95,28.8,18.2,0,66
11/27/2023,Rajshahi,80,28.9,14.8,0,74
11/28/2023,Rajshahi,85,28.8,17.4,0,71
11/29/2023,Rajshahi,77,29.3,18.7,0,73
11/30/2023,Rajshahi,91,29.2,18,0,75
12/1/2023,Rajshahi,41,29.5,18.2,0,66
12/2/2023,Rajshahi,48,29.7,19.8,0,71
12/3/2023,Rajshahi,88,29.8,18.9,0,75
12/4/2023,Rajshahi,46,29.4,17.9,0,72
12/5/2023,Rajshahi,72,24.4,20.7,0,77
12/6/2023,Rajshahi,50,26.6,19,1.3,76
12/7/2023,Rajshahi,55,20.5,18.8,33.6,92
12/8/2023,Rajshahi,21,24.9,17.9,0,84
12/9/2023,Rajshahi,23,25.4,16.5,0.4,80
12/10/2023,Rajshahi,43,24.9,14.3,0,76
12/11/2023,Rajshahi,25,24.5,13.6,0,79
12/12/2023,Rajshahi,16,24.5,14.6,0,77
12/13/2023,Rajshahi,31,24.3,13.4,0,70
12/14/2023,Rajshahi,30,23.7,11.8,0,76
12/15/2023,Rajshahi,12,24.1,12.3,0,78
12/16/2023,Rajshahi,21,24.2,14.1,0,72
12/17/2023,Rajshahi,14,24.4,12.7,0,73
12/18/2023,Rajshahi,10,24.4,13.1,0,70
12/19/2023,Rajshahi,11,24.4,12.9,0,70
12/20/2023,Rajshahi,14,24.5,14,0,75
12/21/2023,Rajshahi,19,24.7,14,0,75
12/22/2023,Rajshahi,5,25.6,14.2,0,76
12/23/2023,Rajshahi,0,24.3,16.5,0,82
12/24/2023,Rajshahi,17,25.1,14.5,0.1,82
12/25/2023,Rajshahi,2,25.6,14.1,0,80
12/26/2023,Rajshahi,9,26.1,14.6,0,78
12/27/2023,Rajshahi,12,26,14.5,0,78
12/28/2023,Rajshahi,8,25.8,15.5,0,79
12/29/2023,Rajshahi,2,26.4,15.4,0,76
12/30/2023,Rajshahi,0,26.2,15.8,0,76
12/31/2023,Rajshahi,12,24.8,15.1,0,82
1/1/2024,Rajshahi,4,23.6,13.2,0,82
1/2/2024,Rajshahi,2,21.9,10.5,0,83
1/3/2024,Rajshahi,2,23.7,11.3,0,85
1/4/2024,Rajshahi,5,23.9,11.3,0,79
1/5/2024,Rajshahi,2,24.5,11.2,0,75
1/6/2024,Rajshahi,0,25.3,12.5,0,76
1/7/2024,Rajshahi,0,24.9,13.4,0,84
1/8/2024,Rajshahi,0,24.3,14.5,0,81
1/9/2024,Rajshahi,2,24.1,12.9,0,81
1/10/2024,Rajshahi,2,23.7,11.8,0,83
1/11/2024,Rajshahi,2,22.5,12.3,0,82
1/12/2024,Rajshahi,0,21.7,10.7,0,81
1/13/2024,Rajshahi,0,21.4,10.7,0,81
1/14/2024,Rajshahi,2,21.2,10,0,86
1/15/2024,Rajshahi,1,21.5,9.8,0,84
1/16/2024,Rajshahi,0,21.4,9.8,0,85
1/17/2024,Rajshahi,0,20.9,8.6,0,86
1/18/2024,Rajshahi,0,20.4,11.2,6.5,84
1/19/2024,Rajshahi,0,22.2,12.5,0,82
1/20/2024,Rajshahi,0,22,10.7,0,83
1/21/2024,Rajshahi,0,20.6,10.8,0,80
1/22/2024,Rajshahi,3,20.1,9.4,0,85
1/23/2024,Rajshahi,1,21.3,8.6,0,84
1/24/2024,Rajshahi,0,22,9.2,0,78
1/25/2024,Rajshahi,0,21.7,11.1,0.2,82
1/26/2024,Rajshahi,0,21.5,9.7,0,80
1/27/2024,Rajshahi,1,22.3,9.6,0,78
1/28/2024,Rajshahi,0,22.3,8.6,0,76
1/29/2024,Rajshahi,0,23,9.5,0,75
1/30/2024,Rajshahi,0,23.6,11.6,0.1,81
1/31/2024,Rajshahi,0,24.4,14.2,0,86
2/1/2024,Rajshahi,0,25.1,13.3,2.6,87
2/2/2024,Rajshahi,0,25.6,15,0.3,82
2/3/2024,Rajshahi,0,24.9,13.4,0,67
2/4/2024,Rajshahi,1,24.9,13,0,64
2/5/2024,Rajshahi,0,25.2,14,0,75
2/6/2024,Rajshahi,0,26,15.3,0.7,79
2/7/2024,Rajshahi,0,24.4,15,0,66
2/8/2024,Rajshahi,1,23.4,11.5,0,62
2/9/2024,Rajshahi,0,23.3,9.8,0,67
2/10/2024,Rajshahi,0,25,12,0,67
2/11/2024,Rajshahi,0,26.8,12.2,0,65
2/12/2024,Rajshahi,0,27.4,12.2,0,61
2/13/2024,Rajshahi,0,27.8,14.3,0,66
2/14/2024,Rajshahi,0,27.9,15.9,0.3,83
2/15/2024,Rajshahi,0,27.4,17.5,3.9,78
2/16/2024,Rajshahi,0,28.2,16,0,73
2/17/2024,Rajshahi,0,27.2,14.6,0,70
2/18/2024,Rajshahi,0,27.7,15.3,0,63
2/19/2024,Rajshahi,0,28.9,14.6,0,67
2/20/2024,Rajshahi,0,30.2,17,0,76
2/21/2024,Rajshahi,0,30.8,17.2,0.1,69
2/22/2024,Rajshahi,0,26.7,18.2,0.7,71
2/23/2024,Rajshahi,0,27.3,17,0.7,69
2/24/2024,Rajshahi,0,27.8,15.2,0,58
2/25/2024,Rajshahi,0,25.2,16.2,5.3,72
2/26/2024,Rajshahi,0,26.7,13.6,0,73
2/27/2024,Rajshahi,0,27.3,16.1,0,62
2/28/2024,Rajshahi,0,27.2,16.3,0,62
2/29/2024,Rajshahi,0,27.9,14.4,0,64
3/1/2024,Rajshahi,0,28.8,15.7,0,63
3/2/2024,Rajshahi,0,29.5,14.7,0,63
3/3/2024,Rajshahi,0,30.6,16.5,0,65
3/4/2024,Rajshahi,1,30.2,17.6,0.3,73
3/5/2024,Rajshahi,0,29.8,17.9,0,64
3/6/2024,Rajshahi,0,27,14.1,0,59
3/7/2024,Rajshahi,0,28.7,13,0,56
3/8/2024,Rajshahi,0,29.4,14.8,0,56
3/9/2024,Rajshahi,0,29.1,15.2,0,52
3/10/2024,Rajshahi,0,29.2,13.7,0,52
3/11/2024,Rajshahi,0,31.4,13.8,0,54
3/12/2024,Rajshahi,0,33.8,16.4,0,53
3/13/2024,Rajshahi,0,33.9,16.9,0,52
3/14/2024,Rajshahi,1,34.1,20.8,0.4,54
3/15/2024,Rajshahi,0,34.8,19.1,0,60
3/16/2024,Rajshahi,2,32.2,19.5,0.3,63
3/17/2024,Rajshahi,0,34.3,19.8,0.4,66
3/18/2024,Rajshahi,0,31.8,20.6,7.5,78
3/19/2024,Rajshahi,1,30.8,20.4,0.8,76
3/20/2024,Rajshahi,0,24.3,18.9,13.6,83
3/21/2024,Rajshahi,0,26.9,17.7,3.6,85
3/22/2024,Rajshahi,0,27.7,15.7,0,76
3/23/2024,Rajshahi,0,31.4,17.6,0,70
3/24/2024,Rajshahi,0,33.9,18.8,0,73
3/25/2024,Rajshahi,0,32,20,2.9,79
3/26/2024,Rajshahi,0,31.2,19.4,0.9,74
3/27/2024,Rajshahi,0,33.6,20,0,69
3/28/2024,Rajshahi,0,32.5,20.5,0.8,75
3/29/2024,Rajshahi,0,33.3,21.7,0.3,71
3/30/2024,Rajshahi,0,35.9,23.2,0.4,73
3/31/2024,Rajshahi,1,39.8,23,0,58
4/1/2024,Rajshahi,0,38.9,25.9,0,41
4/2/2024,Rajshahi,0,38.3,21.8,0,35
4/3/2024,Rajshahi,0,38.5,22.1,0,35
4/4/2024,Rajshahi,0,40.7,23.9,0,51
4/5/2024,Rajshahi,0,40.3,25.3,0,54
4/6/2024,Rajshahi,0,40.8,24.1,0,45
4/7/2024,Rajshahi,0,39,25.8,0.2,51
4/8/2024,Rajshahi,0,32.3,23.3,0,46
4/9/2024,Rajshahi,0,37.1,20.2,0,55
4/10/2024,Rajshahi,0,36.1,22.8,0,51
4/11/2024,Rajshahi,0,33.9,21.9,2.6,63
4/12/2024,Rajshahi,0,36.4,22.5,0,58
4/13/2024,Rajshahi,0,36.7,23.9,0.2,55
4/14/2024,Rajshahi,0,37.3,22.9,0,54
4/15/2024,Rajshahi,0,38.9,23.1,0,54
4/16/2024,Rajshahi,0,39.8,26.3,0,51
4/17/2024,Rajshahi,0,39.4,25.3,0,47
4/18/2024,Rajshahi,0,39,22.5,0,49
4/19/2024,Rajshahi,0,41.3,22.6,0,41
4/20/2024,Rajshahi,0,41.2,22.6,0,43
4/21/2024,Rajshahi,0,42.8,24.9,0,35
4/22/2024,Rajshahi,0,40.9,23.2,0,34
4/23/2024,Rajshahi,2,40.5,27.2,0,35
4/24/2024,Rajshahi,0,41.8,27.1,0,29
4/25/2024,Rajshahi,0,41.9,23.5,0,28
4/26/2024,Rajshahi,0,42.9,24.7,0,30
4/27/2024,Rajshahi,0,42.4,26.2,0,44
4/28/2024,Rajshahi,0,42.8,27.8,0,37
4/29/2024,Rajshahi,0,43.2,26.4,0,26
4/30/2024,Rajshahi,1,44.4,26.8,0,28
5/1/2024,Rajshahi,0,42.4,25.9,0,27
5/2/2024,Rajshahi,0,41.2,25.8,0,31
5/3/2024,Rajshahi,0,39.9,23.4,0,26
5/4/2024,Rajshahi,2,40.2,25,0,47
5/5/2024,Rajshahi,2,41.1,26.6,0,58
5/6/2024,Rajshahi,0,34,24.6,0.4,76
5/7/2024,Rajshahi,0,32.4,22,2.9,72
5/8/2024,Rajshahi,2,30.7,22.7,0,74
5/9/2024,Rajshahi,0,30.8,23.7,2.6,81
5/10/2024,Rajshahi,0,30.6,22.3,9.1,80
5/11/2024,Rajshahi,0,32.2,22.4,19.5,81
5/12/2024,Rajshahi,0,32.6,23.9,0.4,80
5/13/2024,Rajshahi,0,33.1,23.7,0.3,78
5/14/2024,Rajshahi,0,34.4,25.2,0,70
5/15/2024,Rajshahi,0,35.5,26.1,0,72
5/16/2024,Rajshahi,0,36.6,26.6,0,67
5/17/2024,Rajshahi,0,38.6,27.9,0,66
5/18/2024,Rajshahi,0,36.8,29.2,0,72
5/19/2024,Rajshahi,0,35.5,26.6,0,75
5/20/2024,Rajshahi,0,33.1,24.1,2.6,77
5/21/2024,Rajshahi,1,33.1,23.3,15.8,78
5/22/2024,Rajshahi,0,30.6,24,12,88
5/23/2024,Rajshahi,1,34.3,25.1,0,77
5/24/2024,Rajshahi,0,35.9,26.5,0,72
5/25/2024,Rajshahi,0,37.1,27.6,0.3,67
5/26/2024,Rajshahi,0,35.2,27.6,1.8,71
5/27/2024,Rajshahi,0,27.7,25.8,73,88
5/28/2024,Rajshahi,0,34.2,24.9,10.1,77
5/29/2024,Rajshahi,0,37.5,28.5,0.1,80
5/30/2024,Rajshahi,0,36.5,26.6,1.2,80
5/31/2024,Rajshahi,0,36.5,28.2,6.8,79
6/1/2024,Rajshahi,0,35.2,27.7,2.8,80
6/2/2024,Rajshahi,1,34.6,26.4,11,84
6/3/2024,Rajshahi,0,35.4,27.2,14.7,83
6/4/2024,Rajshahi,0,35.9,27.6,2.8,79
6/5/2024,Rajshahi,0,35.1,26.9,1.8,80
6/6/2024,Rajshahi,0,36.7,26.6,0,77
6/7/2024,Rajshahi,0,35.7,26.2,5.7,83
6/8/2024,Rajshahi,0,37.2,27.1,0.7,76
6/9/2024,Rajshahi,0,38,28.1,0,75
6/10/2024,Rajshahi,0,37.1,28.3,0,75
6/11/2024,Rajshahi,0,37.2,28.5,0,73
6/12/2024,Rajshahi,0,36.3,27.4,3.4,77
6/13/2024,Rajshahi,0,37.1,27.9,0.2,76
6/14/2024,Rajshahi,0,37.3,28.7,0.4,73
6/15/2024,Rajshahi,0,37.8,26.8,9.9,76
6/16/2024,Rajshahi,0,37,29.1,0.1,74
6/17/2024,Rajshahi,0,37.7,28.8,0.1,73
6/18/2024,Rajshahi,0,34.8,28.7,0,79
6/19/2024,Rajshahi,0,33.6,27.8,19.9,82
6/20/2024,Rajshahi,0,33.5,27.5,11.2,85
6/21/2024,Rajshahi,0,32.7,25.4,7.6,82
6/22/2024,Rajshahi,0,32.6,26.9,3.5,83
6/23/2024,Rajshahi,0,33.8,25.9,11.3,78
6/24/2024,Rajshahi,0,34.8,27.4,0.2,76
6/25/2024,Rajshahi,0,34.7,28.1,4.4,78
6/26/2024,Rajshahi,2,35.1,27.8,0.1,71
6/27/2024,Rajshahi,1,33.4,28,3.1,81
6/28/2024,Rajshahi,0,32.5,27.1,10.7,83
6/29/2024,Rajshahi,0,32.7,26.4,25.1,87
6/30/2024,Rajshahi,0,31,25.9,25.2,91
7/1/2024,Rajshahi,1,30.5,25.9,29.3,92
7/2/2024,Rajshahi,0,31.6,26.1,25,89
7/3/2024,Rajshahi,0,30.7,25.6,10.1,89
7/4/2024,Rajshahi,1,30.9,26,11.7,90
7/5/2024,Rajshahi,0,30.2,25.4,12.7,91
7/6/2024,Rajshahi,0,31.4,26,13.4,87
7/7/2024,Rajshahi,0,33.1,25.2,15.6,85
7/8/2024,Rajshahi,1,33.4,26.3,0.1,80
7/9/2024,Rajshahi,0,33.2,26.4,9.4,83
7/10/2024,Rajshahi,3,34.3,27,0.4,78
7/11/2024,Rajshahi,0,32.4,27.3,23.5,87
7/12/2024,Rajshahi,1,31.4,26.1,27.5,87
7/13/2024,Rajshahi,1,32.9,25.9,1.4,84
7/14/2024,Rajshahi,0,33.6,26.9,0.4,78
7/15/2024,Rajshahi,2,33.9,27.3,1,79
7/16/2024,Rajshahi,2,32.6,27.3,1.9,81
7/17/2024,Rajshahi,0,34,26.7,0.6,79
7/18/2024,Rajshahi,1,34.9,27.2,0.2,76
7/19/2024,Rajshahi,1,34.1,28,0.3,77
7/20/2024,Rajshahi,1,33.5,27.4,1.2,76
7/21/2024,Rajshahi,1,33.1,27.3,5.6,81
7/22/2024,Rajshahi,1,31.2,27.1,11.2,83
7/23/2024,Rajshahi,1,33,26.5,4.1,82
7/24/2024,Rajshahi,0,32.8,26.7,4,83
7/25/2024,Rajshahi,2,34.2,26.7,0.7,81
7/26/2024,Rajshahi,0,33.6,27,4.7,79
7/27/2024,Rajshahi,0,33.7,27.7,2.6,78
7/28/2024,Rajshahi,2,34.1,27.2,1.2,77
7/29/2024,Rajshahi,3,34,27.2,3,79
7/30/2024,Rajshahi,0,33.4,26.6,13.3,83
7/31/2024,Rajshahi,0,33.3,26.7,10.9,86
8/1/2024,Rajshahi,1,30.7,26.1,17,86
8/2/2024,Rajshahi,0,27.3,24.9,78.9,94
8/3/2024,Rajshahi,0,29.4,25.4,10.5,91
8/4/2024,Rajshahi,3,32.1,24.9,20.2,87
8/5/2024,Rajshahi,0,32.2,24.8,38,88
8/6/2024,Rajshahi,0,31.2,25.6,19.5,89
8/7/2024,Rajshahi,0,31.6,25.7,4.6,86
8/8/2024,Rajshahi,1,31.4,25.7,10.7,86
8/9/2024,Rajshahi,0,31.1,25.9,16.2,87
8/10/2024,Rajshahi,0,31.4,25.7,7.4,87
8/11/2024,Rajshahi,0,31.9,24.9,40.1,90
8/12/2024,Rajshahi,5,32.3,25.6,11.5,88
8/13/2024,Rajshahi,2,32.5,26.1,7.2,87
8/14/2024,Rajshahi,3,33.3,26,12.6,85
8/15/2024,Rajshahi,1,32.7,26.2,3.4,84
8/16/2024,Rajshahi,0,31.8,26.3,9.6,84
8/17/2024,Rajshahi,0,33.1,25.9,5.9,81
8/18/2024,Rajshahi,0,31.7,25.8,4.9,81
8/19/2024,Rajshahi,9,31.5,25,5.6,83
8/20/2024,Rajshahi,7,31.6,24.1,3.1,84
8/21/2024,Rajshahi,3,30.3,25.4,5.8,91
8/22/2024,Rajshahi,1,31.3,25,35.3,88
8/23/2024,Rajshahi,0,30.8,25.2,21.9,89
8/24/2024,Rajshahi,0,31,25.5,1.1,84
8/25/2024,Rajshahi,5,30.4,25.5,11.1,87
8/26/2024,Rajshahi,0,29.5,25.5,5.8,87
8/27/2024,Rajshahi,4,31.1,25.2,6.1,89
8/28/2024,Rajshahi,2,32.2,24.4,4.2,86
8/29/2024,Rajshahi,6,33.2,25.6,0.1,81
8/30/2024,Rajshahi,0,32.9,26,1.6,84
8/31/2024,Rajshahi,0,33.4,26.3,5.5,81
9/1/2024,Rajshahi,8,31.7,26.4,4.8,85
9/2/2024,Rajshahi,5,32.7,25.3,5.7,83
9/3/2024,Rajshahi,9,31.5,25.5,19.7,86
9/4/2024,Rajshahi,4,31.8,25.6,2.7,86
9/5/2024,Rajshahi,4,31.6,25.5,7.6,85
9/6/2024,Rajshahi,0,33.6,25.9,0,80
9/7/2024,Rajshahi,0,32.9,25.5,12,86
9/8/2024,Rajshahi,10,33.7,26,5.2,82
9/9/2024,Rajshahi,13,33,26.9,2,81
9/10/2024,Rajshahi,18,32.5,26.7,2.1,82
9/11/2024,Rajshahi,7,31.4,26.5,2.9,85
9/12/2024,Rajshahi,9,34.4,26.4,0.9,82
9/13/2024,Rajshahi,7,31.1,26.5,27.6,87
9/14/2024,Rajshahi,9,27.5,25.1,33.4,91
9/15/2024,Rajshahi,3,25.8,24.8,84.2,92
9/16/2024,Rajshahi,1,29,24.6,20.3,90
9/17/2024,Rajshahi,25,32.6,24.9,0,81
9/18/2024,Rajshahi,20,33.7,25.4,0.1,80
9/19/2024,Rajshahi,14,34,26.5,0.2,81
9/20/2024,Rajshahi,3,34.6,27.4,0,79
9/21/2024,Rajshahi,21,35.4,27.5,0,77
9/22/2024,Rajshahi,46,34.9,28.1,0,78
9/23/2024,Rajshahi,54,36,27.4,17.5,81
9/24/2024,Rajshahi,37,32.4,26.6,14.7,85
9/25/2024,Rajshahi,27,28.1,25.5,18.8,90
9/26/2024,Rajshahi,24,27.3,24.7,42.4,94
9/27/2024,Rajshahi,28,30.4,24.5,9.1,90
9/28/2024,Rajshahi,2,31.7,24.9,9.3,88
9/29/2024,Rajshahi,53,32,25.6,2,89
9/30/2024,Rajshahi,40,33,25.9,0.8,86
10/1/2024,Rajshahi,33,32.4,26.3,2,88
10/2/2024,Rajshahi,33,31.7,25.8,6.4,87
10/3/2024,Rajshahi,27,30,25.5,7.8,90
10/4/2024,Rajshahi,7,30,25,6.5,92
10/5/2024,Rajshahi,18,29.6,24.9,8.4,91
10/6/2024,Rajshahi,47,30.7,24.6,10.6,91
10/7/2024,Rajshahi,69,30.7,23.9,3.2,87
10/8/2024,Rajshahi,47,31.9,24.2,4.8,88
10/9/2024,Rajshahi,59,31.1,24.8,7.7,89
10/10/2024,Rajshahi,27,31.6,23.9,15.4,88
10/11/2024,Rajshahi,0,32.1,24.6,0.7,85
10/12/2024,Rajshahi,24,32.4,24.6,0,82
10/13/2024,Rajshahi,23,32.2,23.2,0,77
10/14/2024,Rajshahi,41,31.9,23.8,0,79
10/15/2024,Rajshahi,52,31.7,24,0.1,78
10/16/2024,Rajshahi,69,31.2,23.4,0.1,79
10/17/2024,Rajshahi,40,30,23.8,6.6,86
10/18/2024,Rajshahi,12,29.4,22.8,2.6,89
10/19/2024,Rajshahi,44,30.8,23,0,83
10/20/2024,Rajshahi,42,30.5,21.7,0,80
10/21/2024,Rajshahi,51,30.4,22.3,0.6,81
10/22/2024,Rajshahi,30,31.5,22.1,0,81
10/23/2024,Rajshahi,66,30.8,23.6,7.2,87
10/24/2024,Rajshahi,21,27.9,22.5,10.9,87
10/25/2024,Rajshahi,19,27.5,22.6,8.2,87
10/26/2024,Rajshahi,21,28.2,23.6,18.6,92
10/27/2024,Rajshahi,40,29.8,23.2,0,88
10/28/2024,Rajshahi,71,31,23.9,0.3,83
10/29/2024,Rajshahi,40,30.3,24.4,0.2,85
10/30/2024,Rajshahi,65,30.5,23.6,1.3,87
10/31/2024,Rajshahi,67,31,23,0.3,87
11/1/2024,Rajshahi,20,32.4,22.8,0,81
11/2/2024,Rajshahi,21,30.2,21.2,0,84
11/3/2024,Rajshahi,57,30,21.7,0.3,85
11/4/2024,Rajshahi,34,29.4,21.4,0.2,86
11/5/2024,Rajshahi,28,30.5,20.7,0.1,80
11/6/2024,Rajshahi,52,29.5,20.5,8.4,81
11/7/2024,Rajshahi,71,29.8,20.8,0,80
11/8/2024,Rajshahi,9,29.9,20.9,0,81
11/9/2024,Rajshahi,33,29,20.4,0,82
11/10/2024,Rajshahi,69,29.3,19.4,0,80
11/11/2024,Rajshahi,68,29.9,19.3,0,79
11/12/2024,Rajshahi,67,29.8,19.2,0,76
11/13/2024,Rajshahi,66,31.6,21,0,65
11/14/2024,Rajshahi,69,31.3,19.5,0,62
11/15/2024,Rajshahi,66,30.3,19.4,0,65
11/16/2024,Rajshahi,61,28.3,17.8,0,67
11/17/2024,Rajshahi,96,27.8,16.6,0,68
11/18/2024,Rajshahi,58,27.8,15.7,0,71
11/19/2024,Rajshahi,74,28.2,17.2,0,74
11/20/2024,Rajshahi,65,28.4,18.3,0,72
11/21/2024,Rajshahi,91,28,18.3,0,72
11/22/2024,Rajshahi,47,27.7,18.1,0,72
11/23/2024,Rajshahi,40,27.8,16.9,0,67
11/24/2024,Rajshahi,58,26.7,16,0,70
11/25/2024,Rajshahi,49,26.3,15.2,0,73
11/26/2024,Rajshahi,59,26.9,16,0,74
11/27/2024,Rajshahi,39,27.2,15.8,0,74
11/28/2024,Rajshahi,32,27.4,17.1,0,77
11/29/2024,Rajshahi,41,27.3,15.3,0,75
11/30/2024,Rajshahi,27,27.4,17.2,0,74
12/1/2024,Rajshahi,54,26.9,16.1,0,74
12/2/2024,Rajshahi,43,25.5,15.4,0,74
12/3/2024,Rajshahi,28,26.6,15.1,0,77
12/4/2024,Rajshahi,34,26.3,15.1,0,79
12/5/2024,Rajshahi,50,26.6,14.5,0,76
12/6/2024,Rajshahi,0,25.2,14.8,0,69
12/7/2024,Rajshahi,37,24,12.8,0,72
12/8/2024,Rajshahi,32,24.3,11.7,0,73
12/9/2024,Rajshahi,33,19.7,12.8,2.9,87
12/10/2024,Rajshahi,40,24.2,13.9,0,85
12/11/2024,Rajshahi,27,24,13.4,0,73
12/12/2024,Rajshahi,19,23.6,11.7,0,73
12/13/2024,Rajshahi,8,23.5,11.8,0,73
12/14/2024,Rajshahi,11,23.5,12.4,0,75
12/15/2024,Rajshahi,20,24.2,12.5,0,72
12/16/2024,Rajshahi,2,24.4,13,0,81
12/17/2024,Rajshahi,7,24.6,13.2,0,82
12/18/2024,Rajshahi,4,24.7,14,0,80
12/19/2024,Rajshahi,8,25.1,13.8,0,79
12/20/2024,Rajshahi,8,25.4,13.3,0,80
12/21/2024,Rajshahi,8,25,13.4,0,81
12/22/2024,Rajshahi,3,25,13.9,0,82
12/23/2024,Rajshahi,10,25.3,13.2,0,77
12/24/2024,Rajshahi,4,25.2,13.4,0,75
12/25/2024,Rajshahi,4,25,13.7,0,75
12/26/2024,Rajshahi,6,26,13.7,0,73
12/27/2024,Rajshahi,2,25.8,14.1,0,74
12/28/2024,Rajshahi,3,25.6,13.7,0,77
12/29/2024,Rajshahi,14,26.1,15.5,0,73
12/30/2024,Rajshahi,9,25,16.4,0,77
12/31/2024,Rajshahi,2,22.9,14.1,0,80
1/1/2025,Rajshahi,5,22.5,13.2,0,82
1/2/2025,Rajshahi,1,21.8,11.5,0,82
1/3/2025,Rajshahi,0,22.7,10.9,0,83
1/4/2025,Rajshahi,0,23.6,13.4,0,82
1/5/2025,Rajshahi,0,25.5,14.6,0,83
1/6/2025,Rajshahi,2,25.5,14.6,0,84
1/7/2025,Rajshahi,1,25.3,14.6,0.3,80
1/8/2025,Rajshahi,2,20.8,13,0,82
1/9/2025,Rajshahi,3,20.9,11.6,0,78
1/10/2025,Rajshahi,0,21.6,10.7,0,78
1/11/2025,Rajshahi,5,23.8,12.3,0,82
1/12/2025,Rajshahi,4,24,12.1,0,82
1/13/2025,Rajshahi,2,25.4,13.3,0,78
1/14/2025,Rajshahi,2,24.5,14.2,0,76
1/15/2025,Rajshahi,2,24,13.3,0,80
1/16/2025,Rajshahi,1,24.3,13.4,0,81
1/17/2025,Rajshahi,1,24.4,13.5,0,80
1/18/2025,Rajshahi,0,25,13.6,0,79
1/19/2025,Rajshahi,1,23.2,13,0,78
1/20/2025,Rajshahi,0,22.7,12.6,0,78
1/21/2025,Rajshahi,1,24,12,0,82
1/22/2025,Rajshahi,1,24.2,12.7,0,86
1/23/2025,Rajshahi,1,24.2,12.4,0,86
1/24/2025,Rajshahi,0,24.5,11.7,0,84
1/25/2025,Rajshahi,0,24.5,13.7,0,76
1/26/2025,Rajshahi,0,23.2,11.2,0,76
1/27/2025,Rajshahi,4,24.5,12.6,0,75
1/28/2025,Rajshahi,1,23.8,12.1,0,75
1/29/2025,Rajshahi,0,25.1,12.4,0,77
1/30/2025,Rajshahi,2,25.7,15.1,0.2,88
1/31/2025,Rajshahi,0,26.4,13.2,0.1,79
2/1/2025,Rajshahi,0,27.1,14,0,77
2/2/2025,Rajshahi,1,27.4,14.6,0,73
2/3/2025,Rajshahi,0,27,13.9,0,71
2/4/2025,Rajshahi,0,26,13.1,0,74
2/5/2025,Rajshahi,1,27,14.1,0,75
2/6/2025,Rajshahi,0,27.5,16.8,0,64
2/7/2025,Rajshahi,0,24.3,12.9,0,59
2/8/2025,Rajshahi,0,23.5,11.8,0,71
2/9/2025,Rajshahi,1,24.2,11.3,0,73
2/10/2025,Rajshahi,1,26.4,12.9,0,71
2/11/2025,Rajshahi,0,27.5,13.5,0,67
2/12/2025,Rajshahi,2,28.8,14.2,0,63
2/13/2025,Rajshahi,2,28.5,15.6,0,56
2/14/2025,Rajshahi,1,26.2,13.7,0,51
2/15/2025,Rajshahi,0,26.5,12.9,0,62
2/16/2025,Rajshahi,1,28.4,13.8,0,66
2/17/2025,Rajshahi,1,28.8,16.6,0,69
2/18/2025,Rajshahi,1,28.6,16.9,0,69
2/19/2025,Rajshahi,0,29,16.6,0,64
2/20/2025,Rajshahi,0,28.3,17.7,1.4,75
2/21/2025,Rajshahi,0,29.2,17.4,0,77
2/22/2025,Rajshahi,0,28.1,18.1,4.5,79
2/23/2025,Rajshahi,0,27.5,17.8,1.4,76
2/24/2025,Rajshahi,1,29.1,17,0,68
2/25/2025,Rajshahi,0,28.9,15.7,0,64
2/26/2025,Rajshahi,0,28.4,14.9,0,65
2/27/2025,Rajshahi,2,29.4,16.4,0,68
2/28/2025,Rajshahi,0,29.3,17.6,0,66
3/1/2025,Rajshahi,0,31.6,18.7,0,73
3/2/2025,Rajshahi,0,32.7,19.9,0,58
3/3/2025,Rajshahi,0,32.1,19.9,0,55
3/4/2025,Rajshahi,0,31.7,16.5,0,50
3/5/2025,Rajshahi,0,29.9,19.3,0,45
3/6/2025,Rajshahi,1,26.6,13.3,0,54
3/7/2025,Rajshahi,0,28.2,15.2,0,60
3/8/2025,Rajshahi,0,30.7,15.4,0,57
3/9/2025,Rajshahi,0,30.9,16.9,0,61
3/10/2025,Rajshahi,0,32.7,19.2,0,61
3/11/2025,Rajshahi,0,32.1,20.1,0,60
3/12/2025,Rajshahi,1,32.6,19,0,58
3/13/2025,Rajshahi,0,34.4,18.5,0,60
3/14/2025,Rajshahi,0,36.9,20.9,0,57
3/15/2025,Rajshahi,0,36.3,21.6,0,59
3/16/2025,Rajshahi,0,37,23.4,0,56
3/17/2025,Rajshahi,0,35.5,23,0,46
3/18/2025,Rajshahi,0,34.5,22.9,0,45
3/19/2025,Rajshahi,2,34,20.2,0,43
3/20/2025,Rajshahi,0,28.5,21.2,2.3,70
3/21/2025,Rajshahi,0,24.6,20.3,10.8,80
3/22/2025,Rajshahi,0,27.8,19.7,0,76
3/23/2025,Rajshahi,1,30.1,17.9,0.9,80
3/24/2025,Rajshahi,0,30.4,17.4,0,70
3/25/2025,Rajshahi,0,32.6,18.9,0,63
3/26/2025,Rajshahi,0,34.6,20,0,58
3/27/2025,Rajshahi,0,36,21.2,0,58
3/28/2025,Rajshahi,0,38.3,21,0,46
3/29/2025,Rajshahi,0,36.8,22.3,0,39
3/30/2025,Rajshahi,0,35.5,18,0,43
3/31/2025,Rajshahi,0,35.9,21.1,0,60
4/1/2025,Rajshahi,0,37.1,23.9,0,59
4/2/2025,Rajshahi,0,38.3,23.8,0,56
4/3/2025,Rajshahi,0,38.2,23.5,0,48
4/4/2025,Rajshahi,0,36.9,26.3,0,46
4/5/2025,Rajshahi,0,39.4,24.4,0,48
4/6/2025,Rajshahi,0,37,24,0.5,58
4/7/2025,Rajshahi,0,36.4,22.6,1.5,55
4/8/2025,Rajshahi,0,36,23.4,0.5,61
4/9/2025,Rajshahi,0,35.1,23.5,0.4,61
4/10/2025,Rajshahi,0,34.6,22.9,12.6,71
4/11/2025,Rajshahi,0,32.6,21.7,0.1,70
4/12/2025,Rajshahi,0,35.8,22.4,4.7,68
4/13/2025,Rajshahi,1,35.1,23.1,0,61
4/14/2025,Rajshahi,0,34.6,22.9,10,66
4/15/2025,Rajshahi,0,35.1,22.6,5.4,65
4/16/2025,Rajshahi,0,35.4,23.5,6.3,69
4/17/2025,Rajshahi,0,30.4,21.5,5.2,80
4/18/2025,Rajshahi,0,30.9,21.9,7.9,81
4/19/2025,Rajshahi,0,32.2,21.9,0,76
4/20/2025,Rajshahi,1,35.5,23.8,0.4,72
4/21/2025,Rajshahi,0,38.1,26.2,5.4,77
4/22/2025,Rajshahi,0,37.9,26.7,1.2,73
4/23/2025,Rajshahi,0,42.1,27,0,56
4/24/2025,Rajshahi,0,40.8,25.4,0,59
4/25/2025,Rajshahi,0,39.5,26.6,0.1,62
4/26/2025,Rajshahi,0,38.8,26.6,2.8,72
4/27/2025,Rajshahi,0,35.7,26.3,0.1,69
4/28/2025,Rajshahi,0,32.9,22,18.5,72
4/29/2025,Rajshahi,0,31.1,21.6,13.7,80
4/30/2025,Rajshahi,0,31.9,20.8,0.1,75
5/1/2025,Rajshahi,0,30.5,21.6,6.2,77
5/2/2025,Rajshahi,0,33.3,21.5,0,71
5/3/2025,Rajshahi,0,35.1,22.7,0.3,63
5/4/2025,Rajshahi,0,34.9,24.4,0,63
5/5/2025,Rajshahi,0,34.9,24.3,18.1,73
5/6/2025,Rajshahi,0,34.2,24.2,19.8,78
5/7/2025,Rajshahi,0,34.7,23.1,2.3,74
5/8/2025,Rajshahi,0,38.3,25.5,0,61
5/9/2025,Rajshahi,0,39.6,26.8,0,53
5/10/2025,Rajshahi,0,39,26.5,0.8,50
5/11/2025,Rajshahi,0,40.1,27.4,0.1,53
5/12/2025,Rajshahi,0,35.9,27.6,0.4,69
5/13/2025,Rajshahi,0,37.2,26.7,1.1,69
5/14/2025,Rajshahi,0,37.7,27.5,0.1,70
5/15/2025,Rajshahi,0,36.6,27.5,34,79
5/16/2025,Rajshahi,0,35,26.6,1.1,75
5/17/2025,Rajshahi,0,34.8,25.8,3.8,79
5/18/2025,Rajshahi,0,32.4,24.9,17.4,84
5/19/2025,Rajshahi,0,30.6,23.9,7.6,87
5/20/2025,Rajshahi,0,29.9,23.9,4.9,88
5/21/2025,Rajshahi,0,32,25.1,17.9,86
5/22/2025,Rajshahi,0,33,25,0.8,77
5/23/2025,Rajshahi,0,31.8,25.9,3.7,83
5/24/2025,Rajshahi,0,32.9,25,1.1,82
5/25/2025,Rajshahi,1,31.7,25.6,10.6,87
5/26/2025,Rajshahi,1,31.7,24.7,12.6,87
5/27/2025,Rajshahi,0,32.8,25.4,0.4,83
5/28/2025,Rajshahi,5,33.8,26.4,3.1,78
5/29/2025,Rajshahi,0,30.2,25.1,27.2,87
5/30/2025,Rajshahi,0,30.2,24.9,3.3,83
5/31/2025,Rajshahi,0,33.9,25.5,12.8,86
6/1/2025,Rajshahi,9,34.5,26.4,33.7,87
6/2/2025,Rajshahi,2,34.6,26.1,6.8,82
6/3/2025,Rajshahi,3,35.1,25.4,6.8,75
6/4/2025,Rajshahi,0,31.7,25,8.6,83
6/5/2025,Rajshahi,0,32.3,23.4,12,84
6/6/2025,Rajshahi,0,33,25,11.5,82
6/7/2025,Rajshahi,0,33.4,25,0.2,78
6/8/2025,Rajshahi,0,34.8,25.7,0,73
6/9/2025,Rajshahi,0,34.9,25.5,0,71
6/10/2025,Rajshahi,0,35.6,26.3,0.8,72
6/11/2025,Rajshahi,1,35,27.4,0.6,74
6/12/2025,Rajshahi,1,34.9,27.1,0,71
6/13/2025,Rajshahi,0,35.6,27.6,0,68
6/14/2025,Rajshahi,0,36.1,28.1,0.3,68
6/15/2025,Rajshahi,5,34.9,28.1,2.3,74
6/16/2025,Rajshahi,5,34.8,27.3,2.6,76
6/17/2025,Rajshahi,24,30.7,26.5,15.5,85
6/18/2025,Rajshahi,0,29.6,25.6,10.1,90
6/19/2025,Rajshahi,18,27.8,25.4,17.5,89
6/20/2025,Rajshahi,2,30.8,25.3,15.2,90
6/21/2025,Rajshahi,24,32.8,25.4,0.8,85
6/22/2025,Rajshahi,10,32.8,26.3,9.1,87
6/23/2025,Rajshahi,41,31.8,25.7,2.6,86
6/24/2025,Rajshahi,44,32.8,26.4,4.1,83
6/25/2025,Rajshahi,29,31.9,25.4,27.8,87
6/26/2025,Rajshahi,18,32,26,5,82
6/27/2025,Rajshahi,6,32.1,26.2,5.7,84
6/28/2025,Rajshahi,0,32.3,26.1,4.6,86
6/29/2025,Rajshahi,33,32.9,25.8,4.1,84
6/30/2025,Rajshahi,54,30.7,26.1,13.3,85
7/1/2025,Rajshahi,39,32.3,25.9,9,86
7/2/2025,Rajshahi,51,33,26.2,11.8,85
7/3/2025,Rajshahi,29,32,26.2,8.3,86
7/4/2025,Rajshahi,10,31.5,26.1,19.2,89
7/5/2025,Rajshahi,39,31.8,25.6,16.5,87
7/6/2025,Rajshahi,0,31.9,25.4,4.6,86
7/7/2025,Rajshahi,61,31.5,25.7,12.2,87
7/8/2025,Rajshahi,48,30.6,25.1,6.9,88
7/9/2025,Rajshahi,31,28.5,24.7,22.9,92
7/10/2025,Rajshahi,27,29.8,24.7,33.1,91
7/11/2025,Rajshahi,3,31.8,25.3,4.8,85
7/12/2025,Rajshahi,57,33.9,25.9,1.6,84
7/13/2025,Rajshahi,45,33.9,26.4,15.5,88
7/14/2025,Rajshahi,38,30.9,25.3,15.6,90
7/15/2025,Rajshahi,54,29.5,24.3,37.5,93
7/16/2025,Rajshahi,57,31.9,24.7,34,90
7/17/2025,Rajshahi,53,32.8,25.9,2.6,85
7/18/2025,Rajshahi,0,33.5,26,0.6,84
7/19/2025,Rajshahi,57,33.6,26.1,1.1,83
7/20/2025,Rajshahi,48,30.6,26.6,2.6,87
7/21/2025,Rajshahi,46,33.3,26.1,2,84
7/22/2025,Rajshahi,29,33.4,27.1,4,85
7/23/2025,Rajshahi,31,34.8,27.1,14.2,79
7/24/2025,Rajshahi,39,32.7,26.9,18.1,87
7/25/2025,Rajshahi,16,33.2,26.8,1.9,81
7/26/2025,Rajshahi,0,32.3,26.6,0.7,82
7/27/2025,Rajshahi,51,32.5,26.3,1.9,87
7/28/2025,Rajshahi,31,31,26.1,8,89
7/29/2025,Rajshahi,38,30.6,26,10.5,90
7/30/2025,Rajshahi,45,31.9,25.4,5.5,85
7/31/2025,Rajshahi,35,30.1,25.6,30.2,90
8/1/2025,Rajshahi,10,32.3,25.4,11.1,89
8/2/2025,Rajshahi,0,32.6,26.4,10.4,89
8/3/2025,Rajshahi,0,32,25.6,11.7,89
8/4/2025,Rajshahi,45,30.3,25.8,20.9,90
8/5/2025,Rajshahi,0,32.1,25.8,9.1,86
8/6/2025,Rajshahi,50,31.7,26,6.7,87
8/7/2025,Rajshahi,54,32.6,25.6,6.3,86
8/8/2025,Rajshahi,0,31.1,25.8,12.3,88
8/9/2025,Rajshahi,41,32.1,25.8,9.8,84
8/10/2025,Rajshahi,34,33.3,26.3,7.2,83
8/11/2025,Rajshahi,53,33,26.3,11.1,84
8/12/2025,Rajshahi,57,33.1,26.8,7.9,87
8/13/2025,Rajshahi,34,29,26.6,4.6,91
8/14/2025,Rajshahi,16,30.9,24.9,15.9,88
8/15/2025,Rajshahi,9,32.8,25.4,2.1,85
8/16/2025,Rajshahi,1,33.4,25.6,0.8,83
8/17/2025,Rajshahi,66,31.7,26.6,7.2,87
8/18/2025,Rajshahi,34,32.8,26.5,0.4,80
8/19/2025,Rajshahi,26,31.5,26.2,3.8,83
8/20/2025,Rajshahi,19,31.3,26.1,10.1,85
8/21/2025,Rajshahi,21,30.7,25.6,14.5,88
8/22/2025,Rajshahi,14,30.9,24.8,3.7,88
8/23/2025,Rajshahi,0,31.2,25.1,6.2,86
8/24/2025,Rajshahi,42,31.1,24.9,4.6,86
8/25/2025,Rajshahi,30,32.1,25,0.8,83
8/26/2025,Rajshahi,0,33.4,26,1,79
8/27/2025,Rajshahi,31,33.1,26.2,1.3,82
8/28/2025,Rajshahi,31,32.1,25.7,4.7,85
8/29/2025,Rajshahi,0,31.9,25.7,2.9,86
8/30/2025,Rajshahi,27,32.3,25.5,7.1,87
8/31/2025,Rajshahi,38,32.6,25.3,1.5,84
9/1/2025,Rajshahi,21,34.2,26.3,9.9,81
9/2/2025,Rajshahi,48,32.6,25.7,18.4,84
9/3/2025,Rajshahi,21,33.1,26.4,1.8,80
9/4/2025,Rajshahi,15,32.3,25.3,10.7,86
9/5/2025,Rajshahi,12,33.3,25.5,2.7,84
9/6/2025,Rajshahi,0,33.6,25.7,0.1,79
9/7/2025,Rajshahi,54,33.3,26.1,0.6,78
9/8/2025,Rajshahi,44,33.4,26.7,0.6,75
9/9/2025,Rajshahi,26,34.1,26.4,2.6,73
9/10/2025,Rajshahi,37,33.2,26.9,5.2,81
9/11/2025,Rajshahi,44,32.4,26.4,10.3,86
9/12/2025,Rajshahi,0,33.3,26,10.3,84
9/13/2025,Rajshahi,0,32,26.3,6.3,83
9/14/2025,Rajshahi,39,31.5,26.3,14.8,89
9/15/2025,Rajshahi,34,31.4,24.5,15.4,89
9/16/2025,Rajshahi,26,28.8,24.4,22.8,93
9/17/2025,Rajshahi,48,30.6,25.3,8.7,89
9/18/2025,Rajshahi,21,31.4,24.4,23.6,90
9/19/2025,Rajshahi,20,32,25.2,6.8,89
9/20/2025,Rajshahi,7,31.9,25.6,3.4,87
9/21/2025,Rajshahi,28,33.5,25.9,5.1,84
9/22/2025,Rajshahi,55,32.7,25.6,19.9,89
9/23/2025,Rajshahi,57,32.5,25.4,1.1,84
9/24/2025,Rajshahi,35,32.6,25.7,4.7,84
9/25/2025,Rajshahi,52,33.5,25.5,0.9,83
9/26/2025,Rajshahi,0,34.1,26.1,1.6,79
9/27/2025,Rajshahi,8,33.9,26.5,2.3,80
9/28/2025,Rajshahi,54,34.3,25.7,0.1,75
9/29/2025,Rajshahi,55,35,26.6,0,73
9/30/2025,Rajshahi,25,34.8,27.2,0.3,74
10/1/2025,Rajshahi,0,32.5,24.6,15.3,81
10/2/2025,Rajshahi,15,29.4,24.4,7.3,88
10/3/2025,Rajshahi,0,30.3,25.4,11.8,91
10/4/2025,Rajshahi,11,31.2,25.7,3.1,87
10/5/2025,Rajshahi,82,30.7,24.4,27.1,89
10/6/2025,Rajshahi,64,31.9,24.4,1.3,82
10/7/2025,Rajshahi,32,32.1,24.5,0.9,82
10/8/2025,Rajshahi,32,31.7,24.5,8.7,86
10/9/2025,Rajshahi,63,31.9,24.5,4.2,83
10/10/2025,Rajshahi,0,33,24.5,0.2,76
10/11/2025,Rajshahi,0,32.7,23.9,0,71
10/12/2025,Rajshahi,69,32.9,24,0,65
10/13/2025,Rajshahi,76,32.8,23.6,0,67
10/14/2025,Rajshahi,0,33,23.2,0,62
10/15/2025,Rajshahi,47,32.6,22.6,0,65
10/16/2025,Rajshahi,0,33.3,23.1,0,65
10/17/2025,Rajshahi,0,34.3,24,0,69
10/18/2025,Rajshahi,75,34.6,24.3,1.2,71
10/19/2025,Rajshahi,79,34.8,24.5,1.2,69
10/20/2025,Rajshahi,63,34.2,25,0,69
10/21/2025,Rajshahi,40,33.9,23.6,0,67
10/22/2025,Rajshahi,39,33.8,22.9,0,67
10/23/2025,Rajshahi,37,34.6,23.6,0,63
10/24/2025,Rajshahi,0,34.2,23.7,0,65
10/25/2025,Rajshahi,0,34.3,23.5,0,64
10/26/2025,Rajshahi,56,34.2,25.4,0,64
10/27/2025,Rajshahi,78,34.7,24.8,0,62
10/28/2025,Rajshahi,46,34.3,24.4,0.8,68
10/29/2025,Rajshahi,66,34.5,24.4,20,80
10/30/2025,Rajshahi,63,30.6,23.5,3.9,85
10/31/2025,Rajshahi,0,31.8,24.3,8.4,84
1/1/2022,Rangpur,0,23.6,11.5,0,82
1/2/2022,Rangpur,0,23.5,11.4,0,82
1/3/2022,Rangpur,0,22.5,12,0,86
1/4/2022,Rangpur,0,22.5,10.1,0,87
1/5/2022,Rangpur,0,23,9.9,0,83
1/6/2022,Rangpur,0,23.3,11.1,0,84
1/7/2022,Rangpur,0,24.5,11.5,0,82
1/8/2022,Rangpur,0,24.8,11.9,0,82
1/9/2022,Rangpur,0,24.6,12.1,0,83
1/10/2022,Rangpur,0,24.3,13.9,0,85
1/11/2022,Rangpur,0,24.8,13.3,0,83
1/12/2022,Rangpur,0,23.7,14.8,7,84
1/13/2022,Rangpur,0,22.8,13.4,1.6,86
1/14/2022,Rangpur,0,21.9,11.6,0,85
1/15/2022,Rangpur,0,22.9,12.2,0,81
1/16/2022,Rangpur,0,22.8,10.8,0,75
1/17/2022,Rangpur,0,23.3,10.7,0,81
1/18/2022,Rangpur,0,23.7,11.6,0,82
1/19/2022,Rangpur,0,23.3,11.1,0,82
1/20/2022,Rangpur,0,19.3,11.6,0.5,89
1/21/2022,Rangpur,0,21.6,12.3,0.1,84
1/22/2022,Rangpur,0,22.2,11.2,0,85
1/23/2022,Rangpur,0,17.9,13.8,1.6,87
1/24/2022,Rangpur,0,22.9,13.4,0,79
1/25/2022,Rangpur,0,21.5,12.4,0,81
1/26/2022,Rangpur,0,20.6,11.4,0,84
1/27/2022,Rangpur,0,21.2,12.4,0.2,64
1/28/2022,Rangpur,0,19.5,8.1,0.1,68
1/29/2022,Rangpur,0,20.7,7.2,0,73
1/30/2022,Rangpur,0,20.8,8.4,0,77
1/31/2022,Rangpur,0,21.6,8.3,0,75
2/1/2022,Rangpur,0,22.7,11.5,0.5,71
2/2/2022,Rangpur,0,21.3,11.3,0.2,80
2/3/2022,Rangpur,0,23.4,12.8,0,72
2/4/2022,Rangpur,0,16.2,13.2,31.3,86
2/5/2022,Rangpur,0,17.3,11.1,10.7,88
2/6/2022,Rangpur,0,17.8,8.7,0,87
2/7/2022,Rangpur,0,19.8,9.2,0.4,82
2/8/2022,Rangpur,0,22,9.9,0.1,79
2/9/2022,Rangpur,0,22.6,10.1,0,82
2/10/2022,Rangpur,0,22.8,13.1,3.4,85
2/11/2022,Rangpur,0,22.6,13.1,1.6,78
2/12/2022,Rangpur,0,22.5,10.3,0,72
2/13/2022,Rangpur,0,23,9.5,0,77
2/14/2022,Rangpur,0,23.8,10.3,0,79
2/15/2022,Rangpur,0,24.8,10.2,0,73
2/16/2022,Rangpur,0,24.6,11.7,0,69
2/17/2022,Rangpur,0,25.3,11.5,0,69
2/18/2022,Rangpur,0,25.4,12.2,0,68
2/19/2022,Rangpur,0,25.5,11.1,0,62
2/20/2022,Rangpur,0,25.1,13.4,0.1,60
2/21/2022,Rangpur,0,24.4,12.2,0,75
2/22/2022,Rangpur,0,24.2,12.5,0,73
2/23/2022,Rangpur,1,26,13.4,0,69
2/24/2022,Rangpur,0,27.1,15.1,0,68
2/25/2022,Rangpur,0,25,16.2,12.3,82
2/26/2022,Rangpur,0,26.4,14.2,0,76
2/27/2022,Rangpur,0,27.4,12.7,0,73
2/28/2022,Rangpur,0,28.1,15,0.1,66
3/1/2022,Rangpur,0,27.8,13.3,0,67
3/2/2022,Rangpur,0,28.1,13.9,0,64
3/3/2022,Rangpur,0,29.1,14.2,0,62
3/4/2022,Rangpur,0,29.8,15.1,0,60
3/5/2022,Rangpur,0,30.3,15.3,0,55
3/6/2022,Rangpur,0,29.7,14.4,0,62
3/7/2022,Rangpur,0,31.3,15.5,0,66
3/8/2022,Rangpur,0,32.4,15.9,0,61
3/9/2022,Rangpur,0,32,15.8,0,58
3/10/2022,Rangpur,0,31.8,15.2,0,60
3/11/2022,Rangpur,0,32,16,0,56
3/12/2022,Rangpur,0,32.1,17.2,0,55
3/13/2022,Rangpur,0,32.6,17,0,58
3/14/2022,Rangpur,0,34.1,18.7,0,59
3/15/2022,Rangpur,0,33,19.2,0,59
3/16/2022,Rangpur,0,33.4,17.9,0,64
3/17/2022,Rangpur,0,34.4,20.2,0,64
3/18/2022,Rangpur,0,34.5,19.9,0,62
3/19/2022,Rangpur,0,34.5,21.2,0,56
3/20/2022,Rangpur,0,34.2,21.7,0,54
3/21/2022,Rangpur,0,33.6,22.3,0.3,62
3/22/2022,Rangpur,0,34.3,21.6,1,74
3/23/2022,Rangpur,0,34.3,21.5,0,68
3/24/2022,Rangpur,0,34.5,21.9,0,59
3/25/2022,Rangpur,0,35.7,22.3,0.1,62
3/26/2022,Rangpur,0,36.2,23.1,0,58
3/27/2022,Rangpur,0,31.2,21.6,1.7,79
3/28/2022,Rangpur,0,30.4,21.4,0.6,78
3/29/2022,Rangpur,0,29.3,21.5,0.3,80
3/30/2022,Rangpur,0,28.7,21.8,1.4,79
3/31/2022,Rangpur,0,27.2,21.2,43.4,88
4/1/2022,Rangpur,0,29.2,21.3,3.4,88
4/2/2022,Rangpur,0,27,22.1,7.3,87
4/3/2022,Rangpur,0,29,21.2,52.2,88
4/4/2022,Rangpur,0,32.8,22.3,5.1,87
4/5/2022,Rangpur,0,32.2,23.8,4.5,80
4/6/2022,Rangpur,0,27.6,22.2,4.6,90
4/7/2022,Rangpur,0,29.3,21.4,2.4,84
4/8/2022,Rangpur,0,29.2,21.1,2.2,83
4/9/2022,Rangpur,0,27.5,20.3,8.3,83
4/10/2022,Rangpur,0,24.9,20.3,72.9,88
4/11/2022,Rangpur,0,28.3,19.9,0.2,82
4/12/2022,Rangpur,0,28.7,22,1.3,84
4/13/2022,Rangpur,0,27.3,22.3,7.9,90
4/14/2022,Rangpur,0,34.6,22.4,2.3,84
4/15/2022,Rangpur,0,34.3,23.5,0.1,80
4/16/2022,Rangpur,0,33.9,23.7,4.5,83
4/17/2022,Rangpur,0,32.9,21.6,6.2,85
4/18/2022,Rangpur,0,29.9,20.7,0.3,83
4/19/2022,Rangpur,0,29.9,20.4,12.7,83
4/20/2022,Rangpur,0,27.1,21.1,18.2,85
4/21/2022,Rangpur,0,30.1,20,0.2,82
4/22/2022,Rangpur,0,28.2,21.4,5.3,87
4/23/2022,Rangpur,0,32.3,22.8,3.5,86
4/24/2022,Rangpur,0,34.8,22.3,0,81
4/25/2022,Rangpur,0,35.2,21.6,0,81
4/26/2022,Rangpur,0,33.6,23.9,0.8,81
4/27/2022,Rangpur,0,31.3,22.7,4.6,83
4/28/2022,Rangpur,0,30.6,21.2,2.3,83
4/29/2022,Rangpur,0,29.5,23.5,6.9,85
4/30/2022,Rangpur,0,29,21.3,34.3,85
5/1/2022,Rangpur,0,30,20.7,2.4,79
5/2/2022,Rangpur,0,29,21.4,5.1,83
5/3/2022,Rangpur,0,30.4,21.3,8.4,84
5/4/2022,Rangpur,0,29.2,21,0.2,80
5/5/2022,Rangpur,0,29.6,22,2.4,82
5/6/2022,Rangpur,0,30.6,22.3,6.3,84
5/7/2022,Rangpur,0,30.7,22.5,3.3,85
5/8/2022,Rangpur,0,31.4,23.1,1.5,80
5/9/2022,Rangpur,0,31.9,22.3,3.8,80
5/10/2022,Rangpur,0,29.5,23.3,5,86
5/11/2022,Rangpur,0,30.5,22.9,25.4,87
5/12/2022,Rangpur,0,30.6,22.9,82.1,88
5/13/2022,Rangpur,0,29,23.4,92.6,93
5/14/2022,Rangpur,0,29.9,23.3,13.2,92
5/15/2022,Rangpur,0,32.7,23.1,8.9,87
5/16/2022,Rangpur,0,29.9,23.1,15.6,91
5/17/2022,Rangpur,0,31.2,22.6,27.2,91
5/18/2022,Rangpur,0,30.1,23.1,31.9,89
5/19/2022,Rangpur,0,29,22.3,29.1,91
5/20/2022,Rangpur,0,29.6,21.9,30.9,89
5/21/2022,Rangpur,0,27.7,22.2,30.9,88
5/22/2022,Rangpur,0,30.1,21.7,23.7,83
5/23/2022,Rangpur,0,31.2,22,5.1,85
5/24/2022,Rangpur,0,32.6,22.2,0.1,79
5/25/2022,Rangpur,0,31.9,24.2,4.5,82
5/26/2022,Rangpur,0,31.1,22.8,6.1,85
5/27/2022,Rangpur,0,31,23.2,10,84
5/28/2022,Rangpur,0,31.3,23.1,1.3,82
5/29/2022,Rangpur,0,31.5,23.4,0.9,81
5/30/2022,Rangpur,0,31.8,24.2,0.7,82
5/31/2022,Rangpur,0,32.1,24.3,2.7,82
6/1/2022,Rangpur,0,32,24.2,2.4,83
6/2/2022,Rangpur,0,30.4,23.8,15.8,85
6/3/2022,Rangpur,0,31,24.4,44.9,88
6/4/2022,Rangpur,0,28.9,23.7,61.7,92
6/5/2022,Rangpur,0,31.6,25.2,0.6,85
6/6/2022,Rangpur,0,28.2,24.3,52.1,91
6/7/2022,Rangpur,0,29.6,24.4,23.6,89
6/8/2022,Rangpur,0,31.5,24,10.7,88
6/9/2022,Rangpur,0,27.5,24.2,88.9,93
6/10/2022,Rangpur,0,30.7,23.9,46.2,89
6/11/2022,Rangpur,0,29,24.1,55.3,93
6/12/2022,Rangpur,0,32.6,23.9,35.5,90
6/13/2022,Rangpur,0,28,23.8,58.2,92
6/14/2022,Rangpur,1,29.3,24.1,51.4,93
6/15/2022,Rangpur,0,31.8,23.9,81.8,89
6/16/2022,Rangpur,0,26.7,24.4,46.9,96
6/17/2022,Rangpur,0,31.4,23.8,58.9,92
6/18/2022,Rangpur,0,30.1,24.1,48.4,89
6/19/2022,Rangpur,0,30.4,23.8,19.7,87
6/20/2022,Rangpur,0,31.1,24.2,29.9,87
6/21/2022,Rangpur,0,30.5,23.9,20.2,89
6/22/2022,Rangpur,0,32.4,24.4,1.6,84
6/23/2022,Rangpur,0,32.4,25.5,0.6,81
6/24/2022,Rangpur,0,32.1,25.7,2.9,78
6/25/2022,Rangpur,0,31.9,25.8,1.7,78
6/26/2022,Rangpur,0,31.8,25.8,4.7,82
6/27/2022,Rangpur,0,32.1,24.8,14.3,88
6/28/2022,Rangpur,0,28.7,24.8,36.3,94
6/29/2022,Rangpur,0,27.6,24,53.5,95
6/30/2022,Rangpur,0,30.9,23.9,15,86
7/1/2022,Rangpur,0,31.3,24.5,12.6,86
7/2/2022,Rangpur,0,32.5,25.6,4,83
7/3/2022,Rangpur,0,33.3,26,2.9,81
7/4/2022,Rangpur,0,33.1,25.8,0.5,80
7/5/2022,Rangpur,0,33.6,27.1,2.8,79
7/6/2022,Rangpur,0,32.5,26.3,0.2,79
7/7/2022,Rangpur,0,34.7,25.1,0.2,76
7/8/2022,Rangpur,0,34,26.8,1.1,76
7/9/2022,Rangpur,0,33.7,25.6,2.3,78
7/10/2022,Rangpur,0,34.2,26.5,0.4,76
7/11/2022,Rangpur,0,33.8,27.4,1.4,78
7/12/2022,Rangpur,0,35,26.7,0.9,76
7/13/2022,Rangpur,0,34.9,26.8,2,77
7/14/2022,Rangpur,0,34.8,27.5,1.7,76
7/15/2022,Rangpur,0,35.1,27.5,1.2,75
7/16/2022,Rangpur,0,36.1,27.5,1.5,71
7/17/2022,Rangpur,0,35.4,28.3,0.5,69
7/18/2022,Rangpur,0,35.4,27.5,2.9,68
7/19/2022,Rangpur,0,34,27.1,2.5,75
7/20/2022,Rangpur,0,31.9,25.7,16.3,87
7/21/2022,Rangpur,0,33,25.8,2.3,82
7/22/2022,Rangpur,0,31.3,25.9,11.3,86
7/23/2022,Rangpur,0,33.5,26.2,13.6,85
7/24/2022,Rangpur,0,28.6,25,31.1,91
7/25/2022,Rangpur,0,30.5,24.8,9.2,88
7/26/2022,Rangpur,0,29,24.9,36,90
7/27/2022,Rangpur,0,32.3,24.3,13.6,85
7/28/2022,Rangpur,0,30.1,25,18,88
7/29/2022,Rangpur,0,32,25,8.9,87
7/30/2022,Rangpur,0,31.2,25.2,10.8,89
7/31/2022,Rangpur,0,29.3,24.7,41.3,93
8/1/2022,Rangpur,0,28.2,24.7,31,94
8/2/2022,Rangpur,0,31.8,24.8,0.8,86
8/3/2022,Rangpur,0,32.4,25.8,4.6,87
8/4/2022,Rangpur,0,31.5,25.6,9.7,87
8/5/2022,Rangpur,0,34,25.4,1,80
8/6/2022,Rangpur,0,31.5,25.2,25,87
8/7/2022,Rangpur,0,34.2,25.5,2.7,80
8/8/2022,Rangpur,0,33.3,26.6,4.6,81
8/9/2022,Rangpur,0,33.2,26.4,0.2,74
8/10/2022,Rangpur,0,32.5,26.6,3,75
8/11/2022,Rangpur,0,33.5,26,0.1,72
8/12/2022,Rangpur,0,33,25.7,0.1,78
8/13/2022,Rangpur,0,32.7,26.4,12.9,85
8/14/2022,Rangpur,0,31.9,26.1,2.3,82
8/15/2022,Rangpur,0,32.8,25.3,1.1,80
8/16/2022,Rangpur,0,32.5,25.7,1.4,83
8/17/2022,Rangpur,0,33.3,26.3,2.3,84
8/18/2022,Rangpur,0,35.3,26.9,0.7,81
8/19/2022,Rangpur,0,32.7,26.4,1.9,80
8/20/2022,Rangpur,0,33,27.3,5.2,75
8/21/2022,Rangpur,0,33,26.4,0.3,76
8/22/2022,Rangpur,0,33.5,26.2,1.2,81
8/23/2022,Rangpur,0,31.2,27.2,15.3,89
8/24/2022,Rangpur,0,33.2,26.3,0.5,81
8/25/2022,Rangpur,0,31.9,25.4,0.8,79
8/26/2022,Rangpur,0,32.7,25.4,1.6,80
8/27/2022,Rangpur,0,32.4,25.4,10.8,82
8/28/2022,Rangpur,1,29.6,24.7,21,89
8/29/2022,Rangpur,1,31.3,24.6,15.1,89
8/30/2022,Rangpur,0,31.4,24.9,14.1,89
8/31/2022,Rangpur,5,30.1,25.1,10,91
9/1/2022,Rangpur,0,30.5,24.5,4.8,89
9/2/2022,Rangpur,0,29.9,24.7,17.9,91
9/3/2022,Rangpur,0,31.1,25.2,9.8,90
9/4/2022,Rangpur,0,30.6,25.1,17.7,90
9/5/2022,Rangpur,0,30.1,24.5,25.8,89
9/6/2022,Rangpur,0,30.8,24.9,7,89
9/7/2022,Rangpur,0,31.6,24.7,9.1,86
9/8/2022,Rangpur,0,32,26.1,10.6,87
9/9/2022,Rangpur,0,33.1,25.8,0.5,79
9/10/2022,Rangpur,0,32.9,25.3,7.2,79
9/11/2022,Rangpur,1,30,24.3,24.5,88
9/12/2022,Rangpur,6,28.7,24.7,16,90
9/13/2022,Rangpur,3,27.7,24.1,36.4,92
9/14/2022,Rangpur,0,29.2,24.1,47.6,91
9/15/2022,Rangpur,0,29,23.8,15.5,90
9/16/2022,Rangpur,0,30.6,23.9,14.5,90
9/17/2022,Rangpur,6,29.9,24.2,22.2,89
9/18/2022,Rangpur,0,32.5,24.6,1.4,88
9/19/2022,Rangpur,1,31.6,25,22.5,89
9/20/2022,Rangpur,0,31.2,25.1,3.2,86
9/21/2022,Rangpur,0,31.2,25.4,0.6,85
9/22/2022,Rangpur,0,31.4,24.9,3.9,87
9/23/2022,Rangpur,0,30.5,24.5,13.1,88
9/24/2022,Rangpur,2,29.7,24,17.8,89
9/25/2022,Rangpur,1,29.6,23.6,23,89
9/26/2022,Rangpur,0,30.4,24.4,2.8,89
9/27/2022,Rangpur,1,30.3,24.2,7.5,88
9/28/2022,Rangpur,0,30.9,24.2,13.5,90
9/29/2022,Rangpur,0,31.5,23.3,11.5,89
9/30/2022,Rangpur,0,32.5,24.6,0.4,87
10/1/2022,Rangpur,0,33.7,25.3,0.1,83
10/2/2022,Rangpur,0,32.5,25.6,0.8,85
10/3/2022,Rangpur,1,29,24.6,11.9,90
10/4/2022,Rangpur,0,29.5,24.2,45.4,91
10/5/2022,Rangpur,0,30.4,24.2,6.9,88
10/6/2022,Rangpur,0,30.3,23.9,4,87
10/7/2022,Rangpur,0,31,23.9,6.9,90
10/8/2022,Rangpur,0,31.9,24.5,15.1,89
10/9/2022,Rangpur,1,29.8,23.2,36.1,92
10/10/2022,Rangpur,8,30.6,23.3,21.8,90
10/11/2022,Rangpur,2,28.3,22.8,17.4,92
10/12/2022,Rangpur,3,27,23.3,15.6,92
10/13/2022,Rangpur,1,28.1,22.7,4.6,91
10/14/2022,Rangpur,0,30.5,23.3,0.7,86
10/15/2022,Rangpur,0,30.8,21.8,0,82
10/16/2022,Rangpur,2,30.5,21.1,0,82
10/17/2022,Rangpur,0,31.3,21.2,0,83
10/18/2022,Rangpur,1,31.2,21.5,0,83
10/19/2022,Rangpur,0,30.8,21.3,0.1,79
10/20/2022,Rangpur,1,30.2,20.3,0.5,81
10/21/2022,Rangpur,0,30.7,20.7,0,82
10/22/2022,Rangpur,6,31.3,19.9,0,77
10/23/2022,Rangpur,0,31.3,19.2,0.5,81
10/24/2022,Rangpur,6,25.5,20.5,15.5,82
10/25/2022,Rangpur,6,25.1,19.6,32.6,87
10/26/2022,Rangpur,2,28.3,19.6,0.9,82
10/27/2022,Rangpur,1,28.7,18.3,0.2,83
10/28/2022,Rangpur,0,28.3,18.8,0,85
10/29/2022,Rangpur,0,29.5,20,0,83
10/30/2022,Rangpur,3,29.8,19.8,0,84
10/31/2022,Rangpur,4,30,19.9,0,84
11/1/2022,Rangpur,1,30.1,20.8,0,83
11/2/2022,Rangpur,0,29,19.6,0.2,82
11/3/2022,Rangpur,19,28,18.6,0,79
11/4/2022,Rangpur,0,29.1,18.5,0.3,82
11/5/2022,Rangpur,5,29.3,19.6,0,82
11/6/2022,Rangpur,0,29.1,19.1,0.1,81
11/7/2022,Rangpur,6,28.3,19.3,0.4,82
11/8/2022,Rangpur,6,28.7,19.2,0.1,78
11/9/2022,Rangpur,4,28.4,18.8,0.2,79
11/10/2022,Rangpur,6,28.3,18.1,0,78
11/11/2022,Rangpur,0,27.9,18.2,0,78
11/12/2022,Rangpur,5,27.5,17.3,0,77
11/13/2022,Rangpur,0,27,16.1,0,77
11/14/2022,Rangpur,3,27.5,16.1,0,77
11/15/2022,Rangpur,3,27.4,15.4,0,76
11/16/2022,Rangpur,1,27.5,15.3,0,73
11/17/2022,Rangpur,3,27.3,15.8,0,75
11/18/2022,Rangpur,0,27.1,15.8,0,79
11/19/2022,Rangpur,0,27.6,15.8,0,80
11/20/2022,Rangpur,0,27.6,14.6,0,80
11/21/2022,Rangpur,5,26.5,14,0,83
11/22/2022,Rangpur,1,27.2,13.7,0,76
11/23/2022,Rangpur,2,27.1,15.3,0,76
11/24/2022,Rangpur,5,27.1,14.6,0,77
11/25/2022,Rangpur,0,27.1,14.9,0,76
11/26/2022,Rangpur,1,27.1,14,0,82
11/27/2022,Rangpur,2,26.8,14.7,0,84
11/28/2022,Rangpur,0,26.8,15.6,0,79
11/29/2022,Rangpur,1,27.6,15.8,0,75
11/30/2022,Rangpur,0,27.9,15.5,0,77
12/1/2022,Rangpur,0,27.2,14.4,0,73
12/2/2022,Rangpur,0,27.1,13.3,0,72
12/3/2022,Rangpur,2,26.7,13.5,0,74
12/4/2022,Rangpur,1,26.8,13.9,0,77
12/5/2022,Rangpur,3,26.7,13.8,0,75
12/6/2022,Rangpur,2,26.4,14,0,75
12/7/2022,Rangpur,1,26.1,14.1,0,74
12/8/2022,Rangpur,0,26.4,14.1,0,78
12/9/2022,Rangpur,1,25.9,13.5,0,76
12/10/2022,Rangpur,1,26.2,13.1,0,76
12/11/2022,Rangpur,1,26,13.5,0,76
12/12/2022,Rangpur,0,25.9,13.2,0,75
12/13/2022,Rangpur,0,25.6,13.7,0,74
12/14/2022,Rangpur,0,25.7,14.3,0,77
12/15/2022,Rangpur,0,25.3,14.2,0,78
12/16/2022,Rangpur,0,24.9,13.6,0,77
12/17/2022,Rangpur,0,25.5,13.8,0,80
12/18/2022,Rangpur,0,26.2,15.5,0,78
12/19/2022,Rangpur,0,25.7,14.6,0,79
12/20/2022,Rangpur,0,25.3,13.5,0,82
12/21/2022,Rangpur,0,25.6,13.9,0,80
12/22/2022,Rangpur,0,24.7,14,0,79
12/23/2022,Rangpur,0,23.7,12,0,81
12/24/2022,Rangpur,0,24.3,12.3,0,82
12/25/2022,Rangpur,1,24.3,14.4,0,78
12/26/2022,Rangpur,0,24.7,15.5,0,83
12/27/2022,Rangpur,0,23.8,14.1,0,77
12/28/2022,Rangpur,1,21,11.6,0,83
12/29/2022,Rangpur,0,21.4,11.2,0,84
12/30/2022,Rangpur,0,22.1,11.1,0,83
12/31/2022,Rangpur,1,22,11.7,0,84
1/1/2023,Rangpur,0,22.2,11.9,0,86
1/2/2023,Rangpur,0,22.5,10.7,0,80
1/3/2023,Rangpur,0,22.6,10.6,0,83
1/4/2023,Rangpur,1,22.2,10.8,0,85
1/5/2023,Rangpur,1,21.5,9.9,0,85
1/6/2023,Rangpur,0,22,9.6,0,85
1/7/2023,Rangpur,0,22.3,9.4,0,86
1/8/2023,Rangpur,0,21.5,9.3,0,87
1/9/2023,Rangpur,0,22.9,9.4,0,85
1/10/2023,Rangpur,0,22.3,9.3,0,83
1/11/2023,Rangpur,0,21.6,9.3,0,85
1/12/2023,Rangpur,0,21.8,9.3,0,85
1/13/2023,Rangpur,0,21.8,8.8,0,82
1/14/2023,Rangpur,0,23.1,10.1,0,81
1/15/2023,Rangpur,0,22.7,10.8,0,80
1/16/2023,Rangpur,0,20.5,9.2,0,82
1/17/2023,Rangpur,0,20,7.3,0,81
1/18/2023,Rangpur,0,20.1,7.6,0,80
1/19/2023,Rangpur,0,21.3,8.5,0,80
1/20/2023,Rangpur,0,22.1,9,0,80
1/21/2023,Rangpur,0,22.8,10.1,0,77
1/22/2023,Rangpur,0,23.1,9.4,0,79
1/23/2023,Rangpur,0,23.7,12.3,0,79
1/24/2023,Rangpur,0,24.7,12.1,0,74
1/25/2023,Rangpur,0,25.1,11.8,0,75
1/26/2023,Rangpur,0,25.5,12.1,0,76
1/27/2023,Rangpur,0,25.4,12.6,0,82
1/28/2023,Rangpur,0,25.5,14.1,0,85
1/29/2023,Rangpur,0,25.1,12.8,0,86
1/30/2023,Rangpur,0,26.7,13.7,0,82
1/31/2023,Rangpur,0,26.9,14.2,0,78
2/1/2023,Rangpur,0,25.2,15.4,0,77
2/2/2023,Rangpur,0,23.2,12,0,80
2/3/2023,Rangpur,0,24.9,11.6,0,82
2/4/2023,Rangpur,0,24.8,12.1,0,79
2/5/2023,Rangpur,0,24.1,12.4,0,81
2/6/2023,Rangpur,0,25.2,11.9,0.1,77
2/7/2023,Rangpur,0,25.2,13.1,0,72
2/8/2023,Rangpur,0,25.7,13.7,0,76
2/9/2023,Rangpur,0,24.9,14.8,0,79
2/10/2023,Rangpur,0,24.6,14.1,0,76
2/11/2023,Rangpur,0,25.3,13.3,0,80
2/12/2023,Rangpur,0,27.1,13.9,0.2,69
2/13/2023,Rangpur,0,23.8,13.2,0,48
2/14/2023,Rangpur,0,24.1,10.2,0,72
2/15/2023,Rangpur,0,25.7,11.9,0,69
2/16/2023,Rangpur,0,26.7,13,0,70
2/17/2023,Rangpur,0,27.9,14.9,0,71
2/18/2023,Rangpur,0,27.7,14.6,0,64
2/19/2023,Rangpur,0,28.2,15.3,0,64
2/20/2023,Rangpur,0,27.9,15.9,0.6,75
2/21/2023,Rangpur,0,27.6,18.4,2.4,78
2/22/2023,Rangpur,0,29.6,17.4,0,78
2/23/2023,Rangpur,0,30,17.1,0,70
2/24/2023,Rangpur,0,28.6,16.6,0,77
2/25/2023,Rangpur,0,28.1,17,0,74
2/26/2023,Rangpur,0,28.6,15.1,0,68
2/27/2023,Rangpur,0,28.7,14.9,0,61
2/28/2023,Rangpur,0,28.4,15,0,66
3/1/2023,Rangpur,0,28.9,17.6,0,66
3/2/2023,Rangpur,0,29,17.6,0,67
3/3/2023,Rangpur,0,29.6,18.1,0,67
3/4/2023,Rangpur,0,30.6,17.1,0,68
3/5/2023,Rangpur,0,31.3,18.3,0,66
3/6/2023,Rangpur,0,31,18.2,0,59
3/7/2023,Rangpur,0,31.1,14.8,0,55
3/8/2023,Rangpur,0,31.2,15.2,0,57
3/9/2023,Rangpur,0,31.7,16.9,0,59
3/10/2023,Rangpur,0,32.4,17.2,0,52
3/11/2023,Rangpur,0,32.2,17.8,0,50
3/12/2023,Rangpur,0,32.3,16.9,0,51
3/13/2023,Rangpur,0,32.7,16.8,0,55
3/14/2023,Rangpur,0,33,17.5,0,59
3/15/2023,Rangpur,0,31.1,17.8,0,70
3/16/2023,Rangpur,0,29.8,17.7,4.5,77
3/17/2023,Rangpur,0,30,19.4,2.2,68
3/18/2023,Rangpur,0,28.7,18.2,8.3,77
3/19/2023,Rangpur,0,24.7,18.7,18.2,88
3/20/2023,Rangpur,0,24,17.8,11.1,90
3/21/2023,Rangpur,0,25.5,17.7,5.4,84
3/22/2023,Rangpur,0,26.4,17.4,1.2,81
3/23/2023,Rangpur,0,28,15.9,0,74
3/24/2023,Rangpur,0,28.1,17.3,0.2,80
3/25/2023,Rangpur,0,29.1,18,0.2,81
3/26/2023,Rangpur,0,31.4,19.2,0,73
3/27/2023,Rangpur,0,31.2,20,0,62
3/28/2023,Rangpur,0,31.6,17.4,0,61
3/29/2023,Rangpur,0,30.3,19.2,0,71
3/30/2023,Rangpur,0,28.4,19,0,78
3/31/2023,Rangpur,0,29.6,19.5,1.9,79
4/1/2023,Rangpur,0,27,18.3,47,85
4/2/2023,Rangpur,0,27.9,17,0.5,80
4/3/2023,Rangpur,0,30.5,18.4,0,71
4/4/2023,Rangpur,0,30.8,18.1,0,78
4/5/2023,Rangpur,0,31.8,18.9,0,70
4/6/2023,Rangpur,0,32.6,20,0.1,64
4/7/2023,Rangpur,0,33.5,17.8,0,64
4/8/2023,Rangpur,0,34,19.4,0,64
4/9/2023,Rangpur,0,35.1,20,0,59
4/10/2023,Rangpur,0,35.6,18.9,0,47
4/11/2023,Rangpur,0,35.4,19.5,0,41
4/12/2023,Rangpur,0,35.5,17.8,0,51
4/13/2023,Rangpur,0,35.8,19.1,0,56
4/14/2023,Rangpur,0,36.8,20.8,0,62
4/15/2023,Rangpur,0,36.6,23.7,0,57
4/16/2023,Rangpur,0,37.1,23.2,0.4,60
4/17/2023,Rangpur,0,38.5,22.3,0,54
4/18/2023,Rangpur,0,39,24.3,0,69
4/19/2023,Rangpur,0,38.8,24.4,0,63
4/20/2023,Rangpur,0,37.2,23,0,66
4/21/2023,Rangpur,0,34.8,22.3,2.7,70
4/22/2023,Rangpur,0,33.5,21.3,0,67
4/23/2023,Rangpur,0,29.6,21.8,4.9,77
4/24/2023,Rangpur,0,30.9,20,0,73
4/25/2023,Rangpur,0,32.3,20.4,0,67
4/26/2023,Rangpur,0,34.1,20.8,0,64
4/27/2023,Rangpur,0,34.7,21.4,0,64
4/28/2023,Rangpur,0,34.1,21.5,0.2,66
4/29/2023,Rangpur,0,32.6,21.8,26.2,76
4/30/2023,Rangpur,0,30.4,21.1,9.1,81
5/1/2023,Rangpur,0,30.4,21.9,2,82
5/2/2023,Rangpur,0,31.5,20.6,0.4,81
5/3/2023,Rangpur,0,31.3,20.9,2.1,79
5/4/2023,Rangpur,0,29.1,21.7,1.8,84
5/5/2023,Rangpur,0,31.5,21.7,0.2,76
5/6/2023,Rangpur,0,34,21,0,62
5/7/2023,Rangpur,0,35.1,22.9,0,64
5/8/2023,Rangpur,0,36.2,22.9,0,68
5/9/2023,Rangpur,0,35.8,23.7,0,62
5/10/2023,Rangpur,0,37.6,23.6,0,47
5/11/2023,Rangpur,0,36.6,23.1,0,67
5/12/2023,Rangpur,0,34.6,24.1,0.1,68
5/13/2023,Rangpur,0,36.2,24.9,0,57
5/14/2023,Rangpur,0,35.9,22.4,0.1,65
5/15/2023,Rangpur,0,33.7,23.5,6.9,63
5/16/2023,Rangpur,0,33.5,22.1,11.6,77
5/17/2023,Rangpur,0,29.9,21.5,70.7,84
5/18/2023,Rangpur,0,29.1,21.6,33.2,87
5/19/2023,Rangpur,0,29.2,21.7,36.1,88
5/20/2023,Rangpur,0,30.6,21.2,20.2,88
5/21/2023,Rangpur,0,28.7,21.7,18.4,87
5/22/2023,Rangpur,0,31.2,21.8,11.5,85
5/23/2023,Rangpur,0,31.3,22.6,10.8,85
5/24/2023,Rangpur,0,31.4,22.4,0.3,78
5/25/2023,Rangpur,0,31.4,23.1,0.3,77
5/26/2023,Rangpur,0,30.9,22.6,9,79
5/27/2023,Rangpur,0,29.6,22.5,22.5,86
5/28/2023,Rangpur,0,30.5,22,0.7,82
5/29/2023,Rangpur,0,33.1,23,0,75
5/30/2023,Rangpur,0,35.1,23.5,0,70
5/31/2023,Rangpur,0,35.8,26,0,67
6/1/2023,Rangpur,0,36.7,27,0,66
6/2/2023,Rangpur,0,37.4,24.8,0,63
6/3/2023,Rangpur,0,35.7,26.4,0.9,72
6/4/2023,Rangpur,0,36.3,24.8,0.7,72
6/5/2023,Rangpur,0,35.2,25.8,1.9,73
6/6/2023,Rangpur,0,36.5,26.2,0.1,71
6/7/2023,Rangpur,0,36,27.3,1,70
6/8/2023,Rangpur,0,34.4,25.8,9.3,75
6/9/2023,Rangpur,0,32.5,25.3,33.4,84
6/10/2023,Rangpur,0,33.3,25.2,12.5,81
6/11/2023,Rangpur,3,33.1,24.6,27.2,82
6/12/2023,Rangpur,2,29.1,24.9,30.6,91
6/13/2023,Rangpur,0,31.6,24,39,90
6/14/2023,Rangpur,0,30.9,23.6,36.3,88
6/15/2023,Rangpur,0,35.1,25,29,85
6/16/2023,Rangpur,0,31.7,23.3,10,85
6/17/2023,Rangpur,0,30.8,23.2,41.2,86
6/18/2023,Rangpur,0,26.7,23.8,69,92
6/19/2023,Rangpur,2,25.9,24.2,79.8,95
6/20/2023,Rangpur,0,27.2,23.9,87.6,95
6/21/2023,Rangpur,9,29.9,24,50.6,90
6/22/2023,Rangpur,3,31.3,24.5,39.6,88
6/23/2023,Rangpur,0,32.6,25.2,7.4,83
6/24/2023,Rangpur,0,33.5,26.1,0.3,77
6/25/2023,Rangpur,5,33.3,26.3,0.8,78
6/26/2023,Rangpur,8,32.7,26.7,1.3,79
6/27/2023,Rangpur,8,31.4,26.2,5.8,81
6/28/2023,Rangpur,2,30.3,25,14.5,88
6/29/2023,Rangpur,0,31.3,24.4,15,88
6/30/2023,Rangpur,0,28.8,24.4,29.2,91
7/1/2023,Rangpur,0,31,24.8,26.7,90
7/2/2023,Rangpur,2,30.1,24.5,39.3,90
7/3/2023,Rangpur,10,28.7,25.4,48.1,95
7/4/2023,Rangpur,1,31.7,24.9,29.4,90
7/5/2023,Rangpur,11,32.9,25.8,6.6,85
7/6/2023,Rangpur,4,31.1,25.7,11.8,86
7/7/2023,Rangpur,3,32.4,25.1,24.1,86
7/8/2023,Rangpur,1,33,25.9,3,83
7/9/2023,Rangpur,10,33.1,25.8,0.7,83
7/10/2023,Rangpur,15,31.9,26,7.4,87
7/11/2023,Rangpur,21,31.8,25.5,52.2,91
7/12/2023,Rangpur,20,32.9,25.3,13.6,84
7/13/2023,Rangpur,14,29.7,25.9,17.2,90
7/14/2023,Rangpur,19,31.6,24.8,46.5,90
7/15/2023,Rangpur,15,32.7,25.9,3.7,80
7/16/2023,Rangpur,21,32.9,26,1,76
7/17/2023,Rangpur,24,32,25.9,5.1,83
7/18/2023,Rangpur,15,34.5,25.5,0.5,78
7/19/2023,Rangpur,20,34.7,27.5,0,76
7/20/2023,Rangpur,18,35.1,27.2,0.3,73
7/21/2023,Rangpur,13,32.2,27.8,3.7,79
7/22/2023,Rangpur,49,34.5,26.5,3.8,79
7/23/2023,Rangpur,47,34.1,27.2,0,77
7/24/2023,Rangpur,60,33.2,25.8,4.8,82
7/25/2023,Rangpur,55,34.3,25.9,4.1,79
7/26/2023,Rangpur,79,33.5,26.3,5.6,80
7/27/2023,Rangpur,64,32.8,26.6,1.7,82
7/28/2023,Rangpur,18,31.8,25.6,7.8,82
7/29/2023,Rangpur,33,31.8,25.8,6.1,84
7/30/2023,Rangpur,80,33.6,25.6,16.4,84
7/31/2023,Rangpur,70,33.7,26.7,0.9,82
8/1/2023,Rangpur,74,35.3,27.9,1.3,81
8/2/2023,Rangpur,75,33,26.7,4.8,79
8/3/2023,Rangpur,68,32.2,26.8,3.7,80
8/4/2023,Rangpur,33,32.2,26.3,9.2,85
8/5/2023,Rangpur,68,32.4,26,11.4,86
8/6/2023,Rangpur,87,31.5,25.4,17.9,90
8/7/2023,Rangpur,88,30.1,25.5,25,93
8/8/2023,Rangpur,64,29.6,25.9,29.7,91
8/9/2023,Rangpur,55,30.9,25.8,9.4,87
8/10/2023,Rangpur,77,32.5,25.9,3.3,84
8/11/2023,Rangpur,22,33.1,25.4,21.1,86
8/12/2023,Rangpur,43,30.4,25.9,42.3,91
8/13/2023,Rangpur,79,30.6,25.5,34.3,93
8/14/2023,Rangpur,72,33.1,25,0.5,82
8/15/2023,Rangpur,37,33.5,26.4,8.3,84
8/16/2023,Rangpur,59,32.8,25.7,23,88
8/17/2023,Rangpur,45,34.9,25.9,24.3,83
8/18/2023,Rangpur,19,33.4,26.2,3.8,83
8/19/2023,Rangpur,61,32.7,26.4,1.9,80
8/20/2023,Rangpur,53,33.4,26.9,0.7,79
8/21/2023,Rangpur,62,33.1,26.8,3.1,84
8/22/2023,Rangpur,49,29.1,26.3,21.1,91
8/23/2023,Rangpur,45,30.4,25.4,16.9,90
8/24/2023,Rangpur,65,31.7,25.1,23.7,89
8/25/2023,Rangpur,22,30.6,25.1,6.8,91
8/26/2023,Rangpur,63,30.9,25.4,16.4,91
8/27/2023,Rangpur,48,30.9,24.8,12.8,89
8/28/2023,Rangpur,56,32.9,24.8,4.1,86
8/29/2023,Rangpur,54,32.9,23.7,1.3,84
8/30/2023,Rangpur,26,33.9,25,0.8,80
8/31/2023,Rangpur,55,33.6,26.2,2,82
9/1/2023,Rangpur,22,33.8,26.6,1.3,81
9/2/2023,Rangpur,68,31.7,27.3,2.8,87
9/3/2023,Rangpur,50,33.7,26.1,4.5,85
9/4/2023,Rangpur,61,32.8,26,8.6,87
9/5/2023,Rangpur,48,35.9,27.6,0,80
9/6/2023,Rangpur,20,34.8,26.9,0.3,83
9/7/2023,Rangpur,60,32,26.7,1.3,84
9/8/2023,Rangpur,18,30.3,26.1,23.4,88
9/9/2023,Rangpur,52,31.5,25.8,5.9,86
9/10/2023,Rangpur,47,32.9,25.6,3.1,87
9/11/2023,Rangpur,78,33.8,26.6,0.3,82
9/12/2023,Rangpur,48,31.3,26.4,1.3,90
9/13/2023,Rangpur,52,31.3,26.1,4.3,89
9/14/2023,Rangpur,54,32.6,26.3,0.3,81
9/15/2023,Rangpur,6,32.3,26.1,0.7,82
9/16/2023,Rangpur,24,33.6,25.8,0.1,81
9/17/2023,Rangpur,76,34.2,25.9,0.1,79
9/18/2023,Rangpur,72,32.4,26.3,11.4,87
9/19/2023,Rangpur,59,30.1,24.9,1.6,88
9/20/2023,Rangpur,49,31.3,25.4,27.6,89
9/21/2023,Rangpur,40,29.3,24.7,43.1,93
9/22/2023,Rangpur,29,30,24.3,18.1,90
9/23/2023,Rangpur,27,30.1,24.4,53.8,93
9/24/2023,Rangpur,50,28.2,24.1,43.8,94
9/25/2023,Rangpur,66,30.9,23.8,2.7,89
9/26/2023,Rangpur,58,31.1,24.3,8.6,91
9/27/2023,Rangpur,34,32.4,24.9,0.6,86
9/28/2023,Rangpur,22,33.3,25.6,0.4,85
9/29/2023,Rangpur,9,35.3,26.3,8.2,83
9/30/2023,Rangpur,39,31.3,25.1,53.2,88
10/1/2023,Rangpur,65,32.1,25.8,1,86
10/2/2023,Rangpur,52,30.8,25.3,8,89
10/3/2023,Rangpur,49,30.8,25.5,6.3,86
10/4/2023,Rangpur,54,27.5,24.8,33.1,93
10/5/2023,Rangpur,31,25.8,24.3,109.6,94
10/6/2023,Rangpur,15,30,23.8,22,86
10/7/2023,Rangpur,19,30.1,24.1,3.4,90
10/8/2023,Rangpur,38,30.3,23.8,0.8,90
10/9/2023,Rangpur,50,31.2,23.9,6.9,89
10/10/2023,Rangpur,34,29.6,23.3,8,87
10/11/2023,Rangpur,40,30.2,23.1,2.8,88
10/12/2023,Rangpur,29,30.6,23.1,1.4,88
10/13/2023,Rangpur,9,29.8,23,2,89
10/14/2023,Rangpur,29,30.2,22.2,0.5,87
10/15/2023,Rangpur,37,30.3,22,0.2,83
10/16/2023,Rangpur,38,30.3,21.8,0.1,83
10/17/2023,Rangpur,40,30.4,21.3,0.4,83
10/18/2023,Rangpur,46,30.2,21.2,0.3,84
10/19/2023,Rangpur,28,29.8,21.3,0,84
10/20/2023,Rangpur,27,30.1,20.3,0,79
10/21/2023,Rangpur,32,30.4,20.2,0.1,80
10/22/2023,Rangpur,30,31.4,20,0,80
10/23/2023,Rangpur,8,30.4,21.3,0,79
10/24/2023,Rangpur,30,29.7,21.8,0.4,85
10/25/2023,Rangpur,33,30.7,21.6,0.6,81
10/26/2023,Rangpur,25,30.9,21.4,0,78
10/27/2023,Rangpur,35,30.5,20,0,75
10/28/2023,Rangpur,37,30.3,18,0,74
10/29/2023,Rangpur,34,30.2,17.9,0,73
10/30/2023,Rangpur,13,31,19.8,0,71
10/31/2023,Rangpur,26,31.6,21,0,73
11/1/2023,Rangpur,22,32.2,20.7,0,78
11/2/2023,Rangpur,35,31,21.1,0,74
11/3/2023,Rangpur,29,29.9,21.3,0,73
11/4/2023,Rangpur,24,30.1,19.9,0,74
11/5/2023,Rangpur,24,29.5,18.9,0.2,75
11/6/2023,Rangpur,14,29.6,18.2,0,77
11/7/2023,Rangpur,16,29,18,0.1,75
11/8/2023,Rangpur,15,29.7,17.5,0,68
11/9/2023,Rangpur,22,30.1,17.1,0,71
11/10/2023,Rangpur,12,29.6,17,0,71
11/11/2023,Rangpur,12,29.8,17.4,0,73
11/12/2023,Rangpur,28,29.8,17.1,0,72
11/13/2023,Rangpur,19,30,17.2,0,74
11/14/2023,Rangpur,18,30,18.2,0,75
11/15/2023,Rangpur,13,29.6,17.9,0,76
11/16/2023,Rangpur,10,30.7,18.6,3.4,73
11/17/2023,Rangpur,6,27.9,20.8,1,77
11/18/2023,Rangpur,12,28.1,19.1,0,75
11/19/2023,Rangpur,13,29,18.9,0,77
11/20/2023,Rangpur,9,29.6,17.6,0,75
11/21/2023,Rangpur,17,29.6,18,0,69
11/22/2023,Rangpur,16,27.8,17,0,68
11/23/2023,Rangpur,14,27.9,15.2,0,73
11/24/2023,Rangpur,10,28.2,17.7,0,79
11/25/2023,Rangpur,16,29,16.7,0,77
11/26/2023,Rangpur,6,29.1,16.2,0,74
11/27/2023,Rangpur,9,29.2,16.5,0,73
11/28/2023,Rangpur,2,29,18.4,0,73
11/29/2023,Rangpur,11,28.7,18.2,0,75
11/30/2023,Rangpur,5,28.2,16.4,0,77
12/1/2023,Rangpur,13,27.9,15.3,0,68
12/2/2023,Rangpur,14,28.6,16.6,0,68
12/3/2023,Rangpur,0,28.2,14.5,0,72
12/4/2023,Rangpur,13,28.1,15,0,73
12/5/2023,Rangpur,16,25.2,17.5,0,76
12/6/2023,Rangpur,16,27.9,17.2,0.4,81
12/7/2023,Rangpur,8,22.1,19.1,8.5,94
12/8/2023,Rangpur,5,25.4,18.2,0.1,82
12/9/2023,Rangpur,8,25.3,16.1,0.1,83
12/10/2023,Rangpur,7,24.8,13.6,0,81
12/11/2023,Rangpur,10,24.3,12.8,0.1,86
12/12/2023,Rangpur,5,24.7,14.4,0,84
12/13/2023,Rangpur,7,23.8,14.2,0.2,82
12/14/2023,Rangpur,0,23.7,11.8,0,75
12/15/2023,Rangpur,0,24,12.7,0,83
12/16/2023,Rangpur,1,24.3,12,0,78
12/17/2023,Rangpur,2,24.6,11.7,0,77
12/18/2023,Rangpur,1,24.9,12.2,0,78
12/19/2023,Rangpur,1,25,12.7,0,75
12/20/2023,Rangpur,8,24.8,11.6,0,78
12/21/2023,Rangpur,0,25.4,12.1,0,77
12/22/2023,Rangpur,0,25.1,12.8,0,77
12/23/2023,Rangpur,0,24.7,16.7,0,75
12/24/2023,Rangpur,0,25,14.7,0,78
12/25/2023,Rangpur,0,25.5,13.8,0,82
12/26/2023,Rangpur,0,25.4,13.8,0,81
12/27/2023,Rangpur,8,25.7,13,0,78
12/28/2023,Rangpur,0,25.7,14.2,0,79
12/29/2023,Rangpur,1,26.3,13.9,0,77
12/30/2023,Rangpur,0,25.7,12.9,0,79
12/31/2023,Rangpur,1,24.8,13.7,0,83
1/1/2024,Rangpur,0,24.1,13.2,0,83
1/2/2024,Rangpur,1,23.1,11.2,0,84
1/3/2024,Rangpur,1,23.9,11,0,84
1/4/2024,Rangpur,4,23.9,11.7,0,82
1/5/2024,Rangpur,0,24.3,10.8,0,79
1/6/2024,Rangpur,4,24,11.7,0,80
1/7/2024,Rangpur,0,24.3,12,0,81
1/8/2024,Rangpur,0,24.2,13.5,0,83
1/9/2024,Rangpur,0,23.6,12.2,0,84
1/10/2024,Rangpur,0,21.8,11.5,0,86
1/11/2024,Rangpur,0,22.4,10,0,84
1/12/2024,Rangpur,0,21.8,10.1,0,87
1/13/2024,Rangpur,0,20.5,9.4,0,90
1/14/2024,Rangpur,0,21.3,9.8,0,90
1/15/2024,Rangpur,0,22.5,10.3,0,88
1/16/2024,Rangpur,0,21.6,11.2,0,85
1/17/2024,Rangpur,0,21.3,9.8,0,86
1/18/2024,Rangpur,0,21,9.9,0.2,87
1/19/2024,Rangpur,0,21.9,11.5,0.3,84
1/20/2024,Rangpur,0,22.5,10.4,0,84
1/21/2024,Rangpur,0,20.6,9.8,0,83
1/22/2024,Rangpur,2,21,8.7,0,85
1/23/2024,Rangpur,0,21.7,9.2,0,87
1/24/2024,Rangpur,0,22.1,9.5,0,83
1/25/2024,Rangpur,0,21.1,8.9,0,83
1/26/2024,Rangpur,0,21.5,8.9,0,83
1/27/2024,Rangpur,0,21.9,8.5,0,80
1/28/2024,Rangpur,0,22,8,0,78
1/29/2024,Rangpur,0,22.8,9.9,0,77
1/30/2024,Rangpur,0,23.4,10.5,0,73
1/31/2024,Rangpur,0,22.8,12.2,0.2,80
2/1/2024,Rangpur,0,24.1,12.9,0,79
2/2/2024,Rangpur,0,24,12.6,0.7,75
2/3/2024,Rangpur,0,22.5,11.6,0,67
2/4/2024,Rangpur,0,23.5,11,0,71
2/5/2024,Rangpur,0,23.5,12.2,0,74
2/6/2024,Rangpur,0,24.6,12.1,0.5,80
2/7/2024,Rangpur,0,21.7,12.7,0,77
2/8/2024,Rangpur,0,22.2,10.8,0,71
2/9/2024,Rangpur,0,23.7,9.8,0,74
2/10/2024,Rangpur,0,25.1,10.2,0,74
2/11/2024,Rangpur,0,26.2,10.8,0,71
2/12/2024,Rangpur,0,26.9,11.4,0,67
2/13/2024,Rangpur,0,27.2,10.5,0,64
2/14/2024,Rangpur,0,26.1,14.5,1.6,81
2/15/2024,Rangpur,0,26.6,15.8,0,80
2/16/2024,Rangpur,0,27.4,15.1,0,70
2/17/2024,Rangpur,0,26.7,14.6,0.1,69
2/18/2024,Rangpur,0,26.9,12.4,0,64
2/19/2024,Rangpur,0,27.3,12.6,0,66
2/20/2024,Rangpur,0,28.3,14.1,0.2,74
2/21/2024,Rangpur,0,27.5,17,0.2,79
2/22/2024,Rangpur,0,24.8,16.9,4.3,80
2/23/2024,Rangpur,0,25.6,15.2,0.1,78
2/24/2024,Rangpur,0,26.5,11.3,0,65
2/25/2024,Rangpur,0,25,13.9,0.1,63
2/26/2024,Rangpur,0,25.5,11.8,0,71
2/27/2024,Rangpur,0,26.9,13.2,0,62
2/28/2024,Rangpur,0,26.6,14.3,0,58
2/29/2024,Rangpur,0,27.7,14.2,0,60
3/1/2024,Rangpur,0,27.8,14.2,0,62
3/2/2024,Rangpur,0,29,14.7,0,65
3/3/2024,Rangpur,0,29.6,15.7,0,62
3/4/2024,Rangpur,0,28.9,17.1,0.2,72
3/5/2024,Rangpur,0,29.1,17.6,0,60
3/6/2024,Rangpur,0,27.1,14.2,0,57
3/7/2024,Rangpur,0,27.6,13.8,0,58
3/8/2024,Rangpur,0,29,14.6,0,50
3/9/2024,Rangpur,0,29,14.5,0,48
3/10/2024,Rangpur,0,29.2,13.5,0,51
3/11/2024,Rangpur,0,31.2,14.1,0,54
3/12/2024,Rangpur,0,32,16.5,0,51
3/13/2024,Rangpur,0,32.2,16.2,0,50
3/14/2024,Rangpur,0,32.9,18,0,47
3/15/2024,Rangpur,0,34,17.6,0,48
3/16/2024,Rangpur,0,33.9,17.5,0,45
3/17/2024,Rangpur,0,33,18,0,54
3/18/2024,Rangpur,0,33.1,17.3,0,55
3/19/2024,Rangpur,0,31.6,19.2,0.3,64
3/20/2024,Rangpur,0,21.6,19.2,18.5,86
3/21/2024,Rangpur,0,26.5,17.7,10.6,77
3/22/2024,Rangpur,0,27.2,15.9,0.2,78
3/23/2024,Rangpur,0,27.3,16.3,6.5,84
3/24/2024,Rangpur,0,26.5,17.4,3.3,83
3/25/2024,Rangpur,0,29,19.1,6,82
3/26/2024,Rangpur,0,29.1,18.2,0,74
3/27/2024,Rangpur,0,27.9,18.8,2.8,77
3/28/2024,Rangpur,1,30,19.1,0,70
3/29/2024,Rangpur,0,31.9,19.5,0,71
3/30/2024,Rangpur,0,30,21.5,0.5,81
3/31/2024,Rangpur,0,34.4,21.3,0.8,68
4/1/2024,Rangpur,0,36,21,0,46
4/2/2024,Rangpur,1,34.6,20.1,0,39
4/3/2024,Rangpur,1,34.9,18.4,0,46
4/4/2024,Rangpur,0,36.7,18.7,0,58
4/5/2024,Rangpur,0,34.2,21.6,0.1,74
4/6/2024,Rangpur,0,38.3,20.7,0,52
4/7/2024,Rangpur,0,37.9,23.6,0,35
4/8/2024,Rangpur,0,32.7,22.7,0,50
4/9/2024,Rangpur,0,36.3,20.7,0,55
4/10/2024,Rangpur,0,34.1,19.7,0,54
4/11/2024,Rangpur,0,34.6,21.3,2.9,65
4/12/2024,Rangpur,0,33.8,20,0,66
4/13/2024,Rangpur,0,34.5,22.2,0,62
4/14/2024,Rangpur,0,35,21.3,0.5,62
4/15/2024,Rangpur,0,36.5,21.9,0,59
4/16/2024,Rangpur,0,34.4,23.9,0,69
4/17/2024,Rangpur,0,34.8,22.3,0,66
4/18/2024,Rangpur,1,34.7,22.6,0,67
4/19/2024,Rangpur,0,35.5,23.2,0.1,66
4/20/2024,Rangpur,0,33.9,22.8,0,70
4/21/2024,Rangpur,0,37,21.8,0,60
4/22/2024,Rangpur,0,37,21.7,0,47
4/23/2024,Rangpur,0,37.8,21.3,0,47
4/24/2024,Rangpur,0,38.5,23.2,0,35
4/25/2024,Rangpur,0,38.4,21.8,0,38
4/26/2024,Rangpur,0,38.1,20.8,0,53
4/27/2024,Rangpur,0,38.3,24.2,0,61
4/28/2024,Rangpur,0,38.9,24.2,0,52
4/29/2024,Rangpur,0,38.6,22.7,0,52
4/30/2024,Rangpur,0,39.3,23.4,0,52
5/1/2024,Rangpur,0,38.8,23.8,0,49
5/2/2024,Rangpur,0,38.9,24.2,0,34
5/3/2024,Rangpur,0,37.2,23,0,57
5/4/2024,Rangpur,0,36.1,23.4,0.1,60
5/5/2024,Rangpur,0,32.1,23.8,2.5,73
5/6/2024,Rangpur,0,29.2,21.7,22.5,78
5/7/2024,Rangpur,0,30.7,20.8,4.1,76
5/8/2024,Rangpur,0,28.1,21.7,1,78
5/9/2024,Rangpur,0,31.2,21.4,2.9,78
5/10/2024,Rangpur,0,31.6,22.3,10.9,79
5/11/2024,Rangpur,0,32.6,21.2,0.9,75
5/12/2024,Rangpur,0,32.2,23.1,2.1,81
5/13/2024,Rangpur,0,32.7,23.8,0,77
5/14/2024,Rangpur,0,34.7,23.1,5.2,73
5/15/2024,Rangpur,0,36,25.1,0.1,71
5/16/2024,Rangpur,0,37.9,25.8,0,65
5/17/2024,Rangpur,0,39.1,26.9,0,63
5/18/2024,Rangpur,0,33.9,24.6,3.7,74
5/19/2024,Rangpur,0,33.8,23.4,26.4,81
5/20/2024,Rangpur,3,32.4,22.5,39.2,82
5/21/2024,Rangpur,0,32.9,22.9,30.9,79
5/22/2024,Rangpur,0,33.8,25.4,0.3,73
5/23/2024,Rangpur,0,35.7,25.3,0.8,74
5/24/2024,Rangpur,0,36.8,25.8,0,68
5/25/2024,Rangpur,0,37.5,26.8,0,65
5/26/2024,Rangpur,0,36.1,27.4,0.2,68
5/27/2024,Rangpur,0,30.2,25,52.1,85
5/28/2024,Rangpur,0,33.3,24.8,27.5,78
5/29/2024,Rangpur,0,33.6,25.1,15.6,87
5/30/2024,Rangpur,0,30.2,24,35.6,91
5/31/2024,Rangpur,0,30.3,24.3,47.2,89
6/1/2024,Rangpur,0,32.7,23.4,47.9,86
6/2/2024,Rangpur,0,33.1,23.7,21.4,86
6/3/2024,Rangpur,0,31.7,23.7,55.3,90
6/4/2024,Rangpur,0,30.7,23.4,87.4,90
6/5/2024,Rangpur,0,31.9,23.4,17.8,86
6/6/2024,Rangpur,0,32.3,23.4,37.6,85
6/7/2024,Rangpur,0,33.3,24.6,0.7,84
6/8/2024,Rangpur,0,32.8,25,2.8,85
6/9/2024,Rangpur,1,33.7,24.4,20.7,89
6/10/2024,Rangpur,0,31.5,24.9,4.7,89
6/11/2024,Rangpur,0,33.3,25.5,2.8,84
6/12/2024,Rangpur,0,33,25.5,6.6,85
6/13/2024,Rangpur,0,28.5,24.6,53.1,91
6/14/2024,Rangpur,0,30.7,24.7,44.6,88
6/15/2024,Rangpur,0,30.3,24.4,38.4,91
6/16/2024,Rangpur,0,31.6,25.1,54.8,91
6/17/2024,Rangpur,0,29.4,25,59.4,90
6/18/2024,Rangpur,0,29.4,24,121.7,96
6/19/2024,Rangpur,0,29.1,24.4,79.6,92
6/20/2024,Rangpur,0,30.2,24,47.9,92
6/21/2024,Rangpur,0,32,24,3.4,84
6/22/2024,Rangpur,0,31.9,25.7,2.2,84
6/23/2024,Rangpur,0,33.1,25.9,13.8,84
6/24/2024,Rangpur,0,33.3,25.4,13.1,85
6/25/2024,Rangpur,0,31.8,26.1,12.7,86
6/26/2024,Rangpur,0,33.7,25.6,26.5,86
6/27/2024,Rangpur,0,30.8,25.5,14.3,89
6/28/2024,Rangpur,0,30.8,26.8,10.6,85
6/29/2024,Rangpur,0,30.6,26,19.5,90
6/30/2024,Rangpur,0,30.2,26.1,39.7,93
7/1/2024,Rangpur,2,29.9,25.5,36.6,93
7/2/2024,Rangpur,0,29.9,25.1,103.7,93
7/3/2024,Rangpur,0,31.8,25.3,19.4,90
7/4/2024,Rangpur,0,31.5,25.6,16.7,87
7/5/2024,Rangpur,0,30.6,25.7,26.4,92
7/6/2024,Rangpur,0,32.1,25.3,4.4,86
7/7/2024,Rangpur,0,32.4,25.7,8.7,86
7/8/2024,Rangpur,0,32.9,26.1,16.3,86
7/9/2024,Rangpur,0,32.1,26.4,3.3,84
7/10/2024,Rangpur,0,33.4,26.4,16.4,84
7/11/2024,Rangpur,0,31.6,25.3,62.3,93
7/12/2024,Rangpur,0,31.5,25.4,38.6,91
7/13/2024,Rangpur,0,33.4,25.6,1.2,79
7/14/2024,Rangpur,0,33.8,26.7,1.9,79
7/15/2024,Rangpur,0,33.9,26.7,0,79
7/16/2024,Rangpur,0,32.7,27,7.1,84
7/17/2024,Rangpur,0,34.3,26.2,3.4,80
7/18/2024,Rangpur,1,34,26.9,8.4,80
7/19/2024,Rangpur,1,33.5,27.4,2.3,80
7/20/2024,Rangpur,1,33.5,27.7,0.4,78
7/21/2024,Rangpur,1,33.4,26.7,2.2,80
7/22/2024,Rangpur,1,32.9,27,3.8,82
7/23/2024,Rangpur,1,31.3,26.1,12.1,83
7/24/2024,Rangpur,0,33.5,26.5,0.7,77
7/25/2024,Rangpur,0,33.4,26.9,1.1,80
7/26/2024,Rangpur,0,35.3,27.2,3.9,80
7/27/2024,Rangpur,0,36,27.5,0.1,73
7/28/2024,Rangpur,0,34.8,27.1,7.5,77
7/29/2024,Rangpur,2,34.6,28.1,0.1,75
7/30/2024,Rangpur,6,34.2,27.6,2.3,77
7/31/2024,Rangpur,0,34,26.9,7.2,80
8/1/2024,Rangpur,0,31.9,26.1,8.9,82
8/2/2024,Rangpur,8,29,24.8,32.8,89
8/3/2024,Rangpur,0,29.5,24.6,32.6,91
8/4/2024,Rangpur,0,31.8,25.1,4.6,86
8/5/2024,Rangpur,0,31.6,25.1,4.7,87
8/6/2024,Rangpur,2,31.3,25.9,13.1,86
8/7/2024,Rangpur,0,32.6,24.8,17.4,84
8/8/2024,Rangpur,0,30.7,25.6,21.2,88
8/9/2024,Rangpur,0,31,25.4,7.8,86
8/10/2024,Rangpur,0,30.9,25.3,24.2,89
8/11/2024,Rangpur,0,29.7,25.1,40.9,92
8/12/2024,Rangpur,4,30.8,24.8,11.4,90
8/13/2024,Rangpur,0,31.9,25.7,7.1,90
8/14/2024,Rangpur,0,33.2,26.1,1.3,86
8/15/2024,Rangpur,0,33.2,26.5,0.8,82
8/16/2024,Rangpur,0,33.2,25.7,0.3,81
8/17/2024,Rangpur,0,33.1,25.4,2.9,82
8/18/2024,Rangpur,0,32.2,25.4,1.2,82
8/19/2024,Rangpur,0,31.6,25.5,8.5,84
8/20/2024,Rangpur,0,29.9,24.8,5.3,85
8/21/2024,Rangpur,3,29.5,24.9,3.9,87
8/22/2024,Rangpur,0,30.9,24.6,5.2,85
8/23/2024,Rangpur,0,31.7,25.5,1.8,84
8/24/2024,Rangpur,0,32.5,25.7,3.6,82
8/25/2024,Rangpur,3,31.3,24.6,9.4,82
8/26/2024,Rangpur,0,32.2,25.7,0.4,76
8/27/2024,Rangpur,0,31.9,25.5,0.9,80
8/28/2024,Rangpur,0,32.9,25.2,0.1,81
8/29/2024,Rangpur,0,32.2,26.3,5.5,85
8/30/2024,Rangpur,0,34.2,26,0.2,80
8/31/2024,Rangpur,0,32.9,25.9,5,83
9/1/2024,Rangpur,0,29.2,25.6,17.2,90
9/2/2024,Rangpur,0,33,25.2,0.1,83
9/3/2024,Rangpur,1,29.9,26,25.4,90
9/4/2024,Rangpur,0,31,24.4,11.3,88
9/5/2024,Rangpur,0,30.5,24.6,22.2,90
9/6/2024,Rangpur,0,33.7,25.2,0,83
9/7/2024,Rangpur,0,33.7,26,2.6,83
9/8/2024,Rangpur,6,33.6,26.4,0.4,83
9/9/2024,Rangpur,2,32.8,26.8,1.8,84
9/10/2024,Rangpur,1,32.6,26.3,0.4,79
9/11/2024,Rangpur,7,32.1,26.6,5.8,85
9/12/2024,Rangpur,15,34.4,26.2,0,79
9/13/2024,Rangpur,2,33.3,26.5,38.6,84
9/14/2024,Rangpur,12,30.5,26.4,16,86
9/15/2024,Rangpur,9,28,24.9,19.3,89
9/16/2024,Rangpur,0,31,25.4,3.8,83
9/17/2024,Rangpur,3,32.8,24.7,0,81
9/18/2024,Rangpur,28,33.6,25.5,0.1,81
9/19/2024,Rangpur,39,34.2,26.6,0.2,79
9/20/2024,Rangpur,2,34.8,27.1,0,79
9/21/2024,Rangpur,0,35.4,27.3,0,80
9/22/2024,Rangpur,33,35.2,27.1,0,80
9/23/2024,Rangpur,18,36.9,28.2,3.4,79
9/24/2024,Rangpur,17,32,25.7,18.8,88
9/25/2024,Rangpur,10,27.4,24.9,18.7,93
9/26/2024,Rangpur,23,25.7,24.2,53.6,95
9/27/2024,Rangpur,0,28.8,23.9,28,94
9/28/2024,Rangpur,17,30,24.3,11.1,92
9/29/2024,Rangpur,28,31.1,24.2,0.8,88
9/30/2024,Rangpur,38,32.1,25.1,2.9,87
10/1/2024,Rangpur,47,31.4,26,3.3,87
10/2/2024,Rangpur,31,31.3,25,10.5,90
10/3/2024,Rangpur,0,29.4,24.9,24.2,91
10/4/2024,Rangpur,10,27,24.2,23.2,94
10/5/2024,Rangpur,30,27.7,23.5,30,92
10/6/2024,Rangpur,53,28.2,23.3,8.4,92
10/7/2024,Rangpur,33,30.2,23,9.4,88
10/8/2024,Rangpur,30,30,23.6,2.3,90
10/9/2024,Rangpur,7,29.4,23.3,7.8,90
10/10/2024,Rangpur,7,30.6,23.2,2.6,89
10/11/2024,Rangpur,6,31.2,23.9,4.2,84
10/12/2024,Rangpur,9,30.8,23.8,0.6,83
10/13/2024,Rangpur,17,30,23.5,0.7,86
10/14/2024,Rangpur,21,29.9,22.3,0,83
10/15/2024,Rangpur,18,29.3,21.7,1.6,87
10/16/2024,Rangpur,14,29.7,21.6,0.3,83
10/17/2024,Rangpur,26,29.6,22.3,0.8,87
10/18/2024,Rangpur,0,28.8,22.5,2.5,87
10/19/2024,Rangpur,10,29.6,20.8,1.9,83
10/20/2024,Rangpur,36,29.1,21.6,0,84
10/21/2024,Rangpur,24,30.5,21.9,0,80
10/22/2024,Rangpur,16,31.5,22,0,79
10/23/2024,Rangpur,31,30.9,22.9,0.1,79
10/24/2024,Rangpur,19,25.1,22,7.5,88
10/25/2024,Rangpur,5,25.7,21,10.9,85
10/26/2024,Rangpur,1,27,22.1,2.6,89
10/27/2024,Rangpur,23,30.5,22.1,0,84
10/28/2024,Rangpur,26,30.4,21.5,0,83
10/29/2024,Rangpur,17,29.7,22,5.2,89
10/30/2024,Rangpur,36,30.1,22.5,1.8,89
10/31/2024,Rangpur,24,29.9,22.5,0.6,87
11/1/2024,Rangpur,0,28.6,21.5,2.8,89
11/2/2024,Rangpur,2,29.2,20.9,0.1,86
11/3/2024,Rangpur,46,30,21.8,0.1,83
11/4/2024,Rangpur,36,29.7,19.5,0.1,82
11/5/2024,Rangpur,27,30.2,21.4,0,83
11/6/2024,Rangpur,20,28.5,20,3,84
11/7/2024,Rangpur,26,29.2,18.7,0,84
11/8/2024,Rangpur,1,28.6,21,0,82
11/9/2024,Rangpur,5,28.9,20.1,0,82
11/10/2024,Rangpur,33,29,19.1,0,82
11/11/2024,Rangpur,16,29.4,19.2,0,77
11/12/2024,Rangpur,18,28.6,19.6,0,76
11/13/2024,Rangpur,28,29,19.3,0,76
11/14/2024,Rangpur,22,30.1,18.7,0,76
11/15/2024,Rangpur,3,30.2,18.5,0,72
11/16/2024,Rangpur,6,29.5,18,0,69
11/17/2024,Rangpur,19,29,17.4,0,70
11/18/2024,Rangpur,10,28.3,17.2,0.3,74
11/19/2024,Rangpur,12,28.5,18.3,0,78
11/20/2024,Rangpur,12,28.2,17.1,0,71
11/21/2024,Rangpur,14,27.9,17.4,1.1,76
11/22/2024,Rangpur,2,26.7,17.8,0.1,83
11/23/2024,Rangpur,4,26.8,18.1,0.6,82
11/24/2024,Rangpur,17,27.9,17.3,0.2,74
11/25/2024,Rangpur,16,26.4,16.1,0,79
11/26/2024,Rangpur,2,26.6,16.1,0,77
11/27/2024,Rangpur,17,26.7,16.4,0.2,78
11/28/2024,Rangpur,10,27.2,15.7,0,75
11/29/2024,Rangpur,1,27.3,16.1,0,75
11/30/2024,Rangpur,6,27.6,14,0,72
12/1/2024,Rangpur,11,26.7,13.8,0,74
12/2/2024,Rangpur,10,27.2,14,0,75
12/3/2024,Rangpur,12,26.9,14,0,70
12/4/2024,Rangpur,16,27,15.3,0,73
12/5/2024,Rangpur,1,26.6,15.3,0,75
12/6/2024,Rangpur,0,25.4,14.8,0,74
12/7/2024,Rangpur,2,24.8,13.6,0,71
12/8/2024,Rangpur,8,24.8,13.6,0,76
12/9/2024,Rangpur,4,23,13.2,0,82
12/10/2024,Rangpur,4,24,13.3,0,81
12/11/2024,Rangpur,3,23.6,13.1,0,81
12/12/2024,Rangpur,2,24.3,11.7,0,79
12/13/2024,Rangpur,1,24.5,12.6,0,79
12/14/2024,Rangpur,0,24.8,12.1,0,77
12/15/2024,Rangpur,2,24.5,12.5,0,80
12/16/2024,Rangpur,0,25.8,13,0,80
12/17/2024,Rangpur,0,25.6,12.7,0,80
12/18/2024,Rangpur,3,24.4,12.8,0,83
12/19/2024,Rangpur,3,25.2,13.4,0,77
12/20/2024,Rangpur,1,25.3,13.2,0,80
12/21/2024,Rangpur,0,25.2,13.1,0,77
12/22/2024,Rangpur,1,24.9,13.7,0,82
12/23/2024,Rangpur,1,24.7,13.7,0,78
12/24/2024,Rangpur,0,24.1,12.3,0,79
12/25/2024,Rangpur,0,24.8,12.2,0,78
12/26/2024,Rangpur,1,25,13,0,75
12/27/2024,Rangpur,1,24.8,11.8,0,71
12/28/2024,Rangpur,0,25.1,12,0,76
12/29/2024,Rangpur,0,24.9,13.1,0.3,74
12/30/2024,Rangpur,0,24.1,14.3,0,81
12/31/2024,Rangpur,0,24,13.1,0,83
1/1/2025,Rangpur,0,22.6,13.4,0,87
1/2/2025,Rangpur,0,22.2,10.9,0,86
1/3/2025,Rangpur,0,23.5,11.1,0,87
1/4/2025,Rangpur,0,25,13.6,0,85
1/5/2025,Rangpur,2,25.5,13.8,0,81
1/6/2025,Rangpur,0,25.9,14.4,0,79
1/7/2025,Rangpur,0,24.6,15.4,1.5,79
1/8/2025,Rangpur,1,19.7,13.5,0.6,84
1/9/2025,Rangpur,0,21.6,12.3,0,79
1/10/2025,Rangpur,0,23.1,11,0,82
1/11/2025,Rangpur,0,24.3,12.1,0,79
1/12/2025,Rangpur,0,23,12.9,0,85
1/13/2025,Rangpur,0,24.4,13.7,0,80
1/14/2025,Rangpur,0,23.7,12.8,0,84
1/15/2025,Rangpur,1,24,13,0,83
1/16/2025,Rangpur,1,24.5,12.4,0,81
1/17/2025,Rangpur,0,21.5,14.6,0,85
1/18/2025,Rangpur,0,24.5,12.8,0,83
1/19/2025,Rangpur,0,23,11.5,0,83
1/20/2025,Rangpur,0,23.3,12.2,0,84
1/21/2025,Rangpur,0,23.2,11.6,0,84
1/22/2025,Rangpur,0,24.1,12.3,0,84
1/23/2025,Rangpur,0,23.3,12.5,0,87
1/24/2025,Rangpur,0,21.6,11.4,0,87
1/25/2025,Rangpur,0,22.5,11.5,0,82
1/26/2025,Rangpur,0,22.8,11.2,0,83
1/27/2025,Rangpur,0,23.8,12.6,0,83
1/28/2025,Rangpur,0,23.7,12.9,0,80
1/29/2025,Rangpur,0,23.9,12.3,0,77
1/30/2025,Rangpur,0,24.7,12.7,0.3,79
1/31/2025,Rangpur,0,23.9,11.5,0,85
2/1/2025,Rangpur,0,23.1,11.5,0,85
2/2/2025,Rangpur,0,24.4,12,0,85
2/3/2025,Rangpur,0,24.4,12.1,0,85
2/4/2025,Rangpur,0,25.3,13.5,0,81
2/5/2025,Rangpur,0,25.3,14.1,0,82
2/6/2025,Rangpur,0,25.2,15,0,80
2/7/2025,Rangpur,0,22.7,13.1,0,73
2/8/2025,Rangpur,0,22.9,11.1,0,77
2/9/2025,Rangpur,0,24.5,12.5,0,77
2/10/2025,Rangpur,0,24.9,12.7,0,80
2/11/2025,Rangpur,0,25.6,13.2,0,77
2/12/2025,Rangpur,0,26,13.1,0,78
2/13/2025,Rangpur,0,25.8,12.9,0,66
2/14/2025,Rangpur,0,24.3,13.1,0,64
2/15/2025,Rangpur,0,23.9,10.9,0,72
2/16/2025,Rangpur,0,24.6,11.6,0,73
2/17/2025,Rangpur,0,26.4,14.8,0,70
2/18/2025,Rangpur,0,26.6,14.7,0,71
2/19/2025,Rangpur,0,26.8,14.7,0,71
2/20/2025,Rangpur,0,27.2,16.3,0,68
2/21/2025,Rangpur,0,27.5,16.2,0,68
2/22/2025,Rangpur,0,28.6,15,0,68
2/23/2025,Rangpur,0,26.1,16.6,0.6,76
2/24/2025,Rangpur,0,26,14.9,0.3,76
2/25/2025,Rangpur,0,27.7,14.2,0,67
2/26/2025,Rangpur,0,27.5,15.7,0,72
2/27/2025,Rangpur,0,28.8,15.9,0,64
2/28/2025,Rangpur,0,28.8,15.8,0.1,68
3/1/2025,Rangpur,0,30.6,17.8,0,69
3/2/2025,Rangpur,0,30.7,17.2,0,59
3/3/2025,Rangpur,0,29.8,16.6,0,56
3/4/2025,Rangpur,0,29.3,14.4,0,55
3/5/2025,Rangpur,0,28.3,17.3,0,51
3/6/2025,Rangpur,0,27.5,14.9,0,50
3/7/2025,Rangpur,0,28.6,14.9,0,56
3/8/2025,Rangpur,0,28.3,15.5,0,56
3/9/2025,Rangpur,0,30.1,15.9,0,57
3/10/2025,Rangpur,0,31.7,16.9,0,57
3/11/2025,Rangpur,0,30,19,0.1,63
3/12/2025,Rangpur,0,29.5,18.9,0.1,68
3/13/2025,Rangpur,0,29.5,17.7,0,73
3/14/2025,Rangpur,0,31.4,17.4,0,72
3/15/2025,Rangpur,0,32.6,18.5,0,73
3/16/2025,Rangpur,0,34.1,19.1,0,62
3/17/2025,Rangpur,0,34.8,22.7,0,41
3/18/2025,Rangpur,0,31.8,21.6,0,35
3/19/2025,Rangpur,0,31.9,17.9,0,41
3/20/2025,Rangpur,0,32.1,17.4,0,57
3/21/2025,Rangpur,0,27.8,20.6,0,72
3/22/2025,Rangpur,0,28.5,18.3,3.5,78
3/23/2025,Rangpur,0,28.3,16.6,0.1,78
3/24/2025,Rangpur,0,30.9,17.5,0,64
3/25/2025,Rangpur,0,33.3,18,0,54
3/26/2025,Rangpur,0,33.7,19.3,0,54
3/27/2025,Rangpur,0,34.1,19.9,0,57
3/28/2025,Rangpur,0,34.7,21.7,0,63
3/29/2025,Rangpur,0,33.6,21.8,0,58
3/30/2025,Rangpur,0,33.8,17.7,0,49
3/31/2025,Rangpur,0,34,17.8,0,49
4/1/2025,Rangpur,0,35.2,18.8,0,58
4/2/2025,Rangpur,0,35.3,21.4,0,58
4/3/2025,Rangpur,0,35,18.3,0,46
4/4/2025,Rangpur,0,32.8,21,0,49
4/5/2025,Rangpur,0,35.6,21.4,0,56
4/6/2025,Rangpur,0,32.5,21.3,2.7,68
4/7/2025,Rangpur,0,33.2,21.3,0,63
4/8/2025,Rangpur,0,32.8,21.9,0.4,67
4/9/2025,Rangpur,0,29.2,20.8,17.7,84
4/10/2025,Rangpur,0,27.2,20.7,31.9,89
4/11/2025,Rangpur,0,29.3,21.4,7.1,84
4/12/2025,Rangpur,0,31.1,20.8,0.1,79
4/13/2025,Rangpur,0,29.8,21.5,0,77
4/14/2025,Rangpur,0,32,21.4,0,77
4/15/2025,Rangpur,1,30.8,23,1.6,79
4/16/2025,Rangpur,0,32,21.6,8.2,77
4/17/2025,Rangpur,0,28.1,20.7,16.2,88
4/18/2025,Rangpur,0,27.3,21.4,11.5,88
4/19/2025,Rangpur,0,31.1,20.5,0.2,79
4/20/2025,Rangpur,0,31.2,21.6,2,80
4/21/2025,Rangpur,0,31,22.2,1.1,83
4/22/2025,Rangpur,0,30.2,23.2,8.3,88
4/23/2025,Rangpur,0,36.3,22.6,1.2,72
4/24/2025,Rangpur,0,36.8,21.7,0,66
4/25/2025,Rangpur,0,37.6,24,0.1,69
4/26/2025,Rangpur,0,36.5,22,3.3,72
4/27/2025,Rangpur,0,34.2,21.8,0.1,72
4/28/2025,Rangpur,0,32.1,22.2,16.8,80
4/29/2025,Rangpur,0,27.5,20.1,24.8,83
4/30/2025,Rangpur,0,30.8,21.2,0.4,75
5/1/2025,Rangpur,0,30.8,21.4,1.7,75
5/2/2025,Rangpur,0,32.6,22.7,0.5,74
5/3/2025,Rangpur,0,32.7,21.6,0.1,70
5/4/2025,Rangpur,0,33.4,22.4,1.4,70
5/5/2025,Rangpur,0,30.6,22.5,14.5,82
5/6/2025,Rangpur,0,31.6,22.3,8.2,80
5/7/2025,Rangpur,0,33.3,22.2,1.8,73
5/8/2025,Rangpur,1,37.5,22.9,0,64
5/9/2025,Rangpur,0,37.8,24.6,0,65
5/10/2025,Rangpur,0,39.3,25.2,0,63
5/11/2025,Rangpur,0,37.4,26,3.2,65
5/12/2025,Rangpur,0,35.2,24.1,2,71
5/13/2025,Rangpur,1,31.8,23.4,39.8,84
5/14/2025,Rangpur,1,32.4,23.7,4.9,85
5/15/2025,Rangpur,1,31.6,22.4,53,86
5/16/2025,Rangpur,0,31,22.9,25.2,87
5/17/2025,Rangpur,0,29.2,22.3,51.1,88
5/18/2025,Rangpur,0,30.4,22.7,10.8,87
5/19/2025,Rangpur,4,27.8,22.4,26.4,89
5/20/2025,Rangpur,1,30.4,22.8,44.2,86
5/21/2025,Rangpur,0,30.8,23,48.9,86
5/22/2025,Rangpur,0,31.3,23.1,31.2,82
5/23/2025,Rangpur,0,31.1,23.8,1.2,87
5/24/2025,Rangpur,0,32.3,24.2,0.1,83
5/25/2025,Rangpur,0,32.6,24.5,7.7,85
5/26/2025,Rangpur,0,30.1,25,4.7,85
5/27/2025,Rangpur,0,32.5,24.8,11.2,81
5/28/2025,Rangpur,0,33.2,26.3,4.7,80
5/29/2025,Rangpur,1,30.9,24.9,26,89
5/30/2025,Rangpur,0,27.5,24.6,49.2,90
5/31/2025,Rangpur,0,31.1,23.5,25.3,91
6/1/2025,Rangpur,1,32.4,24.1,18.5,87
6/2/2025,Rangpur,0,32.9,23.3,11.8,83
6/3/2025,Rangpur,0,32.2,24.7,9.4,83
6/4/2025,Rangpur,0,28.9,22.6,47.3,89
6/5/2025,Rangpur,1,30.9,22.7,13.4,85
6/6/2025,Rangpur,0,31.7,22.8,12.6,85
6/7/2025,Rangpur,0,32.8,23.9,0.3,79
6/8/2025,Rangpur,0,33.9,24.1,0.1,76
6/9/2025,Rangpur,0,34.6,25.7,0,75
6/10/2025,Rangpur,0,34.9,26.5,0.9,75
6/11/2025,Rangpur,0,33.6,26.2,0.8,82
6/12/2025,Rangpur,0,34,27.1,1.1,81
6/13/2025,Rangpur,0,34.1,27.2,0.6,79
6/14/2025,Rangpur,0,33.7,27.3,2.2,79
6/15/2025,Rangpur,3,32.6,25,13.7,86
6/16/2025,Rangpur,0,32.3,25.6,10,86
6/17/2025,Rangpur,0,32,26.1,3.1,83
6/18/2025,Rangpur,0,30.7,25.7,8.6,87
6/19/2025,Rangpur,3,31,25.2,18.5,87
6/20/2025,Rangpur,0,31.1,25.4,10.7,89
6/21/2025,Rangpur,0,31.8,24.9,57.9,90
6/22/2025,Rangpur,0,31.3,25.4,24.9,89
6/23/2025,Rangpur,1,31.5,25.5,26.6,88
6/24/2025,Rangpur,0,29.3,24.7,24.7,89
6/25/2025,Rangpur,0,32.3,25.1,17.3,86
6/26/2025,Rangpur,0,32.7,26.3,2.4,81
6/27/2025,Rangpur,0,32.6,26.3,3.6,81
6/28/2025,Rangpur,0,32.7,26.2,2.6,81
6/29/2025,Rangpur,0,32.4,26.1,5.1,82
6/30/2025,Rangpur,0,31.9,25.9,30.9,84
7/1/2025,Rangpur,0,32.6,26.1,10.6,83
7/2/2025,Rangpur,0,31.8,25.8,2.4,84
7/3/2025,Rangpur,3,31.9,26.2,7.8,83
7/4/2025,Rangpur,0,31.3,25.8,8.8,86
7/5/2025,Rangpur,0,30.1,25.2,6.7,87
7/6/2025,Rangpur,0,32.1,25.7,6.3,84
7/7/2025,Rangpur,3,32,25.4,2.1,80
7/8/2025,Rangpur,0,31.8,25.2,2.2,80
7/9/2025,Rangpur,5,30.8,25.1,3.2,84
7/10/2025,Rangpur,0,31.2,24.7,2.2,83
7/11/2025,Rangpur,0,32.9,25.1,2.1,81
7/12/2025,Rangpur,2,34.5,26.1,0.1,79
7/13/2025,Rangpur,3,34.4,26.6,7.8,80
7/14/2025,Rangpur,3,32.9,26.1,3.8,82
7/15/2025,Rangpur,3,30.2,25.3,16.9,89
7/16/2025,Rangpur,2,31.7,25.6,4,87
7/17/2025,Rangpur,0,32.9,24.9,7,86
7/18/2025,Rangpur,0,33.4,25.7,3.5,84
7/19/2025,Rangpur,0,33.9,26.4,12.1,84
7/20/2025,Rangpur,7,30.9,25.9,27.5,91
7/21/2025,Rangpur,0,33.1,25.8,4.6,87
7/22/2025,Rangpur,5,32.9,26.4,13.3,88
7/23/2025,Rangpur,4,35.1,26.8,0.5,80
7/24/2025,Rangpur,4,35.1,26.9,27.4,83
7/25/2025,Rangpur,0,34.2,26.7,20,81
7/26/2025,Rangpur,0,32.3,26.8,1.7,80
7/27/2025,Rangpur,16,31.5,26,20.2,88
7/28/2025,Rangpur,10,30.7,25.5,8.7,87
7/29/2025,Rangpur,5,31.9,25.7,3.5,84
7/30/2025,Rangpur,3,32.4,25.9,5,84
7/31/2025,Rangpur,5,31.2,25.8,2,83
8/1/2025,Rangpur,0,32.1,25.8,8.5,86
8/2/2025,Rangpur,0,30.6,25.6,30.9,90
8/3/2025,Rangpur,0,30.6,25,31.7,94
8/4/2025,Rangpur,9,30.9,24.5,24.7,92
8/5/2025,Rangpur,4,30.6,25.2,26.5,90
8/6/2025,Rangpur,4,32.2,24.9,10.7,87
8/7/2025,Rangpur,7,31.8,25.3,15.3,90
8/8/2025,Rangpur,0,31,24.9,23.5,90
8/9/2025,Rangpur,0,31.5,25.4,5.9,87
8/10/2025,Rangpur,7,30.2,24.8,22.9,92
8/11/2025,Rangpur,0,32.6,25,18,89
8/12/2025,Rangpur,5,32.4,25.7,20.9,90
8/13/2025,Rangpur,4,28.2,25.5,20.2,94
8/14/2025,Rangpur,5,31.3,25,6.1,89
8/15/2025,Rangpur,0,32.7,25.3,0.4,85
8/16/2025,Rangpur,0,33.6,25.6,1,81
8/17/2025,Rangpur,5,33.5,27,5.7,84
8/18/2025,Rangpur,4,32.3,26.3,17.8,87
8/19/2025,Rangpur,0,31.8,25.8,2.5,85
8/20/2025,Rangpur,0,31.2,24.8,10.3,88
8/21/2025,Rangpur,0,30.5,24.5,20.4,90
8/22/2025,Rangpur,27,31.2,24.6,5.6,85
8/23/2025,Rangpur,0,31.2,26.1,2.5,81
8/24/2025,Rangpur,3,30.3,25.7,7.9,86
8/25/2025,Rangpur,0,30.7,25.3,7,89
8/26/2025,Rangpur,6,32.7,25.8,1.1,87
8/27/2025,Rangpur,5,32.2,25.3,26.2,86
8/28/2025,Rangpur,0,31.3,25.2,2.9,88
8/29/2025,Rangpur,0,30.4,25.3,3.3,89
8/30/2025,Rangpur,0,30.2,24.8,8.2,91
8/31/2025,Rangpur,0,32.1,25,2.6,88
9/1/2025,Rangpur,0,33.9,25.9,1.8,83
9/2/2025,Rangpur,7,32.2,26.4,3.7,84
9/3/2025,Rangpur,6,32.8,26.2,7.5,86
9/4/2025,Rangpur,0,32.4,26,7.3,87
9/5/2025,Rangpur,0,32.4,26,5.9,86
9/6/2025,Rangpur,0,32.5,25.4,9.9,89
9/7/2025,Rangpur,3,31.7,25,8.4,90
9/8/2025,Rangpur,0,32.4,24.8,24.2,88
9/9/2025,Rangpur,2,32.8,25.4,22.1,88
9/10/2025,Rangpur,14,31,25.2,17.9,91
9/11/2025,Rangpur,10,30.9,24.9,12.1,92
9/12/2025,Rangpur,0,31.5,25.1,15.8,92
9/13/2025,Rangpur,0,31.2,24.7,16.5,91
9/14/2025,Rangpur,6,29.5,24.8,24.3,92
9/15/2025,Rangpur,7,29.7,25,19.1,92
9/16/2025,Rangpur,14,27.6,24.8,12.9,93
9/17/2025,Rangpur,6,30.1,23.9,14.1,92
9/18/2025,Rangpur,2,30.4,24,20,91
9/19/2025,Rangpur,1,30.7,24,14.4,92
9/20/2025,Rangpur,0,32,25.1,1.2,89
9/21/2025,Rangpur,3,32.3,25.2,2.3,88
9/22/2025,Rangpur,10,31.3,25.6,7.5,91
9/23/2025,Rangpur,15,32.6,25.4,0.3,85
9/24/2025,Rangpur,5,31.9,25.5,3.1,90
9/25/2025,Rangpur,36,33.6,25.6,0.1,85
9/26/2025,Rangpur,0,35,26.6,0,82
9/27/2025,Rangpur,0,32.4,26.3,5.3,86
9/28/2025,Rangpur,17,32.1,25.6,1,88
9/29/2025,Rangpur,14,32.7,25.5,0.6,86
9/30/2025,Rangpur,0,33.3,25.8,4.2,85
10/1/2025,Rangpur,13,28.7,24.3,14.4,90
10/2/2025,Rangpur,0,28.6,24.4,12.5,91
10/3/2025,Rangpur,0,29.3,24.8,14,90
10/4/2025,Rangpur,0,29.3,24.7,24,93
10/5/2025,Rangpur,23,25.5,24,35.2,95
10/6/2025,Rangpur,11,28.9,23.6,4.1,92
10/7/2025,Rangpur,10,30.3,24.4,1.8,90
10/8/2025,Rangpur,6,29.6,23.9,1,91
10/9/2025,Rangpur,32,30.5,23.7,4.9,88
10/10/2025,Rangpur,0,30.8,23.6,0.4,88
10/11/2025,Rangpur,0,30.6,23.8,0.6,86
10/12/2025,Rangpur,23,30.2,23,0,84
10/13/2025,Rangpur,7,30.5,22.7,0.5,87
10/14/2025,Rangpur,47,30.5,21.8,0.1,83
10/15/2025,Rangpur,19,31.2,22.5,0.1,83
10/16/2025,Rangpur,6,31.6,23,0.5,83
10/17/2025,Rangpur,0,32,24,0.4,84
10/18/2025,Rangpur,0,31.7,23.9,0,82
10/19/2025,Rangpur,20,32.3,23.5,0,81
10/20/2025,Rangpur,23,31.7,23,1.2,80
10/21/2025,Rangpur,41,31.6,22.1,0,82
10/22/2025,Rangpur,2,31.4,21.5,0,82
10/23/2025,Rangpur,17,30.6,22.7,0.2,81
10/24/2025,Rangpur,0,31.3,22.8,0,80
10/25/2025,Rangpur,0,30.7,22.7,0.3,84
10/26/2025,Rangpur,51,30.6,22.1,0.1,81
10/27/2025,Rangpur,12,30.4,23.9,0,80
10/28/2025,Rangpur,19,31,22.6,0,79
10/29/2025,Rangpur,16,29.6,24.6,0.6,82
10/30/2025,Rangpur,13,26.7,23.2,9.5,89
10/31/2025,Rangpur,0,26.8,22.3,15.8,88
1/1/2022,Sylhet,0,24.4,11.9,0,78
1/2/2022,Sylhet,0,25.2,11.3,0,77
1/3/2022,Sylhet,0,24.7,12,0,82
1/4/2022,Sylhet,0,24.6,11.9,0,81
1/5/2022,Sylhet,0,24.7,11.6,0,80
1/6/2022,Sylhet,0,24.8,12,0,80
1/7/2022,Sylhet,0,25.9,12.2,0,74
1/8/2022,Sylhet,0,26.2,12.7,0,69
1/9/2022,Sylhet,0,26,13,0,73
1/10/2022,Sylhet,0,26,13.8,0,76
1/11/2022,Sylhet,0,25.8,15.1,0.4,76
1/12/2022,Sylhet,0,24.2,16.7,10.4,83
1/13/2022,Sylhet,0,23.5,15.4,17.2,84
1/14/2022,Sylhet,0,21.8,13.3,0.1,84
1/15/2022,Sylhet,0,22.1,12.3,0,76
1/16/2022,Sylhet,0,23.3,10.7,0,77
1/17/2022,Sylhet,0,25,10.6,0,81
1/18/2022,Sylhet,0,25.3,12.9,0,76
1/19/2022,Sylhet,0,23.9,13,0.2,78
1/20/2022,Sylhet,0,22.9,12.5,0.6,83
1/21/2022,Sylhet,0,22,12.9,0.6,83
1/22/2022,Sylhet,0,23.1,13,0,78
1/23/2022,Sylhet,0,24.1,13.3,0,73
1/24/2022,Sylhet,0,23.9,15.9,0.9,75
1/25/2022,Sylhet,0,23.2,14.5,0.2,82
1/26/2022,Sylhet,0,23.9,14.5,7.1,82
1/27/2022,Sylhet,0,20.9,13.4,1.8,89
1/28/2022,Sylhet,0,20.8,11.4,0.1,76
1/29/2022,Sylhet,0,20.9,8.2,0,73
1/30/2022,Sylhet,0,21,9.3,0.1,74
1/31/2022,Sylhet,0,22.2,10.3,0,73
2/1/2022,Sylhet,0,20.7,11.4,3.1,79
2/2/2022,Sylhet,0,22.8,12.6,8.4,78
2/3/2022,Sylhet,0,22.9,13.3,0.1,76
2/4/2022,Sylhet,0,24.5,13.9,5.8,77
2/5/2022,Sylhet,0,20,12.6,8.6,84
2/6/2022,Sylhet,0,20.4,9.3,0.3,80
2/7/2022,Sylhet,0,21.8,9.6,0,77
2/8/2022,Sylhet,0,22,10.5,0,78
2/9/2022,Sylhet,0,23.1,10.6,0,77
2/10/2022,Sylhet,0,19.2,12.1,0.9,86
2/11/2022,Sylhet,0,23.6,12.9,0.2,77
2/12/2022,Sylhet,0,22.5,12,0,74
2/13/2022,Sylhet,0,26.1,10.8,0,69
2/14/2022,Sylhet,0,26.4,10.8,0,71
2/15/2022,Sylhet,0,26.3,11,0,70
2/16/2022,Sylhet,0,25.5,11.7,0,67
2/17/2022,Sylhet,0,25.8,11.2,0,67
2/18/2022,Sylhet,0,26.5,11.9,0,65
2/19/2022,Sylhet,0,26,12.4,0,58
2/20/2022,Sylhet,0,25.3,11.3,0.9,62
2/21/2022,Sylhet,0,24.4,13.1,2.3,73
2/22/2022,Sylhet,0,26.2,13.6,0.2,62
2/23/2022,Sylhet,0,27.6,15.9,0,56
2/24/2022,Sylhet,0,28,14.5,0.6,66
2/25/2022,Sylhet,0,27.6,16.6,7.6,81
2/26/2022,Sylhet,0,28,15,0,75
2/27/2022,Sylhet,0,28,14.3,0,73
2/28/2022,Sylhet,0,27.9,15.5,0.2,75
3/1/2022,Sylhet,0,28.6,16,0,65
3/2/2022,Sylhet,0,29,13.9,0,62
3/3/2022,Sylhet,0,30,14.4,0,63
3/4/2022,Sylhet,0,29.4,14.4,0,65
3/5/2022,Sylhet,0,30,14.4,0,62
3/6/2022,Sylhet,0,31.1,16.1,0,57
3/7/2022,Sylhet,0,34.8,15.5,0,53
3/8/2022,Sylhet,0,34.4,17.3,0,54
3/9/2022,Sylhet,0,33.7,16.9,0,56
3/10/2022,Sylhet,0,34.4,18.4,0,55
3/11/2022,Sylhet,0,33.6,18,0,55
3/12/2022,Sylhet,0,33.7,17.3,0,56
3/13/2022,Sylhet,0,34.5,17.3,0,58
3/14/2022,Sylhet,0,35.5,18.1,0,60
3/15/2022,Sylhet,0,35.2,18.4,0,55
3/16/2022,Sylhet,0,34.1,19.3,0,60
3/17/2022,Sylhet,0,34.7,19.3,0,59
3/18/2022,Sylhet,0,35.3,19.4,0,60
3/19/2022,Sylhet,0,34.8,20.1,0,61
3/20/2022,Sylhet,0,33.9,19.1,0,62
3/21/2022,Sylhet,0,33.3,18.7,0,60
3/22/2022,Sylhet,0,34.8,19.9,0,66
3/23/2022,Sylhet,0,36,21.1,0,57
3/24/2022,Sylhet,0,26.9,22.1,5.8,78
3/25/2022,Sylhet,0,26.7,19.4,7.2,86
3/26/2022,Sylhet,0,26.6,20.2,42.4,88
3/27/2022,Sylhet,0,30.3,19.2,5.8,83
3/28/2022,Sylhet,0,27.8,20.9,2.3,88
3/29/2022,Sylhet,0,29.1,20.3,7.2,85
3/30/2022,Sylhet,0,25.5,21.2,2.9,89
3/31/2022,Sylhet,0,30,21.5,13.1,86
4/1/2022,Sylhet,0,26.5,21.4,33.4,91
4/2/2022,Sylhet,0,31,21.2,0.8,82
4/3/2022,Sylhet,0,29.8,21.5,18,86
4/4/2022,Sylhet,0,26.9,21.4,17.8,89
4/5/2022,Sylhet,0,31.2,21.6,1.8,84
4/6/2022,Sylhet,0,30.4,22.1,10.1,82
4/7/2022,Sylhet,0,32.4,22.3,0.1,79
4/8/2022,Sylhet,0,31.9,22.4,14.8,84
4/9/2022,Sylhet,0,28.5,20.9,8.2,88
4/10/2022,Sylhet,0,28.8,20.6,71.3,89
4/11/2022,Sylhet,0,29.6,20.8,66.8,86
4/12/2022,Sylhet,0,28.4,20.8,12.5,89
4/13/2022,Sylhet,0,29.7,22.3,12.6,87
4/14/2022,Sylhet,0,29.8,22.2,23,91
4/15/2022,Sylhet,0,27,21.1,13.9,89
4/16/2022,Sylhet,0,23.7,20.8,10.2,89
4/17/2022,Sylhet,0,29.8,20.8,4.8,86
4/18/2022,Sylhet,0,30.9,20.7,3.2,83
4/19/2022,Sylhet,0,30.1,20.6,17.6,84
4/20/2022,Sylhet,0,26.6,20.4,38.1,91
4/21/2022,Sylhet,0,30.1,18.9,0,76
4/22/2022,Sylhet,0,27.1,21.5,15.4,89
4/23/2022,Sylhet,0,29.4,22.3,8.6,89
4/24/2022,Sylhet,0,30.3,22.6,2.2,88
4/25/2022,Sylhet,0,32.6,23.2,2.7,83
4/26/2022,Sylhet,0,32.8,24,1.7,81
4/27/2022,Sylhet,0,32.5,22.1,19.8,82
4/28/2022,Sylhet,0,32.8,20.8,7.8,81
4/29/2022,Sylhet,0,32,24.1,22.2,87
4/30/2022,Sylhet,0,32.2,21.8,0.7,80
5/1/2022,Sylhet,0,31.2,21.7,0.1,79
5/2/2022,Sylhet,0,30.1,21.7,2.3,84
5/3/2022,Sylhet,0,31.8,21,3,81
5/4/2022,Sylhet,0,30.3,20.8,2,82
5/5/2022,Sylhet,0,30.2,22.3,1.5,81
5/6/2022,Sylhet,0,32.2,23,1.5,78
5/7/2022,Sylhet,0,32.3,23.5,1.3,78
5/8/2022,Sylhet,0,33.2,23.8,0,77
5/9/2022,Sylhet,0,29.4,25.1,1.2,84
5/10/2022,Sylhet,0,28.7,23.9,9.4,90
5/11/2022,Sylhet,0,29.3,22.8,77.4,92
5/12/2022,Sylhet,0,30,23.6,55.2,91
5/13/2022,Sylhet,0,26.4,23.2,130.3,96
5/14/2022,Sylhet,0,27.1,22.9,107.1,95
5/15/2022,Sylhet,0,27.5,22.9,47.1,90
5/16/2022,Sylhet,0,29.7,23,44.1,88
5/17/2022,Sylhet,0,27.5,22.7,68.4,90
5/18/2022,Sylhet,0,29.6,22.9,39.3,89
5/19/2022,Sylhet,0,31.2,22.9,22.5,86
5/20/2022,Sylhet,0,31.1,22.5,18.1,87
5/21/2022,Sylhet,0,29.4,22.7,31.9,90
5/22/2022,Sylhet,0,30.6,22.4,39.1,85
5/23/2022,Sylhet,0,30.1,22.9,15.5,86
5/24/2022,Sylhet,0,33.2,23.2,0.6,76
5/25/2022,Sylhet,0,29.2,24.8,1.6,87
5/26/2022,Sylhet,0,30.9,23,13.6,86
5/27/2022,Sylhet,0,30.1,22.3,39.6,86
5/28/2022,Sylhet,0,31.3,21.5,27.3,82
5/29/2022,Sylhet,0,32,22.9,4.7,82
5/30/2022,Sylhet,0,31.9,23.7,16.7,85
5/31/2022,Sylhet,0,31.8,24.3,11.4,86
6/1/2022,Sylhet,0,31.6,24.5,13,86
6/2/2022,Sylhet,0,30.3,24.5,37.2,91
6/3/2022,Sylhet,0,27.7,24.1,43.7,94
6/4/2022,Sylhet,0,27.8,24,28,92
6/5/2022,Sylhet,0,29.9,23.5,56.9,90
6/6/2022,Sylhet,0,30.4,23.7,38.5,91
6/7/2022,Sylhet,0,31.1,24,44.8,89
6/8/2022,Sylhet,0,31,24.5,38,89
6/9/2022,Sylhet,0,29.6,24.1,59.1,92
6/10/2022,Sylhet,0,30.4,24.2,53.4,92
6/11/2022,Sylhet,0,32.2,23.6,7.3,84
6/12/2022,Sylhet,0,29.5,24,37.3,89
6/13/2022,Sylhet,0,28.3,23.9,42.8,93
6/14/2022,Sylhet,0,29.5,23.5,74.2,93
6/15/2022,Sylhet,0,27.1,23.3,93.9,96
6/16/2022,Sylhet,0,25.8,23.6,71,95
6/17/2022,Sylhet,0,26.2,24.2,64.8,94
6/18/2022,Sylhet,0,26.3,23.8,69.4,95
6/19/2022,Sylhet,0,28.5,23.5,44.1,93
6/20/2022,Sylhet,0,29.2,23.6,39.4,91
6/21/2022,Sylhet,0,29.2,24,16.3,90
6/22/2022,Sylhet,0,31.1,24,22.1,87
6/23/2022,Sylhet,0,30.4,24.9,9.5,88
6/24/2022,Sylhet,0,29.7,24.9,19.9,89
6/25/2022,Sylhet,0,31.4,24.3,8.7,86
6/26/2022,Sylhet,0,31.6,24.6,6.3,84
6/27/2022,Sylhet,0,31.3,25,14.6,88
6/28/2022,Sylhet,0,28.6,24.6,27.4,93
6/29/2022,Sylhet,0,28.3,24.2,25.8,94
6/30/2022,Sylhet,0,27.9,24,47.2,93
7/1/2022,Sylhet,0,30.3,23.9,89.2,89
7/2/2022,Sylhet,0,33.2,24.5,13.7,83
7/3/2022,Sylhet,0,31.6,25,8.8,86
7/4/2022,Sylhet,0,31.7,24.7,17.7,86
7/5/2022,Sylhet,0,31.9,25.5,24.6,85
7/6/2022,Sylhet,0,32.2,24.9,14.8,84
7/7/2022,Sylhet,0,33.8,25,2.5,79
7/8/2022,Sylhet,0,32.2,25.5,7.7,85
7/9/2022,Sylhet,0,33,24.8,7.6,84
7/10/2022,Sylhet,0,33.4,25.4,9.3,84
7/11/2022,Sylhet,0,32.5,25.1,41,84
7/12/2022,Sylhet,0,34.1,25.7,16.5,81
7/13/2022,Sylhet,0,35.2,25.5,17.1,82
7/14/2022,Sylhet,0,36.1,25.9,7.4,78
7/15/2022,Sylhet,0,35,26.1,14.6,80
7/16/2022,Sylhet,0,33.8,25.7,39.5,82
7/17/2022,Sylhet,0,33.2,25.7,29,86
7/18/2022,Sylhet,0,31.6,25.2,24.6,87
7/19/2022,Sylhet,0,31.4,24.7,21,89
7/20/2022,Sylhet,0,32.4,25.3,23.1,87
7/21/2022,Sylhet,0,32.9,25.4,12.9,85
7/22/2022,Sylhet,0,33.5,25.7,6.8,84
7/23/2022,Sylhet,0,32.7,25.4,62.1,88
7/24/2022,Sylhet,0,28.1,25.1,32.7,91
7/25/2022,Sylhet,0,29.2,24.6,15.5,89
7/26/2022,Sylhet,0,30.8,24,18.2,88
7/27/2022,Sylhet,0,32.4,24.3,2.6,86
7/28/2022,Sylhet,0,31.1,25,29.8,89
7/29/2022,Sylhet,0,32.5,25.2,2.2,86
7/30/2022,Sylhet,0,31.9,25.1,25.3,87
7/31/2022,Sylhet,0,28.7,24.8,44.5,92
8/1/2022,Sylhet,0,29.8,24.4,14.6,90
8/2/2022,Sylhet,0,32.1,24.9,20.7,88
8/3/2022,Sylhet,0,32.5,25.5,36.9,88
8/4/2022,Sylhet,0,33.1,25.1,23.8,85
8/5/2022,Sylhet,0,32.6,26.2,20.6,83
8/6/2022,Sylhet,0,31.8,25.3,22,86
8/7/2022,Sylhet,0,34.2,25.8,16.9,84
8/8/2022,Sylhet,0,33.7,25.7,18.4,84
8/9/2022,Sylhet,0,33.4,25.5,14.8,82
8/10/2022,Sylhet,0,33.2,26.1,6,79
8/11/2022,Sylhet,0,34.1,25.6,0.1,75
8/12/2022,Sylhet,0,32.8,26.2,0.6,76
8/13/2022,Sylhet,0,31,26.2,8.7,86
8/14/2022,Sylhet,0,33.1,25.7,19.1,88
8/15/2022,Sylhet,0,32.8,25.7,7,81
8/16/2022,Sylhet,0,32.4,25.1,4.8,85
8/17/2022,Sylhet,0,32.8,25.6,1.7,84
8/18/2022,Sylhet,0,36.3,26.8,0.5,77
8/19/2022,Sylhet,0,34.7,26.5,5,78
8/20/2022,Sylhet,0,33.7,26.7,1.8,79
8/21/2022,Sylhet,0,33.1,25.7,4.2,81
8/22/2022,Sylhet,1,32.4,25.4,14.5,83
8/23/2022,Sylhet,0,32.9,25.6,51.8,85
8/24/2022,Sylhet,0,32.8,25,37.7,81
8/25/2022,Sylhet,0,32.8,24.9,0,79
8/26/2022,Sylhet,0,33.6,25.5,0.5,79
8/27/2022,Sylhet,0,28.8,25.3,22.2,91
8/28/2022,Sylhet,0,30.3,24.6,9.4,89
8/29/2022,Sylhet,0,32,24.9,7.3,87
8/30/2022,Sylhet,0,32.1,25.9,1.9,88
8/31/2022,Sylhet,0,31,25.4,7.1,88
9/1/2022,Sylhet,0,31.4,24.4,10.2,88
9/2/2022,Sylhet,0,30.6,24.6,13.4,89
9/3/2022,Sylhet,0,28.2,24.5,64.6,94
9/4/2022,Sylhet,1,28.5,24.6,32.2,94
9/5/2022,Sylhet,0,29.7,24.4,45.7,90
9/6/2022,Sylhet,0,31.7,24.1,14.9,88
9/7/2022,Sylhet,1,32.8,25.4,0.5,84
9/8/2022,Sylhet,0,34.2,26.6,0.2,82
9/9/2022,Sylhet,0,35.8,26.5,0,74
9/10/2022,Sylhet,0,32.7,25,25.6,86
9/11/2022,Sylhet,1,30.4,24.2,62.4,87
9/12/2022,Sylhet,1,30.6,24,44.5,90
9/13/2022,Sylhet,0,29.6,24.2,6.9,91
9/14/2022,Sylhet,0,29,24.2,16.5,91
9/15/2022,Sylhet,0,29.9,24.5,12.8,89
9/16/2022,Sylhet,0,29.8,24,12.4,89
9/17/2022,Sylhet,0,31.7,24.4,6.3,85
9/18/2022,Sylhet,0,32.4,25.4,5.4,85
9/19/2022,Sylhet,2,32.8,24.9,34.6,84
9/20/2022,Sylhet,0,31.9,24.9,13.8,87
9/21/2022,Sylhet,0,31.7,24,10.3,84
9/22/2022,Sylhet,0,31.5,24.5,4.4,86
9/23/2022,Sylhet,1,30.9,24.4,26.1,89
9/24/2022,Sylhet,0,30.4,24.2,20,90
9/25/2022,Sylhet,0,30.4,24.7,18.9,91
9/26/2022,Sylhet,0,31.7,24.3,11.2,87
9/27/2022,Sylhet,0,30.6,24.3,9.2,85
9/28/2022,Sylhet,0,31.7,24.8,10.4,87
9/29/2022,Sylhet,0,32.3,25,1.8,84
9/30/2022,Sylhet,1,34.4,25.6,0,81
10/1/2022,Sylhet,0,34.4,25.2,1.2,83
10/2/2022,Sylhet,0,30.7,25.4,21.9,87
10/3/2022,Sylhet,1,30.1,24.7,33.3,89
10/4/2022,Sylhet,1,32.7,24.3,1.3,82
10/5/2022,Sylhet,0,30.3,25.1,15.2,88
10/6/2022,Sylhet,0,31.6,24.1,0.9,82
10/7/2022,Sylhet,0,31.7,24,0.7,85
10/8/2022,Sylhet,4,31,24.6,6.8,88
10/9/2022,Sylhet,0,30.3,23.9,23.5,87
10/10/2022,Sylhet,0,30.6,23.6,37.1,88
10/11/2022,Sylhet,0,28.6,22.8,40.5,91
10/12/2022,Sylhet,4,29.4,22.9,15.7,89
10/13/2022,Sylhet,2,29.7,22.9,14.8,89
10/14/2022,Sylhet,0,30.1,23.7,2.3,87
10/15/2022,Sylhet,1,31.4,23,0,83
10/16/2022,Sylhet,2,32.4,23.3,0,77
10/17/2022,Sylhet,2,31.4,23.2,0.8,83
10/18/2022,Sylhet,3,30.5,23.8,2.8,86
10/19/2022,Sylhet,7,30.5,22.4,0,81
10/20/2022,Sylhet,5,32.5,22.4,0.3,74
10/21/2022,Sylhet,2,32.7,21.3,0,71
10/22/2022,Sylhet,2,33.4,21.3,0,71
10/23/2022,Sylhet,0,30.5,23.9,0,74
10/24/2022,Sylhet,7,25.5,23.1,52.1,84
10/25/2022,Sylhet,0,26.5,20.5,8.8,83
10/26/2022,Sylhet,2,27.7,20.1,1.1,87
10/27/2022,Sylhet,4,29.4,19.4,0,81
10/28/2022,Sylhet,2,29.9,18.6,0,79
10/29/2022,Sylhet,0,31.8,19,0,77
10/30/2022,Sylhet,6,31.8,21.4,0,78
10/31/2022,Sylhet,0,32,21.7,0,78
11/1/2022,Sylhet,3,31.6,21,0,75
11/2/2022,Sylhet,4,30.3,21.1,0,83
11/3/2022,Sylhet,4,29,21.4,0.3,85
11/4/2022,Sylhet,0,29.8,21,0.9,85
11/5/2022,Sylhet,1,30.7,21.4,0,79
11/6/2022,Sylhet,1,30.3,20.9,0,80
11/7/2022,Sylhet,2,30.1,20.5,0,77
11/8/2022,Sylhet,8,30,19.1,0,69
11/9/2022,Sylhet,3,30,18.1,0,69
11/10/2022,Sylhet,6,29.8,16.8,0,67
11/11/2022,Sylhet,0,29,16.9,0,69
11/12/2022,Sylhet,0,28.6,16.6,0,71
11/13/2022,Sylhet,7,28.5,17.4,0,73
11/14/2022,Sylhet,0,29.2,17.8,0,73
11/15/2022,Sylhet,1,28.2,17,0,71
11/16/2022,Sylhet,3,28.1,16.5,0,71
11/17/2022,Sylhet,1,27.9,16.1,0,74
11/18/2022,Sylhet,1,29.1,16,0,66
11/19/2022,Sylhet,0,30.4,14.8,0,66
11/20/2022,Sylhet,0,29.6,15.1,0,70
11/21/2022,Sylhet,0,30,16.5,0,69
11/22/2022,Sylhet,0,28.5,15.4,0,75
11/23/2022,Sylhet,0,28.1,15.5,0,76
11/24/2022,Sylhet,1,28.4,15.7,0,71
11/25/2022,Sylhet,0,30.2,16.1,0,72
11/26/2022,Sylhet,0,29.6,15.9,0,71
11/27/2022,Sylhet,3,29.6,15.4,0,66
11/28/2022,Sylhet,0,29.9,17,0,66
11/29/2022,Sylhet,3,28.6,21.9,0.4,79
11/30/2022,Sylhet,0,29.7,21.8,0.6,78
12/1/2022,Sylhet,0,29.5,20,0,77
12/2/2022,Sylhet,0,29.4,17.3,0,76
12/3/2022,Sylhet,5,28.9,15.8,0,71
12/4/2022,Sylhet,0,29,14.9,0,68
12/5/2022,Sylhet,0,29.7,15.8,0,72
12/6/2022,Sylhet,0,28.6,15.8,0,75
12/7/2022,Sylhet,0,28.1,15.2,0,69
12/8/2022,Sylhet,0,28.9,14.9,0,62
12/9/2022,Sylhet,0,27.9,14.7,0,65
12/10/2022,Sylhet,0,27.2,14.4,0,71
12/11/2022,Sylhet,0,26.8,14.6,0,71
12/12/2022,Sylhet,0,26.6,14.9,0,75
12/13/2022,Sylhet,0,25.9,15.4,0,75
12/14/2022,Sylhet,0,26.2,15.3,0,77
12/15/2022,Sylhet,0,25.7,14.6,0,78
12/16/2022,Sylhet,1,25.8,14.5,0,76
12/17/2022,Sylhet,0,27.3,14.4,0,74
12/18/2022,Sylhet,0,27.9,14.6,0,72
12/19/2022,Sylhet,0,26.3,16.9,0.4,80
12/20/2022,Sylhet,0,25.5,15,0.1,77
12/21/2022,Sylhet,0,25.8,13.3,0,77
12/22/2022,Sylhet,0,25.4,13.3,0,76
12/23/2022,Sylhet,0,25.3,13.6,0,78
12/24/2022,Sylhet,0,25.5,13.6,0,78
12/25/2022,Sylhet,0,25.4,13.9,0,76
12/26/2022,Sylhet,0,24,15.3,2.5,83
12/27/2022,Sylhet,0,21.8,14.6,6.2,88
12/28/2022,Sylhet,0,23.5,14.6,1.5,82
12/29/2022,Sylhet,0,22.8,11.5,0,77
12/30/2022,Sylhet,0,23.1,11.6,0,81
12/31/2022,Sylhet,0,22.1,11.2,0,83
1/1/2023,Sylhet,0,22.7,11.6,0,80
1/2/2023,Sylhet,0,23.7,11.5,0,73
1/3/2023,Sylhet,0,23.6,10.9,0,76
1/4/2023,Sylhet,0,23.8,10,0,83
1/5/2023,Sylhet,0,23.7,11,0,86
1/6/2023,Sylhet,0,23.4,12,0,88
1/7/2023,Sylhet,0,25,12.4,0,89
1/8/2023,Sylhet,1,25,13.7,0,91
1/9/2023,Sylhet,0,25.6,13.6,0,89
1/10/2023,Sylhet,0,26,13.1,0,83
1/11/2023,Sylhet,0,25.4,12.6,0,80
1/12/2023,Sylhet,1,24.3,12.5,0,83
1/13/2023,Sylhet,1,22.7,11.1,0,74
1/14/2023,Sylhet,0,23.9,11.9,0,77
1/15/2023,Sylhet,0,23.9,13.9,1.1,75
1/16/2023,Sylhet,0,23,12.3,0,75
1/17/2023,Sylhet,0,22.7,14.4,0,70
1/18/2023,Sylhet,0,21.4,9.3,0,70
1/19/2023,Sylhet,0,21.6,8.8,0,75
1/20/2023,Sylhet,0,22.5,8.5,0,76
1/21/2023,Sylhet,0,23.2,8.6,0,73
1/22/2023,Sylhet,0,23.8,10.4,0,71
1/23/2023,Sylhet,0,24.3,11.2,0,73
1/24/2023,Sylhet,0,25.5,12.4,0,74
1/25/2023,Sylhet,0,25.6,13.1,0,75
1/26/2023,Sylhet,0,25.9,13.6,0,75
1/27/2023,Sylhet,0,25.8,13.8,0,79
1/28/2023,Sylhet,0,25.8,14.8,0,80
1/29/2023,Sylhet,0,27,14.9,0,82
1/30/2023,Sylhet,0,28.3,14,0,79
1/31/2023,Sylhet,0,27.1,13.7,0,76
2/1/2023,Sylhet,0,23.7,17,0,77
2/2/2023,Sylhet,0,26,14.3,0,82
2/3/2023,Sylhet,0,26.2,12.8,0,82
2/4/2023,Sylhet,0,25.8,12.8,0,78
2/5/2023,Sylhet,0,25.2,13.2,0,78
2/6/2023,Sylhet,0,24.9,12.6,0,77
2/7/2023,Sylhet,0,25.3,13.5,0,73
2/8/2023,Sylhet,0,25.4,14.7,1.1,78
2/9/2023,Sylhet,0,26.9,15.7,1,77
2/10/2023,Sylhet,0,26.5,15.4,0.1,73
2/11/2023,Sylhet,0,26.3,14.2,0,74
2/12/2023,Sylhet,0,26.6,15.7,0.9,73
2/13/2023,Sylhet,0,24.8,14.5,0,58
2/14/2023,Sylhet,0,25.5,11.3,0,53
2/15/2023,Sylhet,0,26,11.2,0,62
2/16/2023,Sylhet,0,27.4,12.6,0,65
2/17/2023,Sylhet,0,27.7,14.2,0,66
2/18/2023,Sylhet,0,29.1,14.7,0,68
2/19/2023,Sylhet,0,29.5,14.9,0,66
2/20/2023,Sylhet,0,28.5,17.4,0,74
2/21/2023,Sylhet,0,28.8,18,1.2,75
2/22/2023,Sylhet,0,26.1,18.6,5.2,86
2/23/2023,Sylhet,0,26.1,18.6,9.8,87
2/24/2023,Sylhet,0,26.6,18.1,9.5,87
2/25/2023,Sylhet,0,29.7,17.7,0,73
2/26/2023,Sylhet,0,28.7,14.3,0,70
2/27/2023,Sylhet,0,28.8,14.6,0,66
2/28/2023,Sylhet,0,29,15.1,0,69
3/1/2023,Sylhet,0,29.4,15.8,0,66
3/2/2023,Sylhet,0,29.3,16.7,0,70
3/3/2023,Sylhet,0,29.8,17.1,0,70
3/4/2023,Sylhet,0,31,17.4,0,70
3/5/2023,Sylhet,0,30.6,17,0,70
3/6/2023,Sylhet,0,30.4,17.8,0,71
3/7/2023,Sylhet,0,30.3,16.5,0,66
3/8/2023,Sylhet,0,30.7,16.6,0,59
3/9/2023,Sylhet,0,31.4,17.8,0,64
3/10/2023,Sylhet,0,29.9,17.5,0,71
3/11/2023,Sylhet,0,28.5,18.3,0,74
3/12/2023,Sylhet,0,32.4,18.2,0,66
3/13/2023,Sylhet,0,32.5,17.6,0,61
3/14/2023,Sylhet,0,30.7,17.3,0,68
3/15/2023,Sylhet,0,23.2,18.1,21.2,85
3/16/2023,Sylhet,0,29.3,17.4,6,81
3/17/2023,Sylhet,0,27.5,18.4,0.5,87
3/18/2023,Sylhet,0,29,17.8,2.4,81
3/19/2023,Sylhet,0,22.4,19.2,9,91
3/20/2023,Sylhet,0,25.1,18.6,16.4,89
3/21/2023,Sylhet,0,25.5,18,26.9,88
3/22/2023,Sylhet,0,25.8,17.8,13.8,85
3/23/2023,Sylhet,0,27.6,17.6,3.6,82
3/24/2023,Sylhet,0,28.8,17.9,5.7,81
3/25/2023,Sylhet,0,29.7,17.6,1.2,80
3/26/2023,Sylhet,0,28.6,19,5.1,86
3/27/2023,Sylhet,0,29.2,19.5,7.3,83
3/28/2023,Sylhet,0,29.4,19,2.7,79
3/29/2023,Sylhet,0,28.9,19,12.1,84
3/30/2023,Sylhet,0,28.4,19,21.1,85
3/31/2023,Sylhet,0,29.7,19.5,1.9,83
4/1/2023,Sylhet,0,26,18.6,30.1,88
4/2/2023,Sylhet,0,26.7,18.2,16.4,89
4/3/2023,Sylhet,0,27.5,18,1.9,85
4/4/2023,Sylhet,0,26.9,19.1,2.3,84
4/5/2023,Sylhet,0,26.4,20.1,23.2,86
4/6/2023,Sylhet,0,29.5,20.2,5,83
4/7/2023,Sylhet,0,32.2,18.2,0,73
4/8/2023,Sylhet,0,32.8,18.5,0,70
4/9/2023,Sylhet,0,32.8,19.6,0,71
4/10/2023,Sylhet,0,32.7,20.3,0,72
4/11/2023,Sylhet,0,34,20.4,0,67
4/12/2023,Sylhet,0,33.6,19.3,0,63
4/13/2023,Sylhet,0,34.2,18.9,0,65
4/14/2023,Sylhet,0,34.7,20.5,0,71
4/15/2023,Sylhet,0,35.7,21.9,0,73
4/16/2023,Sylhet,0,35.5,23.2,0,74
4/17/2023,Sylhet,0,34.1,22.3,8.8,79
4/18/2023,Sylhet,0,33.7,22.7,1,77
4/19/2023,Sylhet,0,34.2,22.8,16.2,80
4/20/2023,Sylhet,0,33.7,22.2,5.3,79
4/21/2023,Sylhet,0,28.5,21.5,10,87
4/22/2023,Sylhet,0,31.3,21.5,1.9,80
4/23/2023,Sylhet,0,27.1,21.2,13.2,86
4/24/2023,Sylhet,0,31.7,19.2,0,76
4/25/2023,Sylhet,0,31.8,21.3,0,72
4/26/2023,Sylhet,0,32.7,21.2,0,72
4/27/2023,Sylhet,0,33.3,21.9,0,69
4/28/2023,Sylhet,0,31.9,22.4,0,73
4/29/2023,Sylhet,0,33.1,22.5,1.8,71
4/30/2023,Sylhet,0,32.3,22.5,0.6,78
5/1/2023,Sylhet,0,32.3,22.2,1.2,70
5/2/2023,Sylhet,0,31.7,23.5,0.1,71
5/3/2023,Sylhet,0,30.9,22.6,33.4,78
5/4/2023,Sylhet,0,29.9,22,19.5,89
5/5/2023,Sylhet,0,30.1,21.3,15.5,84
5/6/2023,Sylhet,0,31,22.3,1.7,85
5/7/2023,Sylhet,0,32.5,22.3,0.3,77
5/8/2023,Sylhet,0,35,23.1,0,70
5/9/2023,Sylhet,0,35,22.4,0,70
5/10/2023,Sylhet,0,35.9,23.5,11.3,78
5/11/2023,Sylhet,0,34.3,23.9,1.5,80
5/12/2023,Sylhet,0,33.7,25,0,76
5/13/2023,Sylhet,0,34.1,22.9,0,69
5/14/2023,Sylhet,0,28.5,23,1.7,65
5/15/2023,Sylhet,0,30.7,21.2,1.6,71
5/16/2023,Sylhet,0,32,22.2,7.3,80
5/17/2023,Sylhet,0,29.6,21.7,38.1,85
5/18/2023,Sylhet,0,29.6,22.1,12.9,86
5/19/2023,Sylhet,0,27.3,22,22.9,89
5/20/2023,Sylhet,0,30.3,22,9.6,86
5/21/2023,Sylhet,0,32.3,22.5,10.3,82
5/22/2023,Sylhet,0,31.7,22,8.6,82
5/23/2023,Sylhet,0,30.7,23.2,6.4,84
5/24/2023,Sylhet,0,30.1,22.6,6,84
5/25/2023,Sylhet,0,31.6,22.3,9,79
5/26/2023,Sylhet,0,30.5,22.6,23,84
5/27/2023,Sylhet,0,29.4,22.1,19.7,86
5/28/2023,Sylhet,0,32.3,22.3,0,82
5/29/2023,Sylhet,0,33.6,22.8,0,75
5/30/2023,Sylhet,0,34.3,23.7,0,71
5/31/2023,Sylhet,0,34.7,24.4,0,75
6/1/2023,Sylhet,0,33.3,25.2,3.8,81
6/2/2023,Sylhet,0,33,24.6,11.7,85
6/3/2023,Sylhet,0,32,22.7,12.8,84
6/4/2023,Sylhet,0,33.3,23.8,12.8,81
6/5/2023,Sylhet,0,34.8,25.6,0,81
6/6/2023,Sylhet,0,35.2,26.6,0,78
6/7/2023,Sylhet,0,35.4,26.3,0.6,76
6/8/2023,Sylhet,0,33.7,26.2,23.4,84
6/9/2023,Sylhet,0,31.6,25,46,89
6/10/2023,Sylhet,0,32.1,25.2,28.4,86
6/11/2023,Sylhet,0,30,25.1,32.6,89
6/12/2023,Sylhet,0,31.5,24.3,4.7,89
6/13/2023,Sylhet,0,31.9,24.3,6.9,88
6/14/2023,Sylhet,0,27.8,23.9,73.9,91
6/15/2023,Sylhet,0,28.2,23.6,44.6,89
6/16/2023,Sylhet,0,26.6,23.6,83.2,93
6/17/2023,Sylhet,0,27.3,23.5,35.1,91
6/18/2023,Sylhet,2,28.9,23.6,17.5,91
6/19/2023,Sylhet,1,26.2,23.8,33.9,95
6/20/2023,Sylhet,2,32.1,24.2,12,89
6/21/2023,Sylhet,2,32.1,24.2,22,88
6/22/2023,Sylhet,5,30.9,24.4,22.7,91
6/23/2023,Sylhet,1,31.8,24.1,19.4,87
6/24/2023,Sylhet,11,33.2,25.3,4.7,82
6/25/2023,Sylhet,3,33.2,25.2,22.2,82
6/26/2023,Sylhet,3,33.8,25.4,2.9,82
6/27/2023,Sylhet,6,30.7,24.9,22.8,88
6/28/2023,Sylhet,0,29,24.8,32.6,91
6/29/2023,Sylhet,1,30.9,24.1,52.5,92
6/30/2023,Sylhet,0,31,24.7,28.6,91
7/1/2023,Sylhet,0,28.6,24.5,26.5,92
7/2/2023,Sylhet,3,30.1,25,39.3,92
7/3/2023,Sylhet,7,30.5,24.5,32.2,91
7/4/2023,Sylhet,1,32.9,25.3,11,85
7/5/2023,Sylhet,2,33.1,25.4,36,85
7/6/2023,Sylhet,1,30.4,25.4,45,90
7/7/2023,Sylhet,4,31.2,24.8,29.4,89
7/8/2023,Sylhet,2,31.7,25.3,11.2,86
7/9/2023,Sylhet,10,32.6,25.6,8.4,84
7/10/2023,Sylhet,3,31.9,25,43.9,89
7/11/2023,Sylhet,5,31.6,25.4,19,89
7/12/2023,Sylhet,8,30.3,25.3,62.3,88
7/13/2023,Sylhet,12,30,25.1,35.1,90
7/14/2023,Sylhet,9,30.6,24.8,14.7,88
7/15/2023,Sylhet,8,32.3,25.5,5.1,84
7/16/2023,Sylhet,10,32,25.2,1.8,81
7/17/2023,Sylhet,28,30.3,25.2,10.9,89
7/18/2023,Sylhet,20,34.2,25.1,14.5,79
7/19/2023,Sylhet,16,35,25.9,8.3,78
7/20/2023,Sylhet,16,34.9,26.9,7,80
7/21/2023,Sylhet,8,33.7,25.3,33.8,84
7/22/2023,Sylhet,19,33.8,25.9,11.5,82
7/23/2023,Sylhet,12,32.8,26,22.5,85
7/24/2023,Sylhet,23,32.1,25.5,24.8,88
7/25/2023,Sylhet,23,33.6,25.3,21.6,84
7/26/2023,Sylhet,28,32.8,25,21.1,85
7/27/2023,Sylhet,25,31.4,25,26.7,88
7/28/2023,Sylhet,21,31.1,25.3,34.5,89
7/29/2023,Sylhet,10,32.7,25.1,8.7,86
7/30/2023,Sylhet,24,34.5,26.2,5.7,80
7/31/2023,Sylhet,25,35.1,26.9,0.1,78
8/1/2023,Sylhet,14,36.1,26.8,5.2,79
8/2/2023,Sylhet,12,32,26.5,23.8,86
8/3/2023,Sylhet,26,30.7,25.9,16.3,89
8/4/2023,Sylhet,15,30.4,25.8,22.9,90
8/5/2023,Sylhet,25,30.2,25.5,40.1,89
8/6/2023,Sylhet,26,29.3,25.2,58.1,92
8/7/2023,Sylhet,18,28.9,24.9,43.4,92
8/8/2023,Sylhet,21,28.4,24.9,35.8,92
8/9/2023,Sylhet,30,31.2,25.3,7.9,87
8/10/2023,Sylhet,24,31.5,25.1,35.5,90
8/11/2023,Sylhet,9,31.6,25.2,9.5,89
8/12/2023,Sylhet,13,30.1,25.8,40.1,90
8/13/2023,Sylhet,28,30.4,25.7,17.4,90
8/14/2023,Sylhet,26,31.9,25,9.7,88
8/15/2023,Sylhet,8,31.8,25.5,27.2,87
8/16/2023,Sylhet,21,32.3,25,46.3,85
8/17/2023,Sylhet,10,34.3,26.2,38.5,81
8/18/2023,Sylhet,8,33.7,25.2,41.7,82
8/19/2023,Sylhet,14,32.5,26,8.9,85
8/20/2023,Sylhet,12,32.7,26,2,81
8/21/2023,Sylhet,15,31.9,26,19.1,89
8/22/2023,Sylhet,11,29.7,25.4,26.5,91
8/23/2023,Sylhet,14,30.2,24.9,27.8,92
8/24/2023,Sylhet,10,30.1,25,26.2,90
8/25/2023,Sylhet,23,31.4,25.5,29.9,88
8/26/2023,Sylhet,6,29.5,25.3,37.7,91
8/27/2023,Sylhet,25,30.7,24.9,34.9,92
8/28/2023,Sylhet,10,31.9,24.2,43.1,86
8/29/2023,Sylhet,13,33.1,24.6,1,81
8/30/2023,Sylhet,6,34.6,25.1,0,77
8/31/2023,Sylhet,14,33.3,26.1,2.4,81
9/1/2023,Sylhet,10,32,25.4,14,86
9/2/2023,Sylhet,5,32.3,25.8,5.4,87
9/3/2023,Sylhet,9,35.1,25.9,4,78
9/4/2023,Sylhet,11,34.5,25.4,9.9,84
9/5/2023,Sylhet,18,36.4,27.3,0,80
9/6/2023,Sylhet,2,35.5,26.5,0,79
9/7/2023,Sylhet,11,31.8,25.4,34.8,86
9/8/2023,Sylhet,5,30.2,25.5,23.9,92
9/9/2023,Sylhet,13,32.2,25.3,2,84
9/10/2023,Sylhet,12,32.5,25.9,11.3,87
9/11/2023,Sylhet,11,32.5,25.9,13.4,85
9/12/2023,Sylhet,7,31.8,25.5,13.5,87
9/13/2023,Sylhet,14,32.3,25.4,24.9,85
9/14/2023,Sylhet,10,32.8,25.2,25.1,85
9/15/2023,Sylhet,6,33.2,25.5,0,77
9/16/2023,Sylhet,0,33.1,26,0.7,82
9/17/2023,Sylhet,13,34.7,26.4,0,80
9/18/2023,Sylhet,13,31.7,25.5,10.6,83
9/19/2023,Sylhet,7,31.3,25.6,26.6,87
9/20/2023,Sylhet,6,32.8,24.9,47.9,87
9/21/2023,Sylhet,6,32,24.5,56.2,90
9/22/2023,Sylhet,10,30.8,24,26.8,90
9/23/2023,Sylhet,8,31.5,24.2,23.1,90
9/24/2023,Sylhet,8,32.3,24.6,1.7,84
9/25/2023,Sylhet,10,32.5,25,0.2,81
9/26/2023,Sylhet,14,32.9,25.8,0.3,84
9/27/2023,Sylhet,6,32.8,26,1.3,85
9/28/2023,Sylhet,4,34.9,26.5,0,81
9/29/2023,Sylhet,4,35.2,27.1,0.1,75
9/30/2023,Sylhet,4,28.9,25.8,35.7,91
10/1/2023,Sylhet,11,32.5,25.7,16.4,84
10/2/2023,Sylhet,12,32.4,25.1,20.8,85
10/3/2023,Sylhet,9,31.9,24.9,8.6,85
10/4/2023,Sylhet,5,31.1,24.7,13.3,87
10/5/2023,Sylhet,7,27.3,24.1,30.9,92
10/6/2023,Sylhet,2,25,23.9,108.6,94
10/7/2023,Sylhet,4,28.7,23.5,63.9,92
10/8/2023,Sylhet,5,28.6,24,33.7,92
10/9/2023,Sylhet,8,29.2,23.5,47.4,90
10/10/2023,Sylhet,3,31.8,23.1,2,84
10/11/2023,Sylhet,12,31.6,24.6,3.4,86
10/12/2023,Sylhet,4,31.1,22.6,8.8,84
10/13/2023,Sylhet,3,30.3,22.3,0.5,86
10/14/2023,Sylhet,3,30.2,23,0,84
10/15/2023,Sylhet,11,30.7,22.8,0.1,78
10/16/2023,Sylhet,2,32,22.3,0,79
10/17/2023,Sylhet,5,31.8,21.8,0,72
10/18/2023,Sylhet,5,31,22,0,77
10/19/2023,Sylhet,6,30.5,21.5,0,76
10/20/2023,Sylhet,1,31,21.5,0,77
10/21/2023,Sylhet,0,32.2,21.1,0,77
10/22/2023,Sylhet,3,32.4,21.3,0,78
10/23/2023,Sylhet,7,30.9,23.3,3.8,84
10/24/2023,Sylhet,8,29.5,22.8,3.3,84
10/25/2023,Sylhet,1,28.7,22.3,0.4,83
10/26/2023,Sylhet,7,28.8,21.4,1.8,86
10/27/2023,Sylhet,4,29.8,21.3,1.6,82
10/28/2023,Sylhet,3,29.9,20.6,0,77
10/29/2023,Sylhet,4,31.1,20.3,0,75
10/30/2023,Sylhet,6,31.6,20.6,0,75
10/31/2023,Sylhet,4,33,20.8,0,75
11/1/2023,Sylhet,8,32.7,20.9,0,77
11/2/2023,Sylhet,3,31.6,20.7,0,75
11/3/2023,Sylhet,0,30.2,20.7,0,75
11/4/2023,Sylhet,4,30.1,20.1,0,75
11/5/2023,Sylhet,5,30.3,20.1,0,74
11/6/2023,Sylhet,5,30.8,19.1,0,74
11/7/2023,Sylhet,5,29.7,18.6,0,76
11/8/2023,Sylhet,1,28.7,18.1,0,74
11/9/2023,Sylhet,5,28.9,18.1,0,74
11/10/2023,Sylhet,5,29.7,18.6,0,74
11/11/2023,Sylhet,0,30,18.9,0,74
11/12/2023,Sylhet,1,30.2,18.2,0,73
11/13/2023,Sylhet,2,31.3,17.9,0,71
11/14/2023,Sylhet,3,31.3,18.2,0,72
11/15/2023,Sylhet,3,31,19.8,0,72
11/16/2023,Sylhet,0,30.3,22,0.4,76
11/17/2023,Sylhet,0,24.5,20.3,43.8,87
11/18/2023,Sylhet,0,28,18.8,1.3,82
11/19/2023,Sylhet,1,29.4,19.4,0,80
11/20/2023,Sylhet,1,29,18.8,0,81
11/21/2023,Sylhet,1,27.6,19,0,82
11/22/2023,Sylhet,1,27.2,19,0.3,85
11/23/2023,Sylhet,1,27.6,18.2,0,84
11/24/2023,Sylhet,0,28,17.6,0,80
11/25/2023,Sylhet,0,27.9,16.5,0,74
11/26/2023,Sylhet,6,29.2,14.5,0,74
11/27/2023,Sylhet,0,29.2,15.1,0,75
11/28/2023,Sylhet,1,28.6,17.9,0,73
11/29/2023,Sylhet,2,27.8,16.7,0,77
11/30/2023,Sylhet,2,28.4,16.2,0,78
12/1/2023,Sylhet,0,28.3,17.4,0,75
12/2/2023,Sylhet,0,28.4,17.4,0,79
12/3/2023,Sylhet,2,28.4,17.1,0,80
12/4/2023,Sylhet,0,28.2,17.1,0,77
12/5/2023,Sylhet,2,25.3,19.7,0,79
12/6/2023,Sylhet,1,25.6,19.2,0,82
12/7/2023,Sylhet,0,22.2,19.7,9.7,90
12/8/2023,Sylhet,2,24.7,18.7,3.5,90
12/9/2023,Sylhet,0,25.7,18,2.1,87
12/10/2023,Sylhet,0,24.1,17.1,0.4,86
12/11/2023,Sylhet,0,24.8,15.2,0,85
12/12/2023,Sylhet,0,25.2,15.6,0.1,85
12/13/2023,Sylhet,0,24.2,15.5,0.1,80
12/14/2023,Sylhet,0,23.9,14.1,0,79
12/15/2023,Sylhet,0,23.8,13.5,0,77
12/16/2023,Sylhet,5,24.2,13.4,0,79
12/17/2023,Sylhet,0,24.6,13.6,0,78
12/18/2023,Sylhet,0,23.9,12.1,0,74
12/19/2023,Sylhet,0,24.9,12,0,76
12/20/2023,Sylhet,0,25.6,12.6,0,79
12/21/2023,Sylhet,0,26.5,14.4,0,77
12/22/2023,Sylhet,0,26.7,14,0,76
12/23/2023,Sylhet,0,25.7,15.3,0,77
12/24/2023,Sylhet,2,24.4,17.4,1.2,82
12/25/2023,Sylhet,1,24.9,16.1,0.1,83
12/26/2023,Sylhet,0,26.4,15.2,0,79
12/27/2023,Sylhet,1,26.7,14.5,0,78
12/28/2023,Sylhet,0,26.3,15.1,0,75
12/29/2023,Sylhet,0,26.9,15.1,0,73
12/30/2023,Sylhet,0,27.2,14.6,0,75
12/31/2023,Sylhet,0,26.5,15,0,77
1/1/2024,Sylhet,1,25.4,13.8,0,79
1/2/2024,Sylhet,0,25,13,0,84
1/3/2024,Sylhet,0,25,14.1,0,85
1/4/2024,Sylhet,0,24.3,13,0,84
1/5/2024,Sylhet,0,23.9,12.3,0,80
1/6/2024,Sylhet,1,24.4,12.4,0,81
1/7/2024,Sylhet,0,24.8,13.4,0,79
1/8/2024,Sylhet,0,24.2,12.8,0,81
1/9/2024,Sylhet,0,23.8,13.2,0,85
1/10/2024,Sylhet,0,22.5,13.5,0,87
1/11/2024,Sylhet,1,21.9,12.6,0,85
1/12/2024,Sylhet,0,21.9,11,0,88
1/13/2024,Sylhet,0,21.6,12.1,0,90
1/14/2024,Sylhet,0,22.4,12,0,90
1/15/2024,Sylhet,0,23.3,11.9,0,89
1/16/2024,Sylhet,0,21.8,13.4,0.2,86
1/17/2024,Sylhet,0,20.9,11.4,0,87
1/18/2024,Sylhet,0,21.6,10.7,0,83
1/19/2024,Sylhet,0,23.4,11.1,0,79
1/20/2024,Sylhet,0,23.5,11.4,0,82
1/21/2024,Sylhet,0,22,11.7,0.5,86
1/22/2024,Sylhet,1,21.9,10,0,85
1/23/2024,Sylhet,0,21.7,11.2,0,89
1/24/2024,Sylhet,1,22.1,11.4,0,83
1/25/2024,Sylhet,0,22.2,12.2,0,84
1/26/2024,Sylhet,0,23.3,13,0,77
1/27/2024,Sylhet,0,22.4,11.7,0.1,80
1/28/2024,Sylhet,0,23.2,11.4,0,79
1/29/2024,Sylhet,0,23.6,10.7,0,74
1/30/2024,Sylhet,0,23.4,11.1,0,76
1/31/2024,Sylhet,0,24.5,13,0.3,73
2/1/2024,Sylhet,0,25.4,13.3,0,72
2/2/2024,Sylhet,0,23.9,14.7,5.3,82
2/3/2024,Sylhet,0,23.7,14.3,1.1,73
2/4/2024,Sylhet,0,24.1,11.4,0,68
2/5/2024,Sylhet,0,24.1,12.8,0,71
2/6/2024,Sylhet,0,21.9,15.7,4.7,83
2/7/2024,Sylhet,0,24.5,14,3.3,78
2/8/2024,Sylhet,0,22.2,10.8,0,72
2/9/2024,Sylhet,0,23.2,10.2,0,71
2/10/2024,Sylhet,0,26,11.8,0,70
2/11/2024,Sylhet,0,27,12.3,0,72
2/12/2024,Sylhet,0,27,13.5,0,72
2/13/2024,Sylhet,0,27.6,13.7,0,71
2/14/2024,Sylhet,0,27.6,14.1,0,67
2/15/2024,Sylhet,0,27.9,15.8,0,71
2/16/2024,Sylhet,0,27.9,15.4,0,71
2/17/2024,Sylhet,0,27.3,15.3,0,70
2/18/2024,Sylhet,0,26.8,13.9,0,67
2/19/2024,Sylhet,0,27.3,14.4,0,65
2/20/2024,Sylhet,0,26.9,14.4,1.3,74
2/21/2024,Sylhet,0,26.3,17.6,7.2,86
2/22/2024,Sylhet,0,23,16.8,34.2,92
2/23/2024,Sylhet,0,23.1,17.1,4.2,92
2/24/2024,Sylhet,0,27,15.9,0,82
2/25/2024,Sylhet,0,23.7,15.6,0.1,79
2/26/2024,Sylhet,0,26.7,11.9,0,77
2/27/2024,Sylhet,0,25.5,13.5,0,79
2/28/2024,Sylhet,0,25.8,14.6,0,76
2/29/2024,Sylhet,0,27.3,14.7,0,75
3/1/2024,Sylhet,0,27.5,14.6,0,72
3/2/2024,Sylhet,0,27.8,13.9,0,73
3/3/2024,Sylhet,0,28.2,15,0,74
3/4/2024,Sylhet,0,27.3,17,0,81
3/5/2024,Sylhet,0,27.9,17.3,0,75
3/6/2024,Sylhet,0,26.9,13.9,0,69
3/7/2024,Sylhet,0,27.1,12.8,0,72
3/8/2024,Sylhet,0,27.9,12.9,0,69
3/9/2024,Sylhet,0,28,13.6,0,69
3/10/2024,Sylhet,0,28.4,13.4,0,65
3/11/2024,Sylhet,0,29.2,14.6,0,71
3/12/2024,Sylhet,0,29.7,15.5,0,69
3/13/2024,Sylhet,0,29.2,16.4,3.8,79
3/14/2024,Sylhet,0,30.1,18.2,0.5,78
3/15/2024,Sylhet,0,30.3,19.6,0.4,80
3/16/2024,Sylhet,0,31,17.1,0,72
3/17/2024,Sylhet,0,31.6,18.1,0,69
3/18/2024,Sylhet,0,31.6,17.3,0,72
3/19/2024,Sylhet,0,29.7,18.4,0,75
3/20/2024,Sylhet,0,27.6,19.8,0.6,73
3/21/2024,Sylhet,0,25.8,17.3,26.8,83
3/22/2024,Sylhet,0,26.5,16.8,4.4,79
3/23/2024,Sylhet,0,27.7,16.6,2.6,82
3/24/2024,Sylhet,0,29.2,17.6,0.5,81
3/25/2024,Sylhet,0,30.7,19.4,14.5,84
3/26/2024,Sylhet,0,30.2,18.6,0.7,78
3/27/2024,Sylhet,0,31.2,18.2,0,76
3/28/2024,Sylhet,0,31,19.3,1.3,77
3/29/2024,Sylhet,0,30.9,19.7,0.1,77
3/30/2024,Sylhet,0,29.3,20.7,7.2,87
3/31/2024,Sylhet,0,27.3,20.8,24.2,91
4/1/2024,Sylhet,0,28.2,19.9,19.4,86
4/2/2024,Sylhet,0,31.8,21.6,3.6,84
4/3/2024,Sylhet,0,31.2,20.8,13.8,82
4/4/2024,Sylhet,0,31.1,21,22.7,84
4/5/2024,Sylhet,0,30.2,21.9,24.4,86
4/6/2024,Sylhet,0,31.5,21.5,13.2,87
4/7/2024,Sylhet,1,29.8,22.9,11.2,87
4/8/2024,Sylhet,0,30.1,21.8,0,85
4/9/2024,Sylhet,0,32.7,21.2,0,79
4/10/2024,Sylhet,0,33.3,19.7,0,78
4/11/2024,Sylhet,0,32.7,20,0,72
4/12/2024,Sylhet,0,34,23,0,62
4/13/2024,Sylhet,0,34.3,20.8,0,67
4/14/2024,Sylhet,0,33.7,20.5,0.3,74
4/15/2024,Sylhet,0,33.9,21,0,73
4/16/2024,Sylhet,0,33.3,23.6,6.9,82
4/17/2024,Sylhet,0,30.8,23.4,8,85
4/18/2024,Sylhet,0,32.5,22.1,6.2,81
4/19/2024,Sylhet,0,31.1,22.6,10.6,84
4/20/2024,Sylhet,0,32.1,22.2,8.3,86
4/21/2024,Sylhet,0,30.6,21.2,7.5,86
4/22/2024,Sylhet,0,32.2,22.7,13,83
4/23/2024,Sylhet,0,31.2,23.6,1.4,85
4/24/2024,Sylhet,0,33.7,23.1,0.5,77
4/25/2024,Sylhet,0,32.8,21.7,0.3,80
4/26/2024,Sylhet,0,31.6,22.5,6.1,82
4/27/2024,Sylhet,0,33.7,24.2,5.6,79
4/28/2024,Sylhet,0,30.5,21.7,45.6,84
4/29/2024,Sylhet,0,30,21.5,6.9,85
4/30/2024,Sylhet,0,31.3,22.9,0.9,81
5/1/2024,Sylhet,0,30,22.4,30.8,84
5/2/2024,Sylhet,0,29.4,21.6,22.4,85
5/3/2024,Sylhet,0,31.1,22.4,0.6,78
5/4/2024,Sylhet,0,32.9,22.2,2.8,77
5/5/2024,Sylhet,0,26.4,21.7,47.7,89
5/6/2024,Sylhet,0,29,20.4,46.4,87
5/7/2024,Sylhet,0,32,21,0,71
5/8/2024,Sylhet,0,29.1,22.1,2.2,81
5/9/2024,Sylhet,0,30.9,22.1,7.3,74
5/10/2024,Sylhet,0,31,23.2,1.1,77
5/11/2024,Sylhet,0,30.9,22.6,3.5,81
5/12/2024,Sylhet,3,32.7,23.5,0,76
5/13/2024,Sylhet,0,33,24,0,76
5/14/2024,Sylhet,0,33.2,24.6,0.1,77
5/15/2024,Sylhet,0,34.8,25.8,0,74
5/16/2024,Sylhet,0,34.3,25.8,0,77
5/17/2024,Sylhet,0,34.3,26.4,0.4,76
5/18/2024,Sylhet,0,32.6,24.5,10.1,82
5/19/2024,Sylhet,0,31.5,24,3.1,82
5/20/2024,Sylhet,0,32.5,25.1,0,77
5/21/2024,Sylhet,0,34.1,24.8,0,73
5/22/2024,Sylhet,0,33.1,24.5,0,79
5/23/2024,Sylhet,0,35.4,25.5,0,73
5/24/2024,Sylhet,0,35.3,26,0,74
5/25/2024,Sylhet,0,36.8,26.3,2.5,72
5/26/2024,Sylhet,0,35.9,26.6,3.3,77
5/27/2024,Sylhet,0,33.3,26.3,42.8,86
5/28/2024,Sylhet,0,26.8,24.3,184.3,93
5/29/2024,Sylhet,0,28.8,23.9,65.4,91
5/30/2024,Sylhet,0,30.1,24.3,36.1,88
5/31/2024,Sylhet,0,31.8,24.9,8.4,86
6/1/2024,Sylhet,0,30.8,23.4,28.3,86
6/2/2024,Sylhet,1,32.4,24.4,19.5,84
6/3/2024,Sylhet,0,30.9,23.9,12.7,88
6/4/2024,Sylhet,0,31.5,23.9,56.8,86
6/5/2024,Sylhet,0,33.3,23.3,35.6,80
6/6/2024,Sylhet,0,32.6,25.3,1.3,81
6/7/2024,Sylhet,0,32.5,24.9,5,82
6/8/2024,Sylhet,0,31.2,24.3,10.5,85
6/9/2024,Sylhet,0,32.3,24.4,15.7,87
6/10/2024,Sylhet,0,32.5,24.8,21.4,88
6/11/2024,Sylhet,0,34.1,25.5,21.4,81
6/12/2024,Sylhet,0,32.4,24.7,26.2,87
6/13/2024,Sylhet,0,28.1,25,35.5,93
6/14/2024,Sylhet,0,31.3,25.1,22.2,89
6/15/2024,Sylhet,0,30.2,24.7,66.8,93
6/16/2024,Sylhet,0,29,24.5,65.1,94
6/17/2024,Sylhet,0,28.2,24.4,93.8,94
6/18/2024,Sylhet,0,26.2,24.1,85.2,97
6/19/2024,Sylhet,0,26.8,24,91.6,94
6/20/2024,Sylhet,0,31.5,23.9,7.3,85
6/21/2024,Sylhet,0,32.5,25.3,2.5,86
6/22/2024,Sylhet,0,31.5,25.1,13.8,88
6/23/2024,Sylhet,0,32.9,25.7,3.7,84
6/24/2024,Sylhet,0,31.7,25.1,20.1,89
6/25/2024,Sylhet,0,33,25.4,15.5,85
6/26/2024,Sylhet,0,33.1,27.1,3.5,86
6/27/2024,Sylhet,0,31.9,25.8,46.2,87
6/28/2024,Sylhet,0,31.3,25.8,80,87
6/29/2024,Sylhet,0,29.5,25.7,47.5,92
6/30/2024,Sylhet,0,30,25.5,106.1,91
7/1/2024,Sylhet,0,28.3,25.3,72.7,94
7/2/2024,Sylhet,0,30.5,25.1,70.4,91
7/3/2024,Sylhet,0,31.5,25.2,10.7,87
7/4/2024,Sylhet,0,30.8,25.3,30.3,89
7/5/2024,Sylhet,0,31,25.7,22.1,88
7/6/2024,Sylhet,0,31.3,25.3,12.9,88
7/7/2024,Sylhet,0,32.8,24.9,1.8,84
7/8/2024,Sylhet,0,30.3,25.3,28.7,91
7/9/2024,Sylhet,0,31.5,25,18.4,89
7/10/2024,Sylhet,0,31.1,25.9,17.9,90
7/11/2024,Sylhet,0,31,25.3,29,87
7/12/2024,Sylhet,0,30.3,25.6,25.4,90
7/13/2024,Sylhet,0,32.3,25.6,5.1,85
7/14/2024,Sylhet,0,33.1,26.4,2.4,83
7/15/2024,Sylhet,0,33.3,26.5,19.2,86
7/16/2024,Sylhet,0,33.3,26.3,6.3,84
7/17/2024,Sylhet,0,33.1,26.5,16.9,85
7/18/2024,Sylhet,1,35.1,26.4,36.8,83
7/19/2024,Sylhet,1,34.4,26.3,29.8,82
7/20/2024,Sylhet,1,33.9,26.2,13.9,81
7/21/2024,Sylhet,1,32.7,26,54.5,88
7/22/2024,Sylhet,1,30,26.2,20,89
7/23/2024,Sylhet,1,31.6,25.9,6.6,87
7/24/2024,Sylhet,0,33.2,26.3,8,84
7/25/2024,Sylhet,0,33.2,26.4,3.5,85
7/26/2024,Sylhet,0,35.6,27.1,1.6,81
7/27/2024,Sylhet,0,35,27.2,10.3,78
7/28/2024,Sylhet,0,34.9,26.1,26.1,79
7/29/2024,Sylhet,0,32.8,26.7,29.4,87
7/30/2024,Sylhet,0,30.6,26.4,17.5,88
7/31/2024,Sylhet,0,31.8,25.9,27.6,89
8/1/2024,Sylhet,0,29,25.7,62.1,89
8/2/2024,Sylhet,0,26.6,24.9,52.2,93
8/3/2024,Sylhet,0,29.1,24.6,39.9,91
8/4/2024,Sylhet,0,31.6,25.1,8.6,86
8/5/2024,Sylhet,0,31.5,25.3,6.4,88
8/6/2024,Sylhet,0,29.5,25.4,19.8,90
8/7/2024,Sylhet,0,31.4,24.4,48.2,89
8/8/2024,Sylhet,0,29.1,24.8,18,90
8/9/2024,Sylhet,0,30,24.8,22.7,89
8/10/2024,Sylhet,0,30.7,25,20.9,89
8/11/2024,Sylhet,0,29.8,24.9,37.7,91
8/12/2024,Sylhet,0,30.3,25.7,6.3,88
8/13/2024,Sylhet,0,32,25.6,12,88
8/14/2024,Sylhet,0,33.3,25.7,8.2,84
8/15/2024,Sylhet,0,33.1,25.4,20.4,84
8/16/2024,Sylhet,0,31.7,25.1,14.5,86
8/17/2024,Sylhet,0,29.1,25.5,8,91
8/18/2024,Sylhet,0,30.6,24.8,27.1,88
8/19/2024,Sylhet,0,28.1,24.5,50.1,90
8/20/2024,Sylhet,0,26.2,24.3,106,93
8/21/2024,Sylhet,0,27.3,24.2,63.3,95
8/22/2024,Sylhet,0,28.2,24.9,33.3,93
8/23/2024,Sylhet,0,32,24.6,18.5,85
8/24/2024,Sylhet,0,30.7,24.5,21.3,89
8/25/2024,Sylhet,0,31.5,25,0.5,83
8/26/2024,Sylhet,0,32.3,25.7,3.3,81
8/27/2024,Sylhet,0,32.9,25.9,0.4,79
8/28/2024,Sylhet,0,31.8,25.7,1.3,84
8/29/2024,Sylhet,0,32.5,26,13.6,86
8/30/2024,Sylhet,0,33.3,25.4,9.1,82
8/31/2024,Sylhet,0,32,26.3,10.3,82
9/1/2024,Sylhet,0,31.7,25.4,10.9,85
9/2/2024,Sylhet,0,33,25.9,2.3,81
9/3/2024,Sylhet,0,31.4,25.6,15.6,86
9/4/2024,Sylhet,0,31.7,25.8,10.2,87
9/5/2024,Sylhet,0,32.3,24.6,5.4,83
9/6/2024,Sylhet,0,33,26.2,13.9,82
9/7/2024,Sylhet,0,33.1,25.6,19.1,82
9/8/2024,Sylhet,0,33,26.6,3.2,82
9/9/2024,Sylhet,0,33.1,25.8,26.4,85
9/10/2024,Sylhet,0,31.8,25.2,15.6,86
9/11/2024,Sylhet,0,32.2,25.7,15.8,86
9/12/2024,Sylhet,0,34.6,26.2,0,79
9/13/2024,Sylhet,0,33.6,26.6,0,66
9/14/2024,Sylhet,0,32.7,26.5,3.1,73
9/15/2024,Sylhet,0,30.4,25,15.2,85
9/16/2024,Sylhet,0,32.7,25.8,0.3,81
9/17/2024,Sylhet,0,33.1,25.8,0,81
9/18/2024,Sylhet,0,34.1,27.1,0,80
9/19/2024,Sylhet,0,34.9,27.4,0,80
9/20/2024,Sylhet,0,35,27.6,0,78
9/21/2024,Sylhet,0,35.4,28.2,0,80
9/22/2024,Sylhet,0,35.6,27.7,0,79
9/23/2024,Sylhet,12,37.6,28.6,0,77
9/24/2024,Sylhet,2,30.8,26.2,29.8,85
9/25/2024,Sylhet,0,28.7,25.3,47.1,93
9/26/2024,Sylhet,0,29.1,24.4,9.3,88
9/27/2024,Sylhet,0,31.5,23.9,2.6,83
9/28/2024,Sylhet,6,30.7,25,8.4,87
9/29/2024,Sylhet,0,29.9,25.7,21.8,91
9/30/2024,Sylhet,0,30.9,24.8,6,88
10/1/2024,Sylhet,12,30.1,24.9,13.9,89
10/2/2024,Sylhet,4,31.9,25.4,22.3,90
10/3/2024,Sylhet,6,28.3,25.1,12.5,90
10/4/2024,Sylhet,1,28.5,24.2,13.6,90
10/5/2024,Sylhet,9,26.2,23.8,53.7,94
10/6/2024,Sylhet,7,30.7,23.3,11.8,84
10/7/2024,Sylhet,2,30.6,24.4,12,85
10/8/2024,Sylhet,4,29.8,23.9,15,89
10/9/2024,Sylhet,3,29.9,23.2,19,89
10/10/2024,Sylhet,0,29.3,23.6,14.6,90
10/11/2024,Sylhet,0,29.1,23,10.7,89
10/12/2024,Sylhet,0,29.8,23.4,1.1,87
10/13/2024,Sylhet,1,30.5,24.4,0.2,84
10/14/2024,Sylhet,5,31.2,23,0,77
10/15/2024,Sylhet,6,28.9,23.6,0.8,84
10/16/2024,Sylhet,4,30.1,22.9,0.6,82
10/17/2024,Sylhet,4,30.6,21.9,0.6,79
10/18/2024,Sylhet,4,30.1,22.6,12,84
10/19/2024,Sylhet,2,28.9,21.7,23.3,86
10/20/2024,Sylhet,7,31.1,20.5,0,80
10/21/2024,Sylhet,3,32.1,22.7,0,80
10/22/2024,Sylhet,4,33.6,23.4,0,79
10/23/2024,Sylhet,5,29.1,23.9,15,84
10/24/2024,Sylhet,5,26,23.2,22.1,89
10/25/2024,Sylhet,2,31.8,23.1,0.1,77
10/26/2024,Sylhet,5,30.9,24,0,81
10/27/2024,Sylhet,4,31,24.1,0,79
10/28/2024,Sylhet,4,30.8,23.1,0,83
10/29/2024,Sylhet,2,31,22.9,0.3,83
10/30/2024,Sylhet,2,29.6,23.7,2.6,87
10/31/2024,Sylhet,5,29.7,22.3,6.3,86
11/1/2024,Sylhet,5,29.6,22.4,0,84
11/2/2024,Sylhet,5,30.5,23.1,0,80
11/3/2024,Sylhet,9,31.1,20.6,0,82
11/4/2024,Sylhet,4,31,21.2,0,83
11/5/2024,Sylhet,0,29.5,22.3,8.5,82
11/6/2024,Sylhet,5,28.6,21.1,4,83
11/7/2024,Sylhet,4,28.5,20.1,0,77
11/8/2024,Sylhet,3,29,19.8,0,75
11/9/2024,Sylhet,2,29.6,18.9,0,77
11/10/2024,Sylhet,5,30.1,19.7,0,78
11/11/2024,Sylhet,3,30.3,19.4,0,77
11/12/2024,Sylhet,4,29.4,21.2,0.2,76
11/13/2024,Sylhet,6,29.3,19.1,0,76
11/14/2024,Sylhet,4,29.8,18.8,0,76
11/15/2024,Sylhet,5,29.5,19.6,0,78
11/16/2024,Sylhet,1,29,18.9,0,77
11/17/2024,Sylhet,9,28.6,19.1,0,75
11/18/2024,Sylhet,4,28.8,17.4,0,76
11/19/2024,Sylhet,5,29.2,16.5,0,78
11/20/2024,Sylhet,7,28.7,17.5,0.7,76
11/21/2024,Sylhet,11,27.8,19.6,0.3,80
11/22/2024,Sylhet,1,26.9,18.6,0.4,77
11/23/2024,Sylhet,1,27.1,17.7,0,79
11/24/2024,Sylhet,9,26.8,16.6,0,75
11/25/2024,Sylhet,1,27,16.6,0,73
11/26/2024,Sylhet,1,27.1,15.6,0,77
11/27/2024,Sylhet,16,27.8,15.3,0,75
11/28/2024,Sylhet,4,28.5,15.9,0,74
11/29/2024,Sylhet,0,29.2,18.6,0,77
11/30/2024,Sylhet,0,29.5,18.2,0,73
12/1/2024,Sylhet,8,27.8,19.2,0,78
12/2/2024,Sylhet,2,27.6,17.6,0,81
12/3/2024,Sylhet,1,27.2,15.6,0,79
12/4/2024,Sylhet,9,26,16.1,0,82
12/5/2024,Sylhet,2,25.6,15.8,0,80
12/6/2024,Sylhet,1,25.2,16.8,0.2,80
12/7/2024,Sylhet,4,25.1,15.2,0,79
12/8/2024,Sylhet,2,25.8,13.7,0,76
12/9/2024,Sylhet,3,25.8,13.3,0,72
12/10/2024,Sylhet,0,25.3,16.3,0,77
12/11/2024,Sylhet,2,24.6,14.5,0,80
12/12/2024,Sylhet,0,24.6,13.7,0,79
12/13/2024,Sylhet,2,24,12.9,0,81
12/14/2024,Sylhet,1,24.5,12,0,76
12/15/2024,Sylhet,2,26.5,11.4,0,76
12/16/2024,Sylhet,1,26.8,11.7,0,73
12/17/2024,Sylhet,1,27.8,12.9,0,72
12/18/2024,Sylhet,2,26.6,14.3,0,80
12/19/2024,Sylhet,1,27,14.5,0,81
12/20/2024,Sylhet,0,25.5,13.4,0,81
12/21/2024,Sylhet,0,22.7,14.7,0.9,84
12/22/2024,Sylhet,0,25.2,13.2,0,80
12/23/2024,Sylhet,0,26,12.9,0,71
12/24/2024,Sylhet,1,25.9,12.2,0,72
12/25/2024,Sylhet,1,25.1,12.7,0,73
12/26/2024,Sylhet,0,25.7,13,0,74
12/27/2024,Sylhet,1,26.3,13.7,0,76
12/28/2024,Sylhet,0,26.7,13,0,78
12/29/2024,Sylhet,0,25.3,14,0,76
12/30/2024,Sylhet,0,25,14.4,0,79
12/31/2024,Sylhet,0,25.2,14.2,0,79
1/1/2025,Sylhet,1,24.4,14.1,0,84
1/2/2025,Sylhet,0,24.7,13.5,0,85
1/3/2025,Sylhet,0,25.9,13.6,0,84
1/4/2025,Sylhet,0,27.1,13.9,0,75
1/5/2025,Sylhet,0,27.5,14,0,69
1/6/2025,Sylhet,3,27.6,14.4,0,73
1/7/2025,Sylhet,0,25.3,16.7,0.2,76
1/8/2025,Sylhet,0,23.2,14.5,0.4,85
1/9/2025,Sylhet,0,23.6,13.3,0,83
1/10/2025,Sylhet,0,24.3,12.5,0,79
1/11/2025,Sylhet,0,25.7,11.9,0,74
1/12/2025,Sylhet,0,26.7,13,0,69
1/13/2025,Sylhet,0,25.9,15.5,0,72
1/14/2025,Sylhet,0,26,13.8,0,74
1/15/2025,Sylhet,1,26.7,13.6,0,73
1/16/2025,Sylhet,0,27.1,13.9,0,72
1/17/2025,Sylhet,0,26.9,13.6,0,71
1/18/2025,Sylhet,0,26.1,13.5,0,74
1/19/2025,Sylhet,0,25.9,13.7,0,78
1/20/2025,Sylhet,0,24.8,14,0,79
1/21/2025,Sylhet,0,25,13.8,0,77
1/22/2025,Sylhet,0,25.5,14.8,0,79
1/23/2025,Sylhet,0,25.3,14.6,0,81
1/24/2025,Sylhet,0,23.8,13.3,0,79
1/25/2025,Sylhet,0,24.3,14,0,75
1/26/2025,Sylhet,1,24.5,12.8,0,73
1/27/2025,Sylhet,0,24.6,12.6,0,75
1/28/2025,Sylhet,0,24.5,13.3,0,75
1/29/2025,Sylhet,0,24.9,13.4,0,74
1/30/2025,Sylhet,0,25,13.6,4,77
1/31/2025,Sylhet,0,23.7,17.2,3.3,88
2/1/2025,Sylhet,0,25.8,17.7,0.2,81
2/2/2025,Sylhet,0,25.5,14.9,0.1,78
2/3/2025,Sylhet,0,26.1,14.2,0,74
2/4/2025,Sylhet,0,26.1,14.4,0,74
2/5/2025,Sylhet,0,26.2,14.5,0,75
2/6/2025,Sylhet,0,27.1,16.2,0,77
2/7/2025,Sylhet,0,25.2,14.2,0,75
2/8/2025,Sylhet,0,24.9,11.7,0,72
2/9/2025,Sylhet,0,24.7,11.6,0,73
2/10/2025,Sylhet,0,25.4,12.9,0,74
2/11/2025,Sylhet,0,26.2,14.4,0.1,76
2/12/2025,Sylhet,0,24.7,16.1,0.6,85
2/13/2025,Sylhet,0,26.1,16.9,2.6,85
2/14/2025,Sylhet,0,25.3,16.3,0.4,74
2/15/2025,Sylhet,0,26.3,12.7,0,63
2/16/2025,Sylhet,0,27,13.3,0,63
2/17/2025,Sylhet,0,28.5,14.8,4.6,66
2/18/2025,Sylhet,0,28.6,15.9,3.6,75
2/19/2025,Sylhet,0,28.2,16.2,1,74
2/20/2025,Sylhet,0,29.8,16.2,0,69
2/21/2025,Sylhet,0,29.5,16,0,67
2/22/2025,Sylhet,0,29.2,17,0.1,73
2/23/2025,Sylhet,0,27,16.7,5.7,80
2/24/2025,Sylhet,0,29.4,15.6,0,68
2/25/2025,Sylhet,0,29,15.6,0,61
2/26/2025,Sylhet,0,30.1,16.2,0,60
2/27/2025,Sylhet,0,30.1,16,0,66
2/28/2025,Sylhet,0,30,16.6,0,68
3/1/2025,Sylhet,0,30.3,17.5,0,73
3/2/2025,Sylhet,0,30.8,18,12.1,73
3/3/2025,Sylhet,0,31.1,18.4,0,65
3/4/2025,Sylhet,0,30,17.1,0,51
3/5/2025,Sylhet,0,29.6,15.7,0,51
3/6/2025,Sylhet,0,30.9,16.2,0,48
3/7/2025,Sylhet,0,29.2,15.1,0,54
3/8/2025,Sylhet,0,29.9,15,0,55
3/9/2025,Sylhet,0,31.8,17,0,50
3/10/2025,Sylhet,0,33.1,17,0,52
3/11/2025,Sylhet,0,30.2,17.1,0,63
3/12/2025,Sylhet,0,30.7,19.6,0.4,63
3/13/2025,Sylhet,0,32.7,19,2,72
3/14/2025,Sylhet,0,27,18.9,25.5,84
3/15/2025,Sylhet,0,29.4,19.6,12.7,86
3/16/2025,Sylhet,0,29.5,20.6,10.2,87
3/17/2025,Sylhet,0,31.7,19.2,0.2,80
3/18/2025,Sylhet,0,31.8,19.8,0,74
3/19/2025,Sylhet,0,31.6,19.3,0,69
3/20/2025,Sylhet,0,28.4,18.1,8.6,81
3/21/2025,Sylhet,0,24.9,18.9,1.5,92
3/22/2025,Sylhet,0,25.8,19.4,1.8,90
3/23/2025,Sylhet,0,29.8,18.1,0,75
3/24/2025,Sylhet,0,31.5,16.7,0,65
3/25/2025,Sylhet,0,32.4,16.8,0,63
3/26/2025,Sylhet,0,32.6,17.9,0,64
3/27/2025,Sylhet,0,32.7,18.3,0,64
3/28/2025,Sylhet,0,33.9,20.5,0,66
3/29/2025,Sylhet,0,34.5,22.4,0,68
3/30/2025,Sylhet,0,33.4,21.6,0.2,67
3/31/2025,Sylhet,0,32,20.8,0,70
4/1/2025,Sylhet,0,30.5,21.5,15,81
4/2/2025,Sylhet,0,32.1,21.2,2.9,79
4/3/2025,Sylhet,0,33.4,22.1,0.9,74
4/4/2025,Sylhet,0,32.7,22.1,0,76
4/5/2025,Sylhet,0,31.6,20.6,13.9,81
4/6/2025,Sylhet,0,29.9,21.2,10.7,81
4/7/2025,Sylhet,0,33.5,20.4,0,70
4/8/2025,Sylhet,0,33,21.4,0.2,72
4/9/2025,Sylhet,0,32.2,21.9,0.5,74
4/10/2025,Sylhet,0,33.1,22.2,0.1,71
4/11/2025,Sylhet,0,31.9,21.2,12.9,75
4/12/2025,Sylhet,0,30.9,21.7,1.1,79
4/13/2025,Sylhet,0,33,22.7,0,71
4/14/2025,Sylhet,0,33.8,22.8,0.1,69
4/15/2025,Sylhet,0,32.7,23.1,0.6,74
4/16/2025,Sylhet,0,31.1,21.6,18.6,83
4/17/2025,Sylhet,0,29.5,21.1,5.8,83
4/18/2025,Sylhet,0,29.3,21.6,0.7,82
4/19/2025,Sylhet,0,31,21.5,5.2,81
4/20/2025,Sylhet,0,30.4,22.4,2.6,82
4/21/2025,Sylhet,0,29.5,22.4,1.9,85
4/22/2025,Sylhet,0,28.7,22.8,37.6,92
4/23/2025,Sylhet,0,29.4,22.3,32.2,89
4/24/2025,Sylhet,0,31.9,23,13.7,87
4/25/2025,Sylhet,0,31.3,22.1,9.5,86
4/26/2025,Sylhet,0,30.3,21.9,12.6,86
4/27/2025,Sylhet,0,31.8,21.6,14.6,80
4/28/2025,Sylhet,0,30.1,21.3,49.1,83
4/29/2025,Sylhet,0,30.8,20.3,0.2,78
4/30/2025,Sylhet,0,32,21,1.3,69
5/1/2025,Sylhet,0,30.7,23,1.7,76
5/2/2025,Sylhet,1,31.5,21.8,0.2,75
5/3/2025,Sylhet,0,30.1,21,0.8,80
5/4/2025,Sylhet,0,31.7,21.8,6.6,79
5/5/2025,Sylhet,1,31.8,22.9,0.3,78
5/6/2025,Sylhet,0,31.5,22.6,0.7,82
5/7/2025,Sylhet,0,32,23,1.6,81
5/8/2025,Sylhet,0,31.9,23.4,12.8,80
5/9/2025,Sylhet,1,34.2,25.2,0.3,78
5/10/2025,Sylhet,0,34.7,24.9,0.2,77
5/11/2025,Sylhet,0,33.7,25.8,3.6,78
5/12/2025,Sylhet,0,31,23.8,16.6,80
5/13/2025,Sylhet,4,29.1,23.2,8.6,84
5/14/2025,Sylhet,0,31.7,23,29.1,82
5/15/2025,Sylhet,0,33.3,23.3,6.7,79
5/16/2025,Sylhet,0,31.7,23.5,1.8,84
5/17/2025,Sylhet,1,32.1,22.9,10.6,81
5/18/2025,Sylhet,0,31.7,22.9,38.2,82
5/19/2025,Sylhet,1,31.3,23.5,13.1,85
5/20/2025,Sylhet,0,26.5,23.2,40.9,95
5/21/2025,Sylhet,1,29.7,22.9,31.6,90
5/22/2025,Sylhet,0,29.9,22.9,39,89
5/23/2025,Sylhet,0,31.9,23.8,5.5,83
5/24/2025,Sylhet,0,32.1,24.2,9,84
5/25/2025,Sylhet,0,34.2,25.5,3.2,77
5/26/2025,Sylhet,0,32.8,25.1,3,82
5/27/2025,Sylhet,1,34.9,25,1.2,75
5/28/2025,Sylhet,0,33.7,25.8,9,75
5/29/2025,Sylhet,0,29.4,25.1,42.6,91
5/30/2025,Sylhet,0,27,24.9,125.2,93
5/31/2025,Sylhet,0,25.9,24.1,87.8,95
6/1/2025,Sylhet,0,28,24.5,65.3,96
6/2/2025,Sylhet,0,30.8,23.8,45.9,90
6/3/2025,Sylhet,0,29.1,22.6,12.3,88
6/4/2025,Sylhet,0,29.7,22.6,71.4,89
6/5/2025,Sylhet,2,31.1,23,34.4,87
6/6/2025,Sylhet,0,31.5,23.8,4.2,84
6/7/2025,Sylhet,0,32.6,24.7,1.8,82
6/8/2025,Sylhet,0,33.6,25.8,5.9,79
6/9/2025,Sylhet,0,34.2,26.3,0.5,78
6/10/2025,Sylhet,0,35,25.7,6.2,81
6/11/2025,Sylhet,0,34.7,25.1,0,80
6/12/2025,Sylhet,0,35.1,25.2,1.5,76
6/13/2025,Sylhet,1,35,26.3,7.7,78
6/14/2025,Sylhet,0,32.4,25.9,10.8,86
6/15/2025,Sylhet,1,32.8,25.3,31,87
6/16/2025,Sylhet,0,32.7,25,22.7,88
6/17/2025,Sylhet,0,31.7,25.3,33.9,88
6/18/2025,Sylhet,0,30,25.3,43.3,92
6/19/2025,Sylhet,0,32.4,24.8,20,87
6/20/2025,Sylhet,0,30.8,24.9,39.8,91
6/21/2025,Sylhet,0,29.9,25.3,26,91
6/22/2025,Sylhet,0,31.6,24.7,44.1,89
6/23/2025,Sylhet,0,32,24.5,24.7,91
6/24/2025,Sylhet,0,33,24.4,36.6,85
6/25/2025,Sylhet,1,34,25.6,28.6,82
6/26/2025,Sylhet,3,32.8,25.3,22.3,85
6/27/2025,Sylhet,2,32.1,24.6,33.2,87
6/28/2025,Sylhet,3,32.6,24.9,5.5,83
6/29/2025,Sylhet,0,33.8,25.4,8.2,82
6/30/2025,Sylhet,0,33.9,25.2,27.3,81
7/1/2025,Sylhet,0,33.4,25.5,18,83
7/2/2025,Sylhet,0,33.3,25.2,26.6,86
7/3/2025,Sylhet,2,32.7,25.8,31.4,84
7/4/2025,Sylhet,0,31.6,25.6,28.4,89
7/5/2025,Sylhet,0,32.4,25,37.2,88
7/6/2025,Sylhet,0,32.6,25.4,10.5,83
7/7/2025,Sylhet,1,32.1,25.6,2.9,85
7/8/2025,Sylhet,1,27.8,24.9,26.5,93
7/9/2025,Sylhet,2,27.5,24.4,41.3,95
7/10/2025,Sylhet,1,30.3,23.8,23.2,89
7/11/2025,Sylhet,0,34.1,24.6,12.8,79
7/12/2025,Sylhet,0,34.7,25.3,8.5,82
7/13/2025,Sylhet,0,35.5,26,14.1,80
7/14/2025,Sylhet,0,32.3,25.7,37.3,90
7/15/2025,Sylhet,0,31.5,25.5,19.7,85
7/16/2025,Sylhet,1,31.4,24.5,25.8,89
7/17/2025,Sylhet,1,31.6,24.7,37.6,88
7/18/2025,Sylhet,0,32.6,24.9,18,85
7/19/2025,Sylhet,0,32.6,25.1,23.8,87
7/20/2025,Sylhet,0,31,25.2,48.9,91
7/21/2025,Sylhet,0,33.8,25.8,1.1,82
7/22/2025,Sylhet,2,33.5,26.2,15.9,84
7/23/2025,Sylhet,0,35,25.7,6,82
7/24/2025,Sylhet,0,35.7,25.9,19.7,82
7/25/2025,Sylhet,0,35.5,26.3,12.4,83
7/26/2025,Sylhet,0,32.6,25.7,13.8,86
7/27/2025,Sylhet,4,31,25.6,30,91
7/28/2025,Sylhet,0,29.8,25.3,30.3,93
7/29/2025,Sylhet,0,33.2,24.7,21,86
7/30/2025,Sylhet,0,32.1,25.1,18.4,88
7/31/2025,Sylhet,0,31.4,24.6,24.1,90
8/1/2025,Sylhet,0,32,25.3,25.4,91
8/2/2025,Sylhet,0,30.5,25.4,54.1,93
8/3/2025,Sylhet,0,30.3,25,86.1,94
8/4/2025,Sylhet,4,29.1,24.6,72.4,94
8/5/2025,Sylhet,0,31.7,24.1,24.4,88
8/6/2025,Sylhet,0,30.3,25.1,29.3,90
8/7/2025,Sylhet,3,29.8,24.9,15,92
8/8/2025,Sylhet,0,29.3,25.3,26.5,90
8/9/2025,Sylhet,0,30.4,24.7,17.4,89
8/10/2025,Sylhet,2,31.4,25.2,23.2,89
8/11/2025,Sylhet,2,32.7,25.3,14,86
8/12/2025,Sylhet,3,31.8,25.4,12.7,88
8/13/2025,Sylhet,0,28,25.5,10.8,91
8/14/2025,Sylhet,0,31.7,24.9,11,88
8/15/2025,Sylhet,0,32.4,24.4,9.2,85
8/16/2025,Sylhet,1,34.4,25.1,6.2,80
8/17/2025,Sylhet,6,34.7,25.6,16.8,82
8/18/2025,Sylhet,0,33.9,25.6,12.7,83
8/19/2025,Sylhet,2,32.7,24.7,32.3,87
8/20/2025,Sylhet,7,31.3,24.5,42.1,89
8/21/2025,Sylhet,0,30.7,24.3,36.2,91
8/22/2025,Sylhet,0,30.4,24.5,27.6,93
8/23/2025,Sylhet,0,31.9,24.6,14.6,88
8/24/2025,Sylhet,2,31.2,24.8,10.4,87
8/25/2025,Sylhet,0,33.3,25,0.2,81
8/26/2025,Sylhet,0,33.7,25.3,9.4,82
8/27/2025,Sylhet,0,32.5,24.8,46.6,86
8/28/2025,Sylhet,5,30.6,24.3,46.8,90
8/29/2025,Sylhet,0,29.5,24.4,24.7,91
8/30/2025,Sylhet,0,32.3,24.6,15.6,87
8/31/2025,Sylhet,2,33.4,25.4,12.3,84
9/1/2025,Sylhet,1,36.9,26.3,0.2,75
9/2/2025,Sylhet,2,34.2,25,14.6,78
9/3/2025,Sylhet,3,34.1,25.2,21.8,83
9/4/2025,Sylhet,1,32.8,24.9,20.1,85
9/5/2025,Sylhet,0,32.6,24.5,12.8,85
9/6/2025,Sylhet,0,32.8,25,22.8,87
9/7/2025,Sylhet,1,32,24.7,11.4,88
9/8/2025,Sylhet,1,31.7,25.2,8.1,87
9/9/2025,Sylhet,2,31.8,25,6.4,88
9/10/2025,Sylhet,3,31.1,24.7,38.6,90
9/11/2025,Sylhet,2,31.5,24.6,34.1,91
9/12/2025,Sylhet,0,30.1,25,25.3,91
9/13/2025,Sylhet,0,30.1,24.5,59,92
9/14/2025,Sylhet,4,26.9,24.8,56.9,97
9/15/2025,Sylhet,4,28.4,24.1,11.5,94
9/16/2025,Sylhet,2,29.4,24.2,32.3,93
9/17/2025,Sylhet,0,31.1,24.2,33.2,89
9/18/2025,Sylhet,0,30.3,24.4,28.6,91
9/19/2025,Sylhet,1,32.2,25.4,9.5,87
9/20/2025,Sylhet,0,32.5,25.9,3.8,85
9/21/2025,Sylhet,8,34.1,25.7,5.8,84
9/22/2025,Sylhet,3,31.5,24.8,21.8,87
9/23/2025,Sylhet,6,33,24.8,6.8,83
9/24/2025,Sylhet,0,33.4,25.1,21.1,84
9/25/2025,Sylhet,0,35.5,25.4,2,82
9/26/2025,Sylhet,0,35.9,26.2,11.2,80
9/27/2025,Sylhet,0,33.2,25.3,20.4,84
9/28/2025,Sylhet,7,32.8,25.5,4.5,84
9/29/2025,Sylhet,4,32.7,25.5,0.4,84
9/30/2025,Sylhet,3,34.6,25.9,5.9,80
10/1/2025,Sylhet,0,28.9,24.5,30,92
10/2/2025,Sylhet,0,30.6,24,31.6,91
10/3/2025,Sylhet,0,30.8,24.4,1.9,86
10/4/2025,Sylhet,0,31.3,24.6,15.8,90
10/5/2025,Sylhet,5,30.6,23.7,27.1,91
10/6/2025,Sylhet,5,30.5,23.9,2.7,90
10/7/2025,Sylhet,0,30.9,24.2,16.7,89
10/8/2025,Sylhet,4,30.2,23.5,15.6,89
10/9/2025,Sylhet,7,30.3,24,10.5,90
10/10/2025,Sylhet,0,31.1,24.6,16.7,88
10/11/2025,Sylhet,0,28.8,23.3,28.6,90
10/12/2025,Sylhet,8,29.8,23,5.9,88
10/13/2025,Sylhet,6,31.2,23.5,0.2,83
10/14/2025,Sylhet,3,32.8,24.2,0,80
10/15/2025,Sylhet,2,32.7,23.4,0,83
10/16/2025,Sylhet,2,32.8,24.8,0.1,80
10/17/2025,Sylhet,0,32.7,24.1,0,80
10/18/2025,Sylhet,1,32.4,24.4,0,79
10/19/2025,Sylhet,0,32.5,23.8,0,77
10/20/2025,Sylhet,2,33.4,24,0,74
10/21/2025,Sylhet,5,33.1,23,0,77
10/22/2025,Sylhet,1,32.9,24,0,81
10/23/2025,Sylhet,10,31.9,24.4,0.3,83
10/24/2025,Sylhet,0,31.2,24.2,2.9,86
10/25/2025,Sylhet,0,31.4,22.8,0.1,80
10/26/2025,Sylhet,6,31.7,23.8,0,78
10/27/2025,Sylhet,7,32.7,23.8,0,72
10/28/2025,Sylhet,6,32.2,24,0.1,79
10/29/2025,Sylhet,5,31.3,24.3,0.5,81
10/30/2025,Sylhet,3,31.7,24.6,2.9,80
10/31/2025,Sylhet,0,31,24.6,8,83
